{
    "format_version": "1.21.110",
    "minecraft:item": {
        "description": {
            "identifier": "utilitycraft:compressed_coal_block_3",
            "menu_category": {
                "category": "construction"
            }
        },
        "components": {
            "minecraft:block_placer": {
                "block": "utilitycraft:compressed_coal_block_3"
            },
            "minecraft:fuel": {
                "duration": 16000000
            }
        }
    }
}