{
    "format_version": "1.20.80",
    "minecraft:block": {
        "description": {
            "identifier": "utilitycraft:conveyor_inclined",
            "menu_category": {
                "category": "construction"
            },
            "traits": {
                "minecraft:placement_direction": {
                    "enabled_states": [
                        "minecraft:cardinal_direction"
                    ]
                }
            }
        },
        "components": {
            "minecraft:geometry": "geometry.utilitycraft_conveyor_inclined",
            "minecraft:material_instances": {
                "*": {
                    "texture": "utilitycraft_conveyor_inclined",
                    "render_method": "alpha_test"
                }
            },
            "minecraft:tick": {
                "interval_range": [
                    1,
                    1
                ]
            },
            "minecraft:collision_box": {
                "origin": [
                    -8,
                    0,
                    -8
                ],
                "size": [
                    16,
                    3,
                    16
                ]
            },
            "minecraft:selection_box": {
                "origin": [
                    -8,
                    0,
                    -8
                ],
                "size": [
                    16,
                    3,
                    16
                ]
            },
            "minecraft:light_dampening": 0
        },
        "permutations": [
            {
                "condition": "q.block_state('minecraft:cardinal_direction') == 'north' ",
                "components": {
                    "minecraft:transformation": {
                        "rotation": [
                            0,
                            0,
                            0
                        ]
                    }
                }
            },
            {
                "condition": "q.block_state('minecraft:cardinal_direction') == 'south' ",
                "components": {
                    "minecraft:transformation": {
                        "rotation": [
                            0,
                            180,
                            0
                        ]
                    }
                }
            },
            {
                "condition": "q.block_state('minecraft:cardinal_direction') == 'east' ",
                "components": {
                    "minecraft:transformation": {
                        "rotation": [
                            0,
                            -90,
                            0
                        ]
                    }
                }
            },
            {
                "condition": "q.block_state('minecraft:cardinal_direction') == 'west' ",
                "components": {
                    "minecraft:transformation": {
                        "rotation": [
                            0,
                            90,
                            0
                        ]
                    }
                }
            }
        ]
    }
}