{
	"format_version": "1.10.0",
	"minecraft:client_entity": {
		"description": {
			"identifier": "utilitycraft:bomb",
			"materials": {
				"default": "entity_alphatest"
			},
			"textures": {
				"default": "textures/entity/bomb"
			},
			"geometry": {
				"default": "geometry.utilitycraft_explosives"
			},
			"render_controllers": [
				"controller.render.bomb"
			],
			"animations": {
				"flying": "animation.actor.billboard"
			},
			"scripts": {
				"animate": [
					"flying"
				]
			}
		}
	}
}