{
	"format_version": "1.10.0",
	"minecraft:client_entity": {
		"description": {
			"identifier": "utilitycraft:drill",
			"materials": {
				"default": "entity_alphatest"
			},
			"textures": {
				"default": "textures/entity/Drill"
			},
			"geometry": {
				"default": "geometry.utilitycraft_drill"
			},
			"render_controllers": [
				"controller.render.drill"
			],
			"spawn_egg": {
				"base_color": "#000000",
				"overlay_color": "#FFFFFF"
			},
			"animations": {
				"walk": "animation.drill.mining"
			},
			"scripts": {
				"animate": [
					{
						"walk": "query.modified_move_speed"
					}
				]
			}
		}
	}
}