{
	"format_version": "1.10.0",
	"minecraft:client_entity": {
		"description": {
			"identifier": "utilitycraft:mob_grinder_entity",
			"materials": {
				"default": "entity_alphatest"
			},
			"textures": {
				"default": "textures/entity/mob_grinder_entity"
			},
			"geometry": {
				"default": "geometry.utilitycraft_mob_grinder_entity"
			},
			"render_controllers": [
				"controller.render.mob_grinder_entity"
			],
			"spawn_egg": {
				"base_color": "#000000",
				"overlay_color": "#FFFFFF"
			},
			"animations": {
				"rotate": "animation.mob_grinder_entity.spin"
			},
			"scripts": {
				"animate": [
					{
						"rotate": "query.is_alive"
					}
				]
			}
		}
	}
}