{
	"format_version": "1.8.0",
	"minecraft:client_entity": {
		"description": {
			"identifier": "utilitycraft:tractor",
			"materials": {
				"default": "entity_alphatest"
			},
			"textures": {
				"default": "textures/entity/tractor"
			},
			"geometry": {
				"default": "geometry.utilitycraft_tractor"
			},
			"render_controllers": [
				"controller.render.tractor"
			],
			"spawn_egg": {
				"base_color": "#000000",
				"overlay_color": "#FFFFFF"
			},
			"animations": {
				"tractor_move": "animation.tractor.move"
			},
			"animation_controllers": [
				{
					"tractor_move": "controller.animation.tractor_move"
				}
			]
		}
	}
}