{
	"format_version": "1.10.0",
	"minecraft:client_entity": {
		"description": {
			"identifier": "utilitycraft:chorus_fruit",
			"materials": {
				"default": "entity_alphatest"
			},
			"textures": {
				"default": "textures/entity/chorus_flower"
			},
			"geometry": {
				"default": "geometry.utilitycraft_block_bonsai"
			},
			"render_controllers": [
				"controller.render.sugarcane"
			],
			"spawn_egg": {
				"base_color": "#000000",
				"overlay_color": "#FFFFFF"
			}
		}
	}
}