{
	"format_version": "1.10.0",
	"minecraft:client_entity": {
		"description": {
			"identifier": "utilitycraft:crimson_tree",
			"materials": {
				"default": "entity_alphatest"
			},
			"textures": {
				"default": "textures/entity/crimson_tree"
			},
			"geometry": {
				"default": "geometry.utilitycraft_nether_tree"
			},
			"render_controllers": [
				"controller.render.crimson_tree"
			],
			"spawn_egg": {
				"base_color": "#000000",
				"overlay_color": "#FFFFFF"
			}
		}
	}
}