{
	"format_version": "1.8.0",
	"minecraft:client_entity": {
		"description": {
			"identifier": "utilitycraft:kelp",
			"materials": {
				"default": "slime",
				"outer": "slime_outer"
			},
			"textures": {
				"default": "textures/entity/kelp"
			},
			"geometry": {
				"default": "geometry.utilitycraft_kelp",
				"armor": "geometry.utilitycraft_kelp_armor"
			},
			"render_controllers": [
				"controller.render.slime",
				"controller.render.slime_armor"
			],
			"spawn_egg": {
				"texture": "spawn_egg",
				"texture_index": 10
			}
		}
	}
}