{
	"format_version": "1.20.80",
	"minecraft:block": {
		"description": {
			"identifier": "utilitycraft:energy_cable",
			"menu_category": {
				"category": "construction"
			},
			"states": {
				"utilitycraft:up": [
					false,
					true
				],
				"utilitycraft:down": [
					false,
					true
				],
				"utilitycraft:north": [
					false,
					true
				],
				"utilitycraft:south": [
					false,
					true
				],
				"utilitycraft:east": [
					false,
					true
				],
				"utilitycraft:west": [
					false,
					true
				],
				"utilitycraft:verified": [
					false,
					true
				]
			}
		},
		"components": {
			"minecraft:geometry": {
				"identifier": "geometry.utilitycraft_energy_cable",
				"bone_visibility": {
					"up": "q.block_state('utilitycraft:up')",
					"down": "q.block_state('utilitycraft:down')",
					"north": "q.block_state('utilitycraft:north')",
					"south": "q.block_state('utilitycraft:south')",
					"east": "q.block_state('utilitycraft:east')",
					"west": "q.block_state('utilitycraft:west')"
				}
			},
			"minecraft:material_instances": {
				"*": {
					"texture": "utilitycraft_energy_cable",
					"render_method": "alpha_test"
				}
			},
			"minecraft:collision_box": {
				"origin": [
					0,
					0,
					0
				],
				"size": [
					0,
					0,
					0
				]
			},
			"minecraft:selection_box": {
				"origin": [
					-4,
					4,
					-4
				],
				"size": [
					8,
					8,
					8
				]
			},
			"minecraft:destructible_by_explosion": false,
			"tag:dorios:energy": {},
			"tag:dorios:isTube": {}
		}
	}
}