{
	"format_version": "1.16.0",
	"minecraft:entity": {
		"description": {
			"identifier": "utilitycraft:tractor",
			"is_spawnable": false,
			"is_summonable": true,
			"is_experimental": false
		},
		"component_groups": {
			"despawn": {
				"minecraft:instant_despawn": {}
			},
			"utilitycraft:hopper": {
				"minecraft:item_hopper": {}
			}
		},
		"components": {
			"minecraft:physics": {},
			"minecraft:rideable": {
				"seat_count": 1,
				"interact_text": "action.interact.ride.boat",
				"crouching_skip_interact": true,
				"pull_in_entities": true,
				"family_types": [
					"player"
				],
				"seats": [
					{
						"min_rider_count": 0,
						"max_rider_count": 1,
						"position": [
							0,
							0.5,
							-0.5
						]
					}
				]
			},
			"minecraft:movement.basic": {},
			"minecraft:inventory": {
				"inventory_size": 27,
				"container_type": "minecart_chest",
				"can_be_siphoned_from": false,
				"restrict_to_owner": false
			},
			"minecraft:jump.static": {},
			"minecraft:can_climb": {},
			"minecraft:movement": {
				"value": 0.1
			},
			"minecraft:nameable": {
				"allow_name_tag_renaming": false,
				"always_show": false
			},
			"minecraft:type_family": {
				"family": [
					"storage",
					"tractor"
				]
			},
			"minecraft:fire_immune": true,
			"minecraft:damage_sensor": {
				"triggers": {
					"cause": "all",
					"deals_damage": false
				}
			},
			"minecraft:health": {
				"max": 0,
				"min": 1,
				"value": 1
			},
			"minecraft:collision_box": {
				"height": 0.5,
				"width": 2
			},
			"minecraft:environment_sensor": {
				"triggers": [
					{
						"filters": {
							"all_of": [
								{
									"test": "rider_count",
									"subject": "self",
									"operator": "==",
									"value": 1
								}
							]
						},
						"event": "items"
					},
					{
						"filters": {
							"all_of": [
								{
									"test": "rider_count",
									"subject": "self",
									"operator": "==",
									"value": 1
								}
							]
						},
						"event": "function"
					}
				]
			},
			"minecraft:input_ground_controlled": {},
			"minecraft:custom_hit_test": {
				"hitboxes": [
					{
						"pivot": [
							0,
							1,
							0
						],
						"height": 2,
						"width": 4
					}
				]
			}
		},
		"events": {
			"despawn": {
				"add": {
					"component_groups": [
						"despawn"
					]
				}
			},
			"items": {
				"queue_command": {
					"command": "execute at @e[type=utilitycraft:tractor] run tp @e[type=item,r=4] ^ ^ ^1"
				}
			},
			"function": {
				"sequence": [
					{
						"queue_command": {
							"command": [
								"execute positioned ~~1~ run function harvester"
							]
						}
					},
					{
						"queue_command": {
							"command": [
								"execute positioned ~~~ run function tractor"
							]
						}
					},
					{
						"add": {
							"component_groups": [
								"utilitycraft:hopper"
							]
						}
					}
				]
			}
		}
	}
}