{
	"format_version": "1.20.80",
	"minecraft:block": {
		"description": {
			"identifier": "utilitycraft:mechanical_spawner",
			"menu_category": {
				"category": "construction"
			},
			"states": {
				"utilitycraft:spawnerTypes": [
					0,
					1,
					2,
					3,
					4,
					5,
					6,
					7,
					8,
					9,
					10,
					11,
					12,
					13,
					14,
					15
				],
				"utilitycraft:isOn": [
					true,
					false
				],
				"utilitycraft:speed": [
					0,
					1,
					2,
					3,
					4
				],
				"utilitycraft:quantity": [
					0,
					1,
					2,
					3,
					4
				]
			}
		},
		"components": {
			"utilitycraft:mech_spawner": {},
			"minecraft:geometry": "geometry.utilitycraft_mechanical_spawner",
			"minecraft:material_instances": {
				"*": {
					"texture": "utilitycraft_mechanical_spawner_empty",
					"render_method": "alpha_test"
				}
			},
			"minecraft:tick": {
				"interval_range": [
					500,
					700
				]
			}
		},
		"permutations": [
			{
				"condition": "q.block_state('utilitycraft:spawnerTypes') != 0",
				"components": {
					"utilitycraft:upgradeable": {},
					"utilitycraft:mech_spawner": {},
					"minecraft:material_instances": {
						"*": {
							"texture": "utilitycraft_mechanical_spawner",
							"render_method": "alpha_test"
						}
					}
				}
			},
			{
				"condition": "q.block_state('utilitycraft:speed') == 0 && q.block_state('utilitycraft:quantity') == 1",
				"components": {
					"minecraft:material_instances": {
						"*": {
							"texture": "utilitycraft_mechanical_spawner_quantity1",
							"render_method": "alpha_test"
						}
					}
				}
			},
			{
				"condition": "q.block_state('utilitycraft:speed') == 0 && q.block_state('utilitycraft:quantity') == 2",
				"components": {
					"minecraft:material_instances": {
						"*": {
							"texture": "utilitycraft_mechanical_spawner_quantity2",
							"render_method": "alpha_test"
						}
					}
				}
			},
			{
				"condition": "q.block_state('utilitycraft:speed') == 0 && q.block_state('utilitycraft:quantity') == 3",
				"components": {
					"minecraft:material_instances": {
						"*": {
							"texture": "utilitycraft_mechanical_spawner_quantity3",
							"render_method": "alpha_test"
						}
					}
				}
			},
			{
				"condition": "q.block_state('utilitycraft:speed') == 0 && q.block_state('utilitycraft:quantity') == 4",
				"components": {
					"minecraft:material_instances": {
						"*": {
							"texture": "utilitycraft_mechanical_spawner_quantity4",
							"render_method": "alpha_test"
						}
					}
				}
			},
			{
				"condition": "q.block_state('utilitycraft:speed') == 1 && q.block_state('utilitycraft:quantity') == 0",
				"components": {
					"minecraft:material_instances": {
						"*": {
							"texture": "utilitycraft_mechanical_spawner_speed1",
							"render_method": "alpha_test"
						}
					},
					"minecraft:tick": {
						"interval_range": [
							400,
							600
						]
					}
				}
			},
			{
				"condition": "q.block_state('utilitycraft:speed') == 1 && q.block_state('utilitycraft:quantity') == 1",
				"components": {
					"minecraft:material_instances": {
						"*": {
							"texture": "utilitycraft_mechanical_spawner_speed1_quantity1",
							"render_method": "alpha_test"
						}
					},
					"minecraft:tick": {
						"interval_range": [
							400,
							600
						]
					}
				}
			},
			{
				"condition": "q.block_state('utilitycraft:speed') == 1 && q.block_state('utilitycraft:quantity') == 2",
				"components": {
					"minecraft:material_instances": {
						"*": {
							"texture": "utilitycraft_mechanical_spawner_speed1_quantity2",
							"render_method": "alpha_test"
						}
					},
					"minecraft:tick": {
						"interval_range": [
							400,
							600
						]
					}
				}
			},
			{
				"condition": "q.block_state('utilitycraft:speed') == 1 && q.block_state('utilitycraft:quantity') == 3",
				"components": {
					"minecraft:material_instances": {
						"*": {
							"texture": "utilitycraft_mechanical_spawner_speed1_quantity3",
							"render_method": "alpha_test"
						}
					},
					"minecraft:tick": {
						"interval_range": [
							400,
							600
						]
					}
				}
			},
			{
				"condition": "q.block_state('utilitycraft:speed') == 1 && q.block_state('utilitycraft:quantity') == 4",
				"components": {
					"minecraft:material_instances": {
						"*": {
							"texture": "utilitycraft_mechanical_spawner_speed1_quantity4",
							"render_method": "alpha_test"
						}
					},
					"minecraft:tick": {
						"interval_range": [
							400,
							600
						]
					}
				}
			},
			{
				"condition": "q.block_state('utilitycraft:speed') == 2 && q.block_state('utilitycraft:quantity') == 0",
				"components": {
					"minecraft:material_instances": {
						"*": {
							"texture": "utilitycraft_mechanical_spawner_speed2",
							"render_method": "alpha_test"
						}
					},
					"minecraft:tick": {
						"interval_range": [
							300,
							500
						]
					}
				}
			},
			{
				"condition": "q.block_state('utilitycraft:speed') == 2 && q.block_state('utilitycraft:quantity') == 1",
				"components": {
					"minecraft:material_instances": {
						"*": {
							"texture": "utilitycraft_mechanical_spawner_speed2_quantity1",
							"render_method": "alpha_test"
						}
					},
					"minecraft:tick": {
						"interval_range": [
							300,
							500
						]
					}
				}
			},
			{
				"condition": "q.block_state('utilitycraft:speed') == 2 && q.block_state('utilitycraft:quantity') == 2",
				"components": {
					"minecraft:material_instances": {
						"*": {
							"texture": "utilitycraft_mechanical_spawner_speed2_quantity2",
							"render_method": "alpha_test"
						}
					},
					"minecraft:tick": {
						"interval_range": [
							300,
							500
						]
					}
				}
			},
			{
				"condition": "q.block_state('utilitycraft:speed') == 2 && q.block_state('utilitycraft:quantity') == 3",
				"components": {
					"minecraft:material_instances": {
						"*": {
							"texture": "utilitycraft_mechanical_spawner_speed2_quantity3",
							"render_method": "alpha_test"
						}
					},
					"minecraft:tick": {
						"interval_range": [
							300,
							500
						]
					}
				}
			},
			{
				"condition": "q.block_state('utilitycraft:speed') == 2 && q.block_state('utilitycraft:quantity') == 4",
				"components": {
					"minecraft:material_instances": {
						"*": {
							"texture": "utilitycraft_mechanical_spawner_speed2_quantity4",
							"render_method": "alpha_test"
						}
					},
					"minecraft:tick": {
						"interval_range": [
							300,
							500
						]
					}
				}
			},
			{
				"condition": "q.block_state('utilitycraft:speed') == 3 && q.block_state('utilitycraft:quantity') == 0",
				"components": {
					"minecraft:material_instances": {
						"*": {
							"texture": "utilitycraft_mechanical_spawner_speed3",
							"render_method": "alpha_test"
						}
					},
					"minecraft:tick": {
						"interval_range": [
							200,
							400
						]
					}
				}
			},
			{
				"condition": "q.block_state('utilitycraft:speed') == 3 && q.block_state('utilitycraft:quantity') == 1",
				"components": {
					"minecraft:material_instances": {
						"*": {
							"texture": "utilitycraft_mechanical_spawner_speed3_quantity1",
							"render_method": "alpha_test"
						}
					},
					"minecraft:tick": {
						"interval_range": [
							200,
							400
						]
					}
				}
			},
			{
				"condition": "q.block_state('utilitycraft:speed') == 3 && q.block_state('utilitycraft:quantity') == 2",
				"components": {
					"minecraft:material_instances": {
						"*": {
							"texture": "utilitycraft_mechanical_spawner_speed3_quantity2",
							"render_method": "alpha_test"
						}
					},
					"minecraft:tick": {
						"interval_range": [
							200,
							400
						]
					}
				}
			},
			{
				"condition": "q.block_state('utilitycraft:speed') == 3 && q.block_state('utilitycraft:quantity') == 3",
				"components": {
					"minecraft:material_instances": {
						"*": {
							"texture": "utilitycraft_mechanical_spawner_speed3_quantity3",
							"render_method": "alpha_test"
						}
					},
					"minecraft:tick": {
						"interval_range": [
							200,
							400
						]
					}
				}
			},
			{
				"condition": "q.block_state('utilitycraft:speed') == 3 && q.block_state('utilitycraft:quantity') == 4",
				"components": {
					"minecraft:material_instances": {
						"*": {
							"texture": "utilitycraft_mechanical_spawner_speed3_quantity4",
							"render_method": "alpha_test"
						}
					},
					"minecraft:tick": {
						"interval_range": [
							200,
							400
						]
					}
				}
			},
			{
				"condition": "q.block_state('utilitycraft:speed') == 4 && q.block_state('utilitycraft:quantity') == 0",
				"components": {
					"minecraft:material_instances": {
						"*": {
							"texture": "utilitycraft_mechanical_spawner_speed4",
							"render_method": "alpha_test"
						}
					},
					"minecraft:tick": {
						"interval_range": [
							100,
							300
						]
					}
				}
			},
			{
				"condition": "q.block_state('utilitycraft:speed') == 4 && q.block_state('utilitycraft:quantity') == 1",
				"components": {
					"minecraft:material_instances": {
						"*": {
							"texture": "utilitycraft_mechanical_spawner_speed4_quantity1",
							"render_method": "alpha_test"
						}
					},
					"minecraft:tick": {
						"interval_range": [
							100,
							300
						]
					}
				}
			},
			{
				"condition": "q.block_state('utilitycraft:speed') == 4 && q.block_state('utilitycraft:quantity') == 2",
				"components": {
					"minecraft:material_instances": {
						"*": {
							"texture": "utilitycraft_mechanical_spawner_speed4_quantity2",
							"render_method": "alpha_test"
						}
					},
					"minecraft:tick": {
						"interval_range": [
							100,
							300
						]
					}
				}
			},
			{
				"condition": "q.block_state('utilitycraft:speed') == 4 && q.block_state('utilitycraft:quantity') == 3",
				"components": {
					"minecraft:material_instances": {
						"*": {
							"texture": "utilitycraft_mechanical_spawner_speed4_quantity3",
							"render_method": "alpha_test"
						}
					},
					"minecraft:tick": {
						"interval_range": [
							100,
							300
						]
					}
				}
			},
			{
				"condition": "q.block_state('utilitycraft:speed') == 4 && q.block_state('utilitycraft:quantity') == 4",
				"components": {
					"minecraft:material_instances": {
						"*": {
							"texture": "utilitycraft_mechanical_spawner_speed4_quantity4",
							"render_method": "alpha_test"
						}
					},
					"minecraft:tick": {
						"interval_range": [
							100,
							300
						]
					}
				}
			}
		]
	}
}