{
  "namespace": "chest",
  "small_chest_screen": {
    "$temp_container_title|default": "$container_title",
    "modifications": [
      {
        "array_name": "variables",
        "operation": "insert_back",
        "value": [
          {
            "requires": "($temp_container_title = 'entity.utilitycraft:furnator.name')",
            "$screen_content": "furnator.utility_panel",
            "$screen_bg_content": "common.screen_background"
          }
        ]
      },
      {
        "array_name": "variables",
        "operation": "insert_back",
        "value": [
          {
            "requires": "($temp_container_title = 'entity.utilitycraft:magmator.name')",
            "$screen_content": "magmator.utility_panel",
            "$screen_bg_content": "common.screen_background"
          }
        ]
      },
      {
        "array_name": "variables",
        "operation": "insert_back",
        "value": [
          {
            "requires": "($temp_container_title = 'entity.utilitycraft:battery.name')",
            "$screen_content": "battery.utility_panel",
            "$screen_bg_content": "common.screen_background"
          }
        ]
      },
      {
        "array_name": "variables",
        "operation": "insert_back",
        "value": [
          {
            "requires": "($temp_container_title = 'entity.utilitycraft:thermo_generator.name')",
            "$screen_content": "magmator.utility_panel",
            "$screen_bg_content": "common.screen_background"
          }
        ]
      },
      {
        "array_name": "variables",
        "operation": "insert_back",
        "value": [
          {
            "requires": "($temp_container_title = 'entity.utilitycraft:solar_panel.name')",
            "$screen_content": "solar_panel.utility_panel",
            "$screen_bg_content": "common.screen_background"
          }
        ]
      },
      {
        "array_name": "variables",
        "operation": "insert_back",
        "value": [
          {
            "requires": "($temp_container_title = 'entity.utilitycraft:wind_turbine.name')",
            "$screen_content": "wind_turbine.utility_panel",
            "$screen_bg_content": "common.screen_background"
          }
        ]
      },
      {
        "array_name": "variables",
        "operation": "insert_back",
        "value": [
          {
            "requires": "($temp_container_title = 'entity.utilitycraft:infuser.name')",
            "$screen_content": "infuser.utility_panel",
            "$screen_bg_content": "common.screen_background"
          }
        ]
      },
      {
        "array_name": "variables",
        "operation": "insert_back",
        "value": [
          {
            "requires": "($temp_container_title = 'entity.utilitycraft:magmatic_chamber.name')",
            "$screen_content": "magmatic_chamber.utility_panel",
            "$screen_bg_content": "common.screen_background"
          }
        ]
      },
      {
        "array_name": "variables",
        "operation": "insert_back",
        "value": [
          {
            "requires": "($temp_container_title = 'entity.utilitycraft:harvester.name')",
            "$screen_content": "harvester.utility_panel",
            "$screen_bg_content": "common.screen_background"
          }
        ]
      },
      {
        "array_name": "variables",
        "operation": "insert_back",
        "value": [
          {
            "requires": "($temp_container_title = 'entity.utilitycraft:crusher.name')",
            "$screen_content": "simple_machine.utility_panel",
            "$screen_bg_content": "common.screen_background"
          }
        ]
      },
      {
        "array_name": "variables",
        "operation": "insert_back",
        "value": [
          {
            "requires": "($temp_container_title = 'entity.utilitycraft:electro_press.name')",
            "$screen_content": "simple_machine.utility_panel",
            "$screen_bg_content": "common.screen_background"
          }
        ]
      },
      {
        "array_name": "variables",
        "operation": "insert_back",
        "value": [
          {
            "requires": "($temp_container_title = 'entity.utilitycraft:incinerator.name')",
            "$screen_content": "simple_machine.utility_panel",
            "$screen_bg_content": "common.screen_background"
          }
        ]
      },
      {
        "array_name": "variables",
        "operation": "insert_back",
        "value": [
          {
            "requires": "($temp_container_title = 'entity.utilitycraft:autosieve.name')",
            "$screen_content": "autosieve.utility_panel",
            "$screen_bg_content": "common.screen_background"
          }
        ]
      },
      {
        "array_name": "variables",
        "operation": "insert_back",
        "value": [
          {
            "requires": "($temp_container_title = 'entity.utilitycraft:seed_synthesizer.name')",
            "$screen_content": "autosieve.utility_panel",
            "$screen_bg_content": "common.screen_background"
          }
        ]
      },
      {
        "array_name": "variables",
        "operation": "insert_back",
        "value": [
          {
            "requires": "($temp_container_title = 'entity.utilitycraft:block_breaker.name')",
            "$screen_content": "bar_only.utility_panel",
            "$screen_bg_content": "common.screen_background"
          }
        ]
      },
      {
        "array_name": "variables",
        "operation": "insert_back",
        "value": [
          {
            "requires": "($temp_container_title = 'entity.utilitycraft:block_placer.name')",
            "$screen_content": "one_slot.utility_panel",
            "$screen_bg_content": "common.screen_background"
          }
        ]
      },
      {
        "array_name": "variables",
        "operation": "insert_back",
        "value": [
          {
            "requires": "($temp_container_title = 'entity.utilitycraft:induction_anvil.name')",
            "$screen_content": "one_slot.utility_panel",
            "$screen_bg_content": "common.screen_background"
          }
        ]
      },
      {
        "array_name": "variables",
        "operation": "insert_back",
        "value": [
          {
            "requires": "($temp_container_title = 'entity.utilitycraft:assembler.name')",
            "$screen_content": "assembler.utility_panel",
            "$screen_bg_content": "common.screen_background"
          }
        ]
      },
      {
        "array_name": "variables",
        "operation": "insert_back",
        "value": [
          {
            "requires": "($temp_container_title = 'entity.utilitycraft:digitizer.name')",
            "$screen_content": "assembler.utility_panel",
            "$screen_bg_content": "common.screen_background"
          }
        ]
      }
    ]
  }
}