{
    "namespace": "machine1x1",
    "machine1x1_top": {
        "type": "collection_panel",
        "anchor_from": "center",
        "anchor_to": "center",
        "size": [
            162,
            72
        ],
        "offset": [
            -10,
            -40
        ],
        "collection_name": "container_items",
        "$item_collection_name": "container_items",
        "controls": [
            {
                "chest_label@chest.chest_label": {
                    "offset": [
                        10,
                        0
                    ]
                }
            },
            {
                "energy_bar@machineryCommon.vertical": {
                    "$is_energy": true,
                    "offset": [
                        -72,
                        0
                    ]
                }
            },
            {
                "item@common.container_item": {
                    "anchor_from": "top_middle",
                    "anchor_to": "top_middle",
                    "offset": [
                        10,
                        24
                    ],
                    "collection_index": 3
                }
            }
        ]
    },
    "machine1x1_slots": {
        "type": "image",
        "layer": 2,
        "size": [
            16,
            16
        ],
        "bindings": [
            {
                "binding_type": "collection_details",
                "binding_collection_name": "$item_collection_name"
            },
            {
                "binding_name": "#item_id_aux",
                "binding_type": "collection",
                "binding_collection_name": "$item_collection_name",
                "binding_condition": "none"
            },
            {
                "binding_type": "view",
                "source_property_name": "(not(#item_id_aux > 0))",
                "target_property_name": "#visible"
            }
        ]
    },
    "utility_panel": {
        "type": "panel",
        "controls": [
            {
                "container_gamepad_helpers@common.container_gamepad_helpers": {}
            },
            {
                "flying_item_renderer@common.flying_item_renderer": {
                    "layer": 14
                }
            },
            {
                "selected_item_details_factory@common.selected_item_details_factory": {}
            },
            {
                "item_lock_notification_factory@common.item_lock_notification_factory": {}
            },
            {
                "root_panel@common.root_panel": {
                    "layer": 1,
                    "controls": [
                        {
                            "common_panel@common.common_panel": {}
                        },
                        {
                            "chest_panel": {
                                "type": "panel",
                                "layer": 5,
                                "controls": [
                                    {
                                        "machine1x1_top@machine1x1.machine1x1_top": {}
                                    },
                                    {
                                        "inventory_panel_bottom_half_with_label@common.inventory_panel_bottom_half_with_label": {}
                                    },
                                    {
                                        "hotbar_grid@common.hotbar_grid_template": {}
                                    },
                                    {
                                        "inventory_take_progress_icon_button@common.inventory_take_progress_icon_button": {}
                                    }
                                ]
                            }
                        },
                        {
                            "inventory_selected_icon_button@common.inventory_selected_icon_button": {}
                        },
                        {
                            "gamepad_cursor@common.gamepad_cursor_button": {}
                        }
                    ]
                }
            }
        ]
    }
}