{
    "namespace": "magmator",
    "magmator_top": {
        "type": "collection_panel",
        "anchor_from": "center",
        "anchor_to": "center",
        "size": [
            162,
            72
        ],
        "offset": [
            -10,
            -40
        ],
        "collection_name": "container_items",
        "$item_collection_name": "container_items",
        "controls": [
            {
                "chest_label@chest.chest_label": {
                    "offset": [
                        10,
                        0
                    ]
                }
            },
            {
                "energy_bar@machineryCommon.vertical_single": {
                    "$is_energy": true,
                    "offset": [
                        54,
                        0
                    ]
                }
            },
            {
                "screen": {
                    "type": "image",
                    "texture": "textures/ui/screen_vertical_bg",
                    "anchor_from": "top_left",
                    "anchor_to": "top_left",
                    "size": [
                        52,
                        52
                    ],
                    "offset": [
                        11,
                        14
                    ],
                    "layer": 0
                }
            },
            {
                "item_label@machineryCommon.item_label": {
                    "collection_index": 1,
                    "anchor_from": "top_left",
                    "anchor_to": "top_left",
                    "$text_scale": 0.55,
                    "offset": [
                        14,
                        12
                    ]
                }
            },
            {
                "machinery@common_machines.machinery": {
                    "anchor_from": "top_middle",
                    "anchor_to": "top_middle",
                    "offset": [
                        38,
                        30
                    ],
                    "collection_index": 1
                }
            },
            {
                "liquid_bar@machineryCommon.vertical_single": {
                    "$collection_index": 2,
                    "$is_liquid": true,
                    "$has_bg": false,
                    "offset": [
                        0,
                        0
                    ]
                }
            }
        ]
    },
    "utility_panel": {
        "type": "panel",
        "controls": [
            {
                "container_gamepad_helpers@common.container_gamepad_helpers": {}
            },
            {
                "flying_item_renderer@common.flying_item_renderer": {
                    "layer": 14
                }
            },
            {
                "selected_item_details_factory@common.selected_item_details_factory": {}
            },
            {
                "item_lock_notification_factory@common.item_lock_notification_factory": {}
            },
            {
                "root_panel@common.root_panel": {
                    "layer": 1,
                    "controls": [
                        {
                            "common_panel@common.common_panel": {}
                        },
                        {
                            "chest_panel": {
                                "type": "panel",
                                "layer": 5,
                                "controls": [
                                    {
                                        "magmator_top@magmator.magmator_top": {}
                                    },
                                    {
                                        "inventory_panel_bottom_half_with_label@common.inventory_panel_bottom_half_with_label": {}
                                    },
                                    {
                                        "hotbar_grid@common.hotbar_grid_template": {}
                                    },
                                    {
                                        "inventory_take_progress_icon_button@common.inventory_take_progress_icon_button": {}
                                    }
                                ]
                            }
                        },
                        {
                            "inventory_selected_icon_button@common.inventory_selected_icon_button": {}
                        },
                        {
                            "gamepad_cursor@common.gamepad_cursor_button": {}
                        }
                    ]
                }
            }
        ]
    }
}