{
    "namespace": "server_form",
    "long_form": {
        "type": "panel",
        "size": [
            "100%",
            "100%"
        ],
        "controls": [
            {
                "default_long_form@common_dialogs.main_panel_no_buttons": {
                    "$title_panel": "common_dialogs.standard_title_label",
                    "$title_size": [
                        "100% - 14px",
                        10
                    ],
                    "size": [
                        225,
                        200
                    ],
                    "$text_name": "#title_text",
                    "$title_text_binding_type": "none",
                    "$child_control": "server_form.long_form_panel",
                    "layer": 2,
                    "bindings": [
                        {
                            "binding_name": "#title_text"
                        },
                        {
                            "binding_type": "view",
                            "source_property_name": "((#title_text - 'Xp Storage') = #title_text)",
                            "target_property_name": "#visible"
                        }
                    ]
                }
            },
            {
                "custom_from@common_dialogs.main_panel_no_buttons": {
                    "size": [
                        225,
                        200
                    ],
                    "$text_name": "#title_text",
                    "$title_text_binding_type": "none",
                    "$child_control": "server_form.custom_panel",
                    "layer": 2,
                    "bindings": [
                        {
                            "binding_name": "#title_text"
                        },
                        {
                            "binding_type": "view",
                            "source_property_name": "(#title_text = 'Xp Storage')",
                            "target_property_name": "#visible"
                        }
                    ]
                }
            }
        ]
    },
    "custom_panel": {
        "type": "stack_panel",
        "size": [
            "100%",
            "100%"
        ],
        "orientation": "vertical",
        "anchor_from": "top_left",
        "anchor_to": "top_left",
        "collection_name": "form_buttons",
        "controls": [
            {
                "top": {
                    "type": "panel",
                    "size": [
                        "100%",
                        "30%"
                    ],
                    "anchor_from": "top_left",
                    "anchor_to": "top_left",
                    "controls": [
                        {
                            "main_label": {
                                "type": "label",
                                "color": "$main_header_text_color",
                                "size": [
                                    "100%",
                                    "default"
                                ],
                                "text_alignment": "center",
                                "text": "#form_text"
                            }
                        }
                    ]
                }
            },
            {
                "bottom": {
                    "type": "stack_panel",
                    "size": [
                        "100%",
                        "70%"
                    ],
                    "orientation": "vertical",
                    "anchor_to": "center",
                    "anchor_from": "center",
                    "controls": [
                        {
                            "top_row": {
                                "type": "stack_panel",
                                "size": [
                                    "100%",
                                    "50%"
                                ],
                                "collection_name": "form_buttons",
                                "orientation": "horizontal",
                                "controls": [
                                    {
                                        "max_xp@server_form.test_button": {
                                            "collection_index": 2
                                        }
                                    },
                                    {
                                        "ten_xp@server_form.test_button": {
                                            "collection_index": 1
                                        }
                                    },
                                    {
                                        "one_xp@server_form.test_button": {
                                            "collection_index": 0
                                        }
                                    }
                                ]
                            }
                        },
                        {
                            "bottom_row": {
                                "type": "stack_panel",
                                "size": [
                                    "100%",
                                    "50%"
                                ],
                                "collection_name": "form_buttons",
                                "orientation": "horizontal",
                                "controls": [
                                    {
                                        "max_xp@server_form.test_button": {
                                            "collection_index": 3
                                        }
                                    },
                                    {
                                        "ten_xp@server_form.test_button": {
                                            "collection_index": 4
                                        }
                                    },
                                    {
                                        "one_xp@server_form.test_button": {
                                            "collection_index": 5
                                        }
                                    }
                                ]
                            }
                        }
                    ]
                }
            }
        ]
    },
    "test_button": {
        "$padding|default": [
            "fill",
            32
        ],
        "$button_size|default": [
            32,
            32
        ],
        "type": "panel",
        "size": "$padding",
        "controls": [
            {
                "panel_name": {
                    "type": "panel",
                    "size": "$button_size",
                    "bindings": [
                        {
                            "binding_type": "view",
                            "source_control_name": "image",
                            "resolve_sibling_scope": true,
                            "source_property_name": "(not (#texture = ''))",
                            "target_property_name": "#visible"
                        }
                    ],
                    "controls": [
                        {
                            "image": {
                                "type": "image",
                                "layer": 2,
                                "size": [
                                    32,
                                    32
                                ],
                                "offset": [
                                    -2,
                                    0
                                ],
                                "bindings": [
                                    {
                                        "binding_name": "#form_button_texture",
                                        "binding_name_override": "#texture",
                                        "binding_type": "collection",
                                        "binding_collection_name": "form_buttons"
                                    },
                                    {
                                        "binding_name": "#form_button_texture_file_system",
                                        "binding_name_override": "#texture_file_system",
                                        "binding_type": "collection",
                                        "binding_collection_name": "form_buttons"
                                    },
                                    {
                                        "binding_type": "view",
                                        "source_property_name": "(not ((#texture = '') or (#texture = 'loading')))",
                                        "target_property_name": "#visible"
                                    }
                                ]
                            }
                        }
                    ]
                }
            },
            {
                "form_button@common_buttons.light_text_button": {
                    "$pressed_button_name": "button.form_button_click",
                    "anchor_from": "center",
                    "anchor_to": "center",
                    "size": "$button_size",
                    "$button_text": "#form_button_text",
                    "$button_text_binding_type": "collection",
                    "$button_text_grid_collection_name": "form_buttons",
                    "$button_text_max_size": [
                        "100%",
                        20
                    ],
                    "bindings": [
                        {
                            "binding_type": "collection_details",
                            "binding_collection_name": "form_buttons"
                        }
                    ]
                }
            }
        ]
    }
}