{
	"format_version": "1.12.0",
	"minecraft:geometry": [
		{
			"description": {
				"identifier": "geometry.utilitycraft_big_torch",
				"texture_width": 8,
				"texture_height": 8,
				"visible_bounds_width": 2,
				"visible_bounds_height": 2.5,
				"visible_bounds_offset": [
					0,
					0.75,
					0
				]
			},
			"bones": [
				{
					"name": "bb_main",
					"pivot": [
						0,
						0,
						0
					],
					"cubes": [
						{
							"origin": [
								-2,
								0,
								-2
							],
							"size": [
								4,
								16,
								4
							],
							"uv": {
								"north": {
									"uv": [
										0,
										0
									],
									"uv_size": [
										2,
										8
									]
								},
								"east": {
									"uv": [
										0,
										0
									],
									"uv_size": [
										2,
										8
									]
								},
								"south": {
									"uv": [
										0,
										0
									],
									"uv_size": [
										2,
										8
									]
								},
								"west": {
									"uv": [
										0,
										0
									],
									"uv_size": [
										2,
										8
									]
								},
								"up": {
									"uv": [
										2,
										0
									],
									"uv_size": [
										2,
										2
									]
								},
								"down": {
									"uv": [
										2,
										4
									],
									"uv_size": [
										2,
										-2
									]
								}
							}
						}
					]
				}
			]
		}
	]
}