{
	"format_version": "1.12.0",
	"minecraft:geometry": [
		{
			"description": {
				"identifier": "geometry.utilitycraft_bonsai",
				"texture_width": 64,
				"texture_height": 64,
				"visible_bounds_width": 2,
				"visible_bounds_height": 1.5,
				"visible_bounds_offset": [
					0,
					0.25,
					0
				]
			},
			"bones": [
				{
					"name": "bb_main",
					"pivot": [
						0,
						0,
						0
					],
					"cubes": [
						{
							"origin": [
								4,
								0,
								4
							],
							"size": [
								3,
								1,
								3
							],
							"uv": {
								"north": {
									"uv": [
										24,
										10
									],
									"uv_size": [
										3,
										1
									]
								},
								"east": {
									"uv": [
										24,
										11
									],
									"uv_size": [
										3,
										1
									]
								},
								"south": {
									"uv": [
										9,
										26
									],
									"uv_size": [
										3,
										1
									]
								},
								"west": {
									"uv": [
										26,
										12
									],
									"uv_size": [
										3,
										1
									]
								},
								"up": {
									"uv": [
										16,
										24
									],
									"uv_size": [
										3,
										3
									]
								},
								"down": {
									"uv": [
										19,
										27
									],
									"uv_size": [
										3,
										-3
									]
								}
							}
						}
					]
				},
				{
					"name": "bonsai",
					"pivot": [
						0,
						0,
						0
					],
					"cubes": [
						{
							"origin": [
								4,
								0,
								4
							],
							"size": [
								3,
								1,
								3
							],
							"uv": {
								"north": {
									"uv": [
										24,
										10
									],
									"uv_size": [
										3,
										1
									]
								},
								"east": {
									"uv": [
										24,
										11
									],
									"uv_size": [
										3,
										1
									]
								},
								"south": {
									"uv": [
										9,
										26
									],
									"uv_size": [
										3,
										1
									]
								},
								"west": {
									"uv": [
										26,
										12
									],
									"uv_size": [
										3,
										1
									]
								},
								"up": {
									"uv": [
										16,
										24
									],
									"uv_size": [
										3,
										3
									]
								},
								"down": {
									"uv": [
										19,
										27
									],
									"uv_size": [
										3,
										-3
									]
								}
							}
						},
						{
							"origin": [
								-7,
								2,
								-7
							],
							"size": [
								14,
								2,
								1
							],
							"uv": {
								"north": {
									"uv": [
										12,
										12
									],
									"uv_size": [
										14,
										2
									]
								},
								"east": {
									"uv": [
										19,
										27
									],
									"uv_size": [
										1,
										2
									]
								},
								"south": {
									"uv": [
										12,
										14
									],
									"uv_size": [
										14,
										2
									]
								},
								"west": {
									"uv": [
										20,
										27
									],
									"uv_size": [
										1,
										2
									]
								},
								"up": {
									"uv": [
										24,
										2
									],
									"uv_size": [
										14,
										1
									]
								},
								"down": {
									"uv": [
										24,
										4
									],
									"uv_size": [
										14,
										-1
									]
								}
							}
						},
						{
							"origin": [
								-7,
								2,
								-6
							],
							"size": [
								1,
								2,
								12
							],
							"uv": {
								"north": {
									"uv": [
										27,
										20
									],
									"uv_size": [
										1,
										2
									]
								},
								"east": {
									"uv": [
										12,
										20
									],
									"uv_size": [
										12,
										2
									]
								},
								"south": {
									"uv": [
										21,
										27
									],
									"uv_size": [
										1,
										2
									]
								},
								"west": {
									"uv": [
										12,
										22
									],
									"uv_size": [
										12,
										2
									]
								},
								"up": {
									"uv": [
										12,
										24
									],
									"uv_size": [
										1,
										12
									]
								},
								"down": {
									"uv": [
										13,
										36
									],
									"uv_size": [
										1,
										-12
									]
								}
							}
						},
						{
							"origin": [
								6,
								2,
								-6
							],
							"size": [
								1,
								2,
								12
							],
							"uv": {
								"north": {
									"uv": [
										22,
										27
									],
									"uv_size": [
										1,
										2
									]
								},
								"east": {
									"uv": [
										0,
										24
									],
									"uv_size": [
										12,
										2
									]
								},
								"south": {
									"uv": [
										23,
										27
									],
									"uv_size": [
										1,
										2
									]
								},
								"west": {
									"uv": [
										24,
										0
									],
									"uv_size": [
										12,
										2
									]
								},
								"up": {
									"uv": [
										14,
										24
									],
									"uv_size": [
										1,
										12
									]
								},
								"down": {
									"uv": [
										15,
										36
									],
									"uv_size": [
										1,
										-12
									]
								}
							}
						},
						{
							"origin": [
								-7,
								2,
								6
							],
							"size": [
								14,
								2,
								1
							],
							"uv": {
								"north": {
									"uv": [
										12,
										16
									],
									"uv_size": [
										14,
										2
									]
								},
								"east": {
									"uv": [
										24,
										27
									],
									"uv_size": [
										1,
										2
									]
								},
								"south": {
									"uv": [
										12,
										18
									],
									"uv_size": [
										14,
										2
									]
								},
								"west": {
									"uv": [
										25,
										27
									],
									"uv_size": [
										1,
										2
									]
								},
								"up": {
									"uv": [
										24,
										4
									],
									"uv_size": [
										14,
										1
									]
								},
								"down": {
									"uv": [
										24,
										6
									],
									"uv_size": [
										14,
										-1
									]
								}
							}
						},
						{
							"origin": [
								-6,
								1,
								-6
							],
							"size": [
								12,
								1,
								12
							],
							"uv": {
								"north": {
									"uv": [
										24,
										6
									],
									"uv_size": [
										12,
										1
									]
								},
								"east": {
									"uv": [
										24,
										7
									],
									"uv_size": [
										12,
										1
									]
								},
								"south": {
									"uv": [
										24,
										8
									],
									"uv_size": [
										12,
										1
									]
								},
								"west": {
									"uv": [
										24,
										9
									],
									"uv_size": [
										12,
										1
									]
								},
								"up": {
									"uv": [
										0,
										0
									],
									"uv_size": [
										12,
										12
									]
								},
								"down": {
									"uv": [
										0,
										24
									],
									"uv_size": [
										12,
										-12
									]
								}
							}
						},
						{
							"origin": [
								-7,
								0,
								4
							],
							"size": [
								3,
								1,
								3
							],
							"uv": {
								"north": {
									"uv": [
										26,
										13
									],
									"uv_size": [
										3,
										1
									]
								},
								"east": {
									"uv": [
										26,
										14
									],
									"uv_size": [
										3,
										1
									]
								},
								"south": {
									"uv": [
										26,
										15
									],
									"uv_size": [
										3,
										1
									]
								},
								"west": {
									"uv": [
										26,
										16
									],
									"uv_size": [
										3,
										1
									]
								},
								"up": {
									"uv": [
										24,
										20
									],
									"uv_size": [
										3,
										3
									]
								},
								"down": {
									"uv": [
										22,
										27
									],
									"uv_size": [
										3,
										-3
									]
								}
							}
						},
						{
							"origin": [
								4,
								0,
								-7
							],
							"size": [
								3,
								1,
								3
							],
							"uv": {
								"north": {
									"uv": [
										26,
										17
									],
									"uv_size": [
										3,
										1
									]
								},
								"east": {
									"uv": [
										26,
										18
									],
									"uv_size": [
										3,
										1
									]
								},
								"south": {
									"uv": [
										26,
										19
									],
									"uv_size": [
										3,
										1
									]
								},
								"west": {
									"uv": [
										25,
										26
									],
									"uv_size": [
										3,
										1
									]
								},
								"up": {
									"uv": [
										25,
										23
									],
									"uv_size": [
										3,
										3
									]
								},
								"down": {
									"uv": [
										0,
										29
									],
									"uv_size": [
										3,
										-3
									]
								}
							}
						},
						{
							"origin": [
								-7,
								0,
								-7
							],
							"size": [
								3,
								1,
								3
							],
							"uv": {
								"north": {
									"uv": [
										9,
										27
									],
									"uv_size": [
										3,
										1
									]
								},
								"east": {
									"uv": [
										27,
										10
									],
									"uv_size": [
										3,
										1
									]
								},
								"south": {
									"uv": [
										27,
										11
									],
									"uv_size": [
										3,
										1
									]
								},
								"west": {
									"uv": [
										16,
										27
									],
									"uv_size": [
										3,
										1
									]
								},
								"up": {
									"uv": [
										3,
										26
									],
									"uv_size": [
										3,
										3
									]
								},
								"down": {
									"uv": [
										6,
										29
									],
									"uv_size": [
										3,
										-3
									]
								}
							}
						},
						{
							"origin": [
								-6,
								2,
								-6
							],
							"size": [
								12,
								1,
								12
							],
							"uv": {
								"up": {
									"uv": [
										12,
										0
									],
									"uv_size": [
										12,
										12
									]
								}
							}
						}
					]
				}
			]
		}
	]
}