{
	"format_version": "1.12.0",
	"minecraft:geometry": [
		{
			"description": {
				"identifier": "geometry.utilitycraft_chunk_loader",
				"texture_width": 16,
				"texture_height": 16,
				"visible_bounds_width": 2,
				"visible_bounds_height": 2.5,
				"visible_bounds_offset": [
					0,
					0.75,
					0
				]
			},
			"bones": [
				{
					"name": "bone",
					"pivot": [
						0,
						0,
						0
					],
					"cubes": [
						{
							"origin": [
								-8,
								0,
								-8
							],
							"size": [
								16,
								6,
								16
							],
							"uv": {
								"north": {
									"uv": [
										4,
										0
									],
									"uv_size": [
										4,
										6
									]
								},
								"east": {
									"uv": [
										4,
										0
									],
									"uv_size": [
										4,
										6
									]
								},
								"south": {
									"uv": [
										4,
										0
									],
									"uv_size": [
										4,
										6
									]
								},
								"west": {
									"uv": [
										4,
										0
									],
									"uv_size": [
										4,
										6
									]
								},
								"up": {
									"uv": [
										4,
										16
									],
									"uv_size": [
										-4,
										-16
									]
								},
								"down": {
									"uv": [
										8,
										12
									],
									"uv_size": [
										-4,
										-7
									]
								}
							}
						},
						{
							"origin": [
								-2,
								8,
								-2
							],
							"size": [
								4,
								4,
								4
							],
							"uv": {
								"north": {
									"uv": [
										8,
										0
									],
									"uv_size": [
										4,
										16
									]
								},
								"east": {
									"uv": [
										8,
										0
									],
									"uv_size": [
										4,
										16
									]
								},
								"south": {
									"uv": [
										8,
										0
									],
									"uv_size": [
										4,
										16
									]
								},
								"west": {
									"uv": [
										8,
										0
									],
									"uv_size": [
										4,
										16
									]
								},
								"up": {
									"uv": [
										12,
										16
									],
									"uv_size": [
										-4,
										-16
									]
								},
								"down": {
									"uv": [
										12,
										16
									],
									"uv_size": [
										-4,
										-16
									]
								}
							}
						},
						{
							"origin": [
								-3,
								6,
								-3
							],
							"size": [
								6,
								2,
								6
							],
							"uv": {
								"north": {
									"uv": [
										4,
										5
									],
									"uv_size": [
										2.5,
										3.75
									]
								},
								"east": {
									"uv": [
										4,
										5
									],
									"uv_size": [
										2.5,
										3.75
									]
								},
								"south": {
									"uv": [
										4,
										5
									],
									"uv_size": [
										2.5,
										3.75
									]
								},
								"west": {
									"uv": [
										4,
										5
									],
									"uv_size": [
										2.5,
										3.75
									]
								},
								"up": {
									"uv": [
										6.75,
										12
									],
									"uv_size": [
										-2.75,
										-7
									]
								},
								"down": {
									"uv": [
										8.25,
										10
									],
									"uv_size": [
										-4.25,
										-5.25
									]
								}
							}
						},
						{
							"origin": [
								-4,
								6,
								-4
							],
							"size": [
								8,
								8,
								8
							],
							"uv": {
								"north": {
									"uv": [
										12,
										0
									],
									"uv_size": [
										4,
										16
									]
								},
								"east": {
									"uv": [
										12,
										0
									],
									"uv_size": [
										4,
										16
									]
								},
								"south": {
									"uv": [
										12,
										0
									],
									"uv_size": [
										4,
										16
									]
								},
								"west": {
									"uv": [
										12,
										0
									],
									"uv_size": [
										4,
										16
									]
								},
								"up": {
									"uv": [
										16,
										16
									],
									"uv_size": [
										-4,
										-16
									]
								}
							}
						}
					]
				}
			]
		}
	]
}