{
	"format_version": "1.12.0",
	"minecraft:geometry": [
		{
			"description": {
				"identifier": "geometry.utilitycraft_cobble_gen_up",
				"texture_width": 64,
				"texture_height": 64,
				"visible_bounds_width": 2,
				"visible_bounds_height": 2.5,
				"visible_bounds_offset": [0, 0.75, 0]
			},
			"bones": [
				{
					"name": "bb_main",
					"pivot": [0, 0, 0],
					"cubes": [
						{
							"origin": [-2, 14, -15],
							"size": [4, 4, 2],
							"pivot": [0, 9, -7],
							"rotation": [-90, 0, 0],
							"uv": {
								"north": {"uv": [17, 4], "uv_size": [4, 4]},
								"east": {"uv": [21, 4], "uv_size": [0, 4]},
								"south": {"uv": [21, 4], "uv_size": [2, 4]},
								"west": {"uv": [21, 4], "uv_size": [2, 4]},
								"up": {"uv": [27, 8], "uv_size": [-4, -2]},
								"down": {"uv": [25, 8], "uv_size": [-2, -4]}
							}
						}
					]
				},
				{
					"name": "Gen",
					"pivot": [0, 0, 0],
					"cubes": [
						{
							"origin": [-7, 12, -7],
							"size": [14, 4, 14],
							"uv": {
								"north": {"uv": [28, 4], "uv_size": [-14, -4]},
								"east": {"uv": [28, 4], "uv_size": [-14, -4]},
								"south": {"uv": [28, 4], "uv_size": [-14, -4]},
								"west": {"uv": [28, 4], "uv_size": [-14, -4]},
								"up": {"uv": [0, 0], "uv_size": [14, 14]},
								"down": {"uv": [0, 0], "uv_size": [14, 14]}
							}
						},
						{
							"origin": [-7, 0, -7],
							"size": [14, 4, 14],
							"uv": {
								"north": {"uv": [28, 4], "uv_size": [-14, -4]},
								"east": {"uv": [28, 4], "uv_size": [-14, -4]},
								"south": {"uv": [28, 4], "uv_size": [-14, -4]},
								"west": {"uv": [28, 4], "uv_size": [-14, -4]},
								"up": {"uv": [0, 14], "uv_size": [14, -14]},
								"down": {"uv": [0, 14], "uv_size": [14, -14]}
							}
						},
						{
							"origin": [-7, 4, -7],
							"size": [14, 8, 14],
							"uv": {
								"north": {"uv": [22, 30], "uv_size": [14, 8]},
								"east": {"uv": [36, 0], "uv_size": [14, 8]},
								"south": {"uv": [8, 36], "uv_size": [14, 8]},
								"west": {"uv": [36, 8], "uv_size": [14, 8]},
								"up": {"uv": [0, 0], "uv_size": [0, 0]}
							}
						},
						{
							"origin": [-2, 4, -6],
							"size": [4, 5, 12],
							"uv": {
								"north": {"uv": [0, 52], "uv_size": [4, 5]},
								"south": {"uv": [4, 52], "uv_size": [4, 5]},
								"up": {"uv": [14, 48], "uv_size": [4, 12]}
							}
						},
						{
							"origin": [-6, 4, -6],
							"size": [4, 5, 12],
							"uv": {
								"north": {"uv": [8, 52], "uv_size": [4, 5]},
								"east": {"uv": [36, 34], "uv_size": [12, 5]},
								"south": {"uv": [38, 52], "uv_size": [4, 5]},
								"west": {"uv": [22, 38], "uv_size": [12, 5]},
								"up": {"uv": [22, 48], "uv_size": [4, 12]}
							}
						},
						{
							"origin": [2, 4, -6],
							"size": [4, 5, 12],
							"uv": {
								"north": {"uv": [42, 52], "uv_size": [4, 5]},
								"east": {"uv": [34, 39], "uv_size": [12, 5]},
								"south": {"uv": [46, 52], "uv_size": [4, 5]},
								"west": {"uv": [42, 24], "uv_size": [12, 5]},
								"up": {"uv": [30, 48], "uv_size": [4, 12]}
							}
						},
						{
							"origin": [-8, 0, -8],
							"size": [4, 4, 4],
							"uv": {
								"north": {"uv": [58, 0], "uv_size": [4, 4]},
								"east": {"uv": [58, 0], "uv_size": [4, 4]},
								"south": {"uv": [58, 0], "uv_size": [4, 4]},
								"west": {"uv": [58, 0], "uv_size": [4, 4]},
								"up": {"uv": [62, 4], "uv_size": [-4, -4]},
								"down": {"uv": [62, 4], "uv_size": [-4, -4]}
							}
						},
						{
							"origin": [4, 0, -8],
							"size": [4, 4, 4],
							"uv": {
								"north": {"uv": [58, 0], "uv_size": [4, 4]},
								"east": {"uv": [58, 0], "uv_size": [4, 4]},
								"south": {"uv": [58, 0], "uv_size": [4, 4]},
								"west": {"uv": [58, 0], "uv_size": [4, 4]},
								"up": {"uv": [62, 4], "uv_size": [-4, -4]},
								"down": {"uv": [62, 4], "uv_size": [-4, -4]}
							}
						},
						{
							"origin": [-8, 0, 4],
							"size": [4, 4, 4],
							"uv": {
								"north": {"uv": [58, 0], "uv_size": [4, 4]},
								"east": {"uv": [58, 0], "uv_size": [4, 4]},
								"south": {"uv": [58, 0], "uv_size": [4, 4]},
								"west": {"uv": [58, 0], "uv_size": [4, 4]},
								"up": {"uv": [62, 4], "uv_size": [-4, -4]},
								"down": {"uv": [62, 4], "uv_size": [-4, -4]}
							}
						},
						{
							"origin": [4, 0, 4],
							"size": [4, 4, 4],
							"uv": {
								"north": {"uv": [58, 0], "uv_size": [4, 4]},
								"east": {"uv": [58, 0], "uv_size": [4, 4]},
								"south": {"uv": [58, 0], "uv_size": [4, 4]},
								"west": {"uv": [58, 0], "uv_size": [4, 4]},
								"up": {"uv": [62, 4], "uv_size": [-4, -4]},
								"down": {"uv": [62, 4], "uv_size": [-4, -4]}
							}
						},
						{
							"origin": [4, 12, -8],
							"size": [4, 4, 4],
							"uv": {
								"north": {"uv": [58, 0], "uv_size": [4, 4]},
								"east": {"uv": [58, 0], "uv_size": [4, 4]},
								"south": {"uv": [58, 0], "uv_size": [4, 4]},
								"west": {"uv": [58, 0], "uv_size": [4, 4]},
								"up": {"uv": [62, 4], "uv_size": [-4, -4]},
								"down": {"uv": [62, 4], "uv_size": [-4, -4]}
							}
						},
						{
							"origin": [-8, 12, -8],
							"size": [4, 4, 4],
							"uv": {
								"north": {"uv": [58, 0], "uv_size": [4, 4]},
								"east": {"uv": [58, 0], "uv_size": [4, 4]},
								"south": {"uv": [58, 0], "uv_size": [4, 4]},
								"west": {"uv": [58, 0], "uv_size": [4, 4]},
								"up": {"uv": [62, 4], "uv_size": [-4, -4]},
								"down": {"uv": [62, 4], "uv_size": [-4, -4]}
							}
						},
						{
							"origin": [-8, 12, 4],
							"size": [4, 4, 4],
							"uv": {
								"north": {"uv": [58, 0], "uv_size": [4, 4]},
								"east": {"uv": [58, 0], "uv_size": [4, 4]},
								"south": {"uv": [58, 0], "uv_size": [4, 4]},
								"west": {"uv": [58, 0], "uv_size": [4, 4]},
								"up": {"uv": [62, 4], "uv_size": [-4, -4]},
								"down": {"uv": [62, 4], "uv_size": [-4, -4]}
							}
						},
						{
							"origin": [4, 12, 4],
							"size": [4, 4, 4],
							"uv": {
								"north": {"uv": [58, 0], "uv_size": [4, 4]},
								"east": {"uv": [58, 0], "uv_size": [4, 4]},
								"south": {"uv": [58, 0], "uv_size": [4, 4]},
								"west": {"uv": [58, 0], "uv_size": [4, 4]},
								"up": {"uv": [62, 4], "uv_size": [-4, -4]},
								"down": {"uv": [62, 4], "uv_size": [-4, -4]}
							}
						}
					]
				}
			]
		}
	]
}