{
	"format_version": "1.12.0",
	"minecraft:geometry": [
		{
			"description": {
				"identifier": "geometry.utilitycraft_conveyor_declined",
				"texture_width": 64,
				"texture_height": 64,
				"visible_bounds_width": 3,
				"visible_bounds_height": 2.5,
				"visible_bounds_offset": [
					0,
					0.75,
					0
				]
			},
			"bones": [
				{
					"name": "conveyor",
					"pivot": [
						0,
						7,
						0
					],
					"rotation": [
						45,
						0,
						0
					],
					"cubes": [
						{
							"origin": [
								-7,
								7,
								-12
							],
							"size": [
								14,
								2,
								25
							],
							"uv": {
								"north": {
									"uv": [
										14,
										17
									],
									"uv_size": [
										-14,
										-2
									]
								},
								"south": {
									"uv": [
										14,
										5
									],
									"uv_size": [
										-14,
										2
									]
								},
								"up": {
									"uv": [
										0,
										0
									],
									"uv_size": [
										14,
										22
									]
								},
								"down": {
									"uv": [
										0,
										0
									],
									"uv_size": [
										14,
										22
									]
								}
							}
						},
						{
							"origin": [
								7,
								7,
								-12
							],
							"size": [
								1,
								3,
								25
							],
							"uv": {
								"north": {
									"uv": [
										1,
										0
									],
									"uv_size": [
										-1,
										3
									]
								},
								"east": {
									"uv": [
										36,
										3
									],
									"uv_size": [
										-22,
										-3
									]
								},
								"south": {
									"uv": [
										1,
										0
									],
									"uv_size": [
										-1,
										3
									]
								},
								"west": {
									"uv": [
										36,
										3
									],
									"uv_size": [
										-22,
										-3
									]
								},
								"up": {
									"uv": [
										1,
										0
									],
									"uv_size": [
										-1,
										16
									]
								},
								"down": {
									"uv": [
										1,
										0
									],
									"uv_size": [
										-1,
										16
									]
								}
							}
						},
						{
							"origin": [
								-8,
								7,
								-12
							],
							"size": [
								1,
								3,
								25
							],
							"uv": {
								"north": {
									"uv": [
										1,
										0
									],
									"uv_size": [
										-1,
										3
									]
								},
								"east": {
									"uv": [
										36,
										3
									],
									"uv_size": [
										-22,
										-3
									]
								},
								"south": {
									"uv": [
										1,
										0
									],
									"uv_size": [
										-1,
										3
									]
								},
								"west": {
									"uv": [
										36,
										3
									],
									"uv_size": [
										-22,
										-3
									]
								},
								"up": {
									"uv": [
										1,
										0
									],
									"uv_size": [
										-1,
										16
									]
								},
								"down": {
									"uv": [
										1,
										0
									],
									"uv_size": [
										-1,
										16
									]
								}
							}
						}
					]
				}
			]
		}
	]
}