{
	"format_version": "1.12.0",
	"minecraft:geometry": [
		{
			"description": {
				"identifier": "geometry.utilitycraft_crucible",
				"texture_width": 64,
				"texture_height": 64,
				"visible_bounds_width": 2,
				"visible_bounds_height": 2.5,
				"visible_bounds_offset": [
					0,
					0.75,
					0
				]
			},
			"bones": [
				{
					"name": "bb_main",
					"pivot": [
						0,
						0,
						0
					],
					"cubes": [
						{
							"origin": [
								-6,
								15,
								-6
							],
							"size": [
								12,
								0,
								12
							],
							"uv": {
								"up": {
									"uv": [
										64,
										25
									],
									"uv_size": [
										-12,
										-12
									]
								}
							}
						},
						{
							"origin": [
								-6,
								13,
								-6
							],
							"size": [
								12,
								0,
								12
							],
							"uv": {
								"up": {
									"uv": [
										64,
										38
									],
									"uv_size": [
										-12,
										-12
									]
								}
							}
						},
						{
							"origin": [
								-6,
								11,
								-6
							],
							"size": [
								12,
								0,
								12
							],
							"uv": {
								"up": {
									"uv": [
										64,
										51
									],
									"uv_size": [
										-12,
										-12
									]
								}
							}
						},
						{
							"origin": [
								-6,
								9,
								-6
							],
							"size": [
								12,
								0,
								12
							],
							"uv": {
								"up": {
									"uv": [
										64,
										64
									],
									"uv_size": [
										-12,
										-12
									]
								}
							}
						}
					]
				},
				{
					"name": "Untamed",
					"pivot": [
						6,
						3,
						5
					]
				},
				{
					"name": "Bowl",
					"parent": "Untamed",
					"pivot": [
						6,
						3,
						5
					],
					"cubes": [
						{
							"origin": [
								-8,
								6,
								-8
							],
							"size": [
								16,
								10,
								2
							],
							"uv": {
								"north": {
									"uv": [
										16,
										20
									],
									"uv_size": [
										16,
										10
									]
								},
								"east": {
									"uv": [
										28,
										42
									],
									"uv_size": [
										2,
										10
									]
								},
								"south": {
									"uv": [
										16,
										30
									],
									"uv_size": [
										16,
										10
									]
								},
								"west": {
									"uv": [
										30,
										42
									],
									"uv_size": [
										2,
										10
									]
								},
								"up": {
									"uv": [
										28,
										40
									],
									"uv_size": [
										16,
										2
									]
								},
								"down": {
									"uv": [
										0,
										44
									],
									"uv_size": [
										16,
										-2
									]
								}
							}
						},
						{
							"origin": [
								-8,
								6,
								6
							],
							"size": [
								16,
								10,
								2
							],
							"uv": {
								"north": {
									"uv": [
										16,
										0
									],
									"uv_size": [
										16,
										10
									]
								},
								"east": {
									"uv": [
										24,
										42
									],
									"uv_size": [
										2,
										10
									]
								},
								"south": {
									"uv": [
										16,
										10
									],
									"uv_size": [
										16,
										10
									]
								},
								"west": {
									"uv": [
										26,
										42
									],
									"uv_size": [
										2,
										10
									]
								},
								"up": {
									"uv": [
										32,
										38
									],
									"uv_size": [
										16,
										2
									]
								},
								"down": {
									"uv": [
										12,
										42
									],
									"uv_size": [
										16,
										-2
									]
								}
							}
						},
						{
							"origin": [
								6,
								6,
								-6
							],
							"size": [
								2,
								10,
								12
							],
							"uv": {
								"north": {
									"uv": [
										36,
										42
									],
									"uv_size": [
										2,
										10
									]
								},
								"east": {
									"uv": [
										32,
										10
									],
									"uv_size": [
										12,
										10
									]
								},
								"south": {
									"uv": [
										38,
										42
									],
									"uv_size": [
										2,
										10
									]
								},
								"west": {
									"uv": [
										32,
										20
									],
									"uv_size": [
										12,
										10
									]
								},
								"up": {
									"uv": [
										20,
										42
									],
									"uv_size": [
										2,
										12
									]
								},
								"down": {
									"uv": [
										22,
										54
									],
									"uv_size": [
										2,
										-12
									]
								}
							}
						},
						{
							"origin": [
								-8,
								6,
								-6
							],
							"size": [
								2,
								10,
								12
							],
							"uv": {
								"north": {
									"uv": [
										32,
										42
									],
									"uv_size": [
										2,
										10
									]
								},
								"east": {
									"uv": [
										0,
										32
									],
									"uv_size": [
										12,
										10
									]
								},
								"south": {
									"uv": [
										34,
										42
									],
									"uv_size": [
										2,
										10
									]
								},
								"west": {
									"uv": [
										32,
										0
									],
									"uv_size": [
										12,
										10
									]
								},
								"up": {
									"uv": [
										16,
										42
									],
									"uv_size": [
										2,
										12
									]
								},
								"down": {
									"uv": [
										18,
										54
									],
									"uv_size": [
										2,
										-12
									]
								}
							}
						},
						{
							"origin": [
								-8,
								4,
								-8
							],
							"size": [
								16,
								2,
								16
							],
							"uv": {
								"north": {
									"uv": [
										32,
										30
									],
									"uv_size": [
										16,
										2
									]
								},
								"east": {
									"uv": [
										32,
										32
									],
									"uv_size": [
										16,
										2
									]
								},
								"south": {
									"uv": [
										32,
										34
									],
									"uv_size": [
										16,
										2
									]
								},
								"west": {
									"uv": [
										32,
										36
									],
									"uv_size": [
										16,
										2
									]
								},
								"up": {
									"uv": [
										0,
										0
									],
									"uv_size": [
										16,
										16
									]
								},
								"down": {
									"uv": [
										0,
										32
									],
									"uv_size": [
										16,
										-16
									]
								}
							}
						}
					]
				},
				{
					"name": "Leg1",
					"parent": "Untamed",
					"pivot": [
						-6,
						6,
						-9
					],
					"cubes": [
						{
							"origin": [
								-8,
								3,
								-8
							],
							"size": [
								4,
								1,
								4
							],
							"uv": {
								"north": {
									"uv": [
										48,
										6
									],
									"uv_size": [
										4,
										1
									]
								},
								"east": {
									"uv": [
										7,
										48
									],
									"uv_size": [
										4,
										1
									]
								},
								"south": {
									"uv": [
										48,
										7
									],
									"uv_size": [
										4,
										1
									]
								},
								"west": {
									"uv": [
										48,
										29
									],
									"uv_size": [
										4,
										1
									]
								},
								"up": {
									"uv": [
										44,
										0
									],
									"uv_size": [
										4,
										4
									]
								},
								"down": {
									"uv": [
										4,
										48
									],
									"uv_size": [
										4,
										-4
									]
								}
							}
						},
						{
							"origin": [
								-8,
								0,
								-8
							],
							"size": [
								3,
								3,
								3
							],
							"uv": {
								"north": {
									"uv": [
										44,
										8
									],
									"uv_size": [
										3,
										3
									]
								},
								"east": {
									"uv": [
										44,
										11
									],
									"uv_size": [
										3,
										3
									]
								},
								"south": {
									"uv": [
										12,
										44
									],
									"uv_size": [
										3,
										3
									]
								},
								"west": {
									"uv": [
										44,
										14
									],
									"uv_size": [
										3,
										3
									]
								},
								"up": {
									"uv": [
										44,
										17
									],
									"uv_size": [
										3,
										3
									]
								},
								"down": {
									"uv": [
										44,
										23
									],
									"uv_size": [
										3,
										-3
									]
								}
							}
						}
					]
				},
				{
					"name": "Leg2",
					"parent": "Untamed",
					"pivot": [
						-7,
						0,
						-7
					],
					"cubes": [
						{
							"origin": [
								4,
								3,
								-8
							],
							"size": [
								4,
								1,
								4
							],
							"uv": {
								"north": {
									"uv": [
										48,
										30
									],
									"uv_size": [
										4,
										1
									]
								},
								"east": {
									"uv": [
										48,
										31
									],
									"uv_size": [
										4,
										1
									]
								},
								"south": {
									"uv": [
										48,
										32
									],
									"uv_size": [
										4,
										1
									]
								},
								"west": {
									"uv": [
										48,
										33
									],
									"uv_size": [
										4,
										1
									]
								},
								"up": {
									"uv": [
										44,
										4
									],
									"uv_size": [
										4,
										4
									]
								},
								"down": {
									"uv": [
										8,
										48
									],
									"uv_size": [
										4,
										-4
									]
								}
							}
						},
						{
							"origin": [
								5,
								0,
								-8
							],
							"size": [
								3,
								3,
								3
							],
							"uv": {
								"north": {
									"uv": [
										44,
										23
									],
									"uv_size": [
										3,
										3
									]
								},
								"east": {
									"uv": [
										44,
										26
									],
									"uv_size": [
										3,
										3
									]
								},
								"south": {
									"uv": [
										44,
										40
									],
									"uv_size": [
										3,
										3
									]
								},
								"west": {
									"uv": [
										44,
										43
									],
									"uv_size": [
										3,
										3
									]
								},
								"up": {
									"uv": [
										40,
										46
									],
									"uv_size": [
										3,
										3
									]
								},
								"down": {
									"uv": [
										43,
										49
									],
									"uv_size": [
										3,
										-3
									]
								}
							}
						}
					]
				},
				{
					"name": "Leg3",
					"parent": "Untamed",
					"pivot": [
						-7,
						0,
						6
					],
					"cubes": [
						{
							"origin": [
								-8,
								3,
								4
							],
							"size": [
								4,
								1,
								4
							],
							"uv": {
								"north": {
									"uv": [
										3,
										48
									],
									"uv_size": [
										4,
										1
									]
								},
								"east": {
									"uv": [
										48,
										3
									],
									"uv_size": [
										4,
										1
									]
								},
								"south": {
									"uv": [
										48,
										4
									],
									"uv_size": [
										4,
										1
									]
								},
								"west": {
									"uv": [
										48,
										5
									],
									"uv_size": [
										4,
										1
									]
								},
								"up": {
									"uv": [
										40,
										42
									],
									"uv_size": [
										4,
										4
									]
								},
								"down": {
									"uv": [
										0,
										48
									],
									"uv_size": [
										4,
										-4
									]
								}
							}
						},
						{
							"origin": [
								-8,
								0,
								5
							],
							"size": [
								3,
								3,
								3
							],
							"uv": {
								"north": {
									"uv": [
										47,
										20
									],
									"uv_size": [
										3,
										3
									]
								},
								"east": {
									"uv": [
										47,
										23
									],
									"uv_size": [
										3,
										3
									]
								},
								"south": {
									"uv": [
										47,
										26
									],
									"uv_size": [
										3,
										3
									]
								},
								"west": {
									"uv": [
										47,
										40
									],
									"uv_size": [
										3,
										3
									]
								},
								"up": {
									"uv": [
										47,
										43
									],
									"uv_size": [
										3,
										3
									]
								},
								"down": {
									"uv": [
										0,
										51
									],
									"uv_size": [
										3,
										-3
									]
								}
							}
						}
					]
				},
				{
					"name": "Leg4",
					"parent": "Untamed",
					"pivot": [
						6,
						3,
						5
					],
					"cubes": [
						{
							"origin": [
								4,
								3,
								4
							],
							"size": [
								4,
								1,
								4
							],
							"uv": {
								"north": {
									"uv": [
										44,
										29
									],
									"uv_size": [
										4,
										1
									]
								},
								"east": {
									"uv": [
										48,
										0
									],
									"uv_size": [
										4,
										1
									]
								},
								"south": {
									"uv": [
										48,
										1
									],
									"uv_size": [
										4,
										1
									]
								},
								"west": {
									"uv": [
										48,
										2
									],
									"uv_size": [
										4,
										1
									]
								},
								"up": {
									"uv": [
										12,
										32
									],
									"uv_size": [
										4,
										4
									]
								},
								"down": {
									"uv": [
										12,
										40
									],
									"uv_size": [
										4,
										-4
									]
								}
							}
						},
						{
							"origin": [
								5,
								0,
								5
							],
							"size": [
								3,
								3,
								3
							],
							"uv": {
								"north": {
									"uv": [
										46,
										46
									],
									"uv_size": [
										3,
										3
									]
								},
								"east": {
									"uv": [
										47,
										8
									],
									"uv_size": [
										3,
										3
									]
								},
								"south": {
									"uv": [
										47,
										11
									],
									"uv_size": [
										3,
										3
									]
								},
								"west": {
									"uv": [
										12,
										47
									],
									"uv_size": [
										3,
										3
									]
								},
								"up": {
									"uv": [
										47,
										14
									],
									"uv_size": [
										3,
										3
									]
								},
								"down": {
									"uv": [
										47,
										20
									],
									"uv_size": [
										3,
										-3
									]
								}
							}
						}
					]
				}
			]
		}
	]
}