{
	"format_version": "1.12.0",
	"minecraft:geometry": [
		{
			"description": {
				"identifier": "geometry.utilitycraft_drill_place",
				"texture_width": 256,
				"texture_height": 256,
				"visible_bounds_width": 6,
				"visible_bounds_height": 4.5,
				"visible_bounds_offset": [
					0,
					1.75,
					0
				]
			},
			"bones": [
				{
					"name": "bb_main",
					"pivot": [
						0,
						0,
						0
					],
					"cubes": [
						{
							"origin": [
								-3.96,
								2.64,
								-3.64
							],
							"size": [
								7.92,
								7.92,
								1.32
							],
							"uv": {
								"north": {
									"uv": [
										78,
										143
									],
									"uv_size": [
										24,
										24
									]
								},
								"east": {
									"uv": [
										74,
										143
									],
									"uv_size": [
										4,
										24
									]
								},
								"south": {
									"uv": [
										106,
										143
									],
									"uv_size": [
										24,
										24
									]
								},
								"west": {
									"uv": [
										102,
										143
									],
									"uv_size": [
										4,
										24
									]
								},
								"up": {
									"uv": [
										78,
										139
									],
									"uv_size": [
										24,
										4
									]
								},
								"down": {
									"uv": [
										102,
										143
									],
									"uv_size": [
										24,
										-4
									]
								}
							}
						},
						{
							"origin": [
								-3.96,
								2.64,
								-2.32
							],
							"size": [
								7.92,
								4.62,
								12.87
							],
							"uv": {
								"north": {
									"uv": [
										39,
										39
									],
									"uv_size": [
										24,
										14
									]
								},
								"east": {
									"uv": [
										0,
										39
									],
									"uv_size": [
										39,
										14
									]
								},
								"south": {
									"uv": [
										102,
										39
									],
									"uv_size": [
										24,
										14
									]
								},
								"west": {
									"uv": [
										63,
										39
									],
									"uv_size": [
										39,
										14
									]
								},
								"up": {
									"uv": [
										39,
										0
									],
									"uv_size": [
										24,
										39
									]
								},
								"down": {
									"uv": [
										63,
										39
									],
									"uv_size": [
										24,
										-39
									]
								}
							}
						},
						{
							"origin": [
								3.96,
								5.94,
								-3.31
							],
							"size": [
								0.99,
								4.62,
								10.23
							],
							"uv": {
								"north": {
									"uv": [
										31,
										106
									],
									"uv_size": [
										3,
										14
									]
								},
								"east": {
									"uv": [
										0,
										106
									],
									"uv_size": [
										31,
										14
									]
								},
								"south": {
									"uv": [
										65,
										106
									],
									"uv_size": [
										3,
										14
									]
								},
								"west": {
									"uv": [
										34,
										106
									],
									"uv_size": [
										31,
										14
									]
								},
								"up": {
									"uv": [
										31,
										75
									],
									"uv_size": [
										3,
										31
									]
								},
								"down": {
									"uv": [
										34,
										106
									],
									"uv_size": [
										3,
										-31
									]
								}
							}
						},
						{
							"origin": [
								3.96,
								14.025,
								1.8875
							],
							"size": [
								0.99,
								0.99,
								4.95
							],
							"uv": {
								"north": {
									"uv": [
										168,
										122
									],
									"uv_size": [
										3,
										3
									]
								},
								"east": {
									"uv": [
										153,
										122
									],
									"uv_size": [
										15,
										3
									]
								},
								"south": {
									"uv": [
										186,
										122
									],
									"uv_size": [
										3,
										3
									]
								},
								"west": {
									"uv": [
										171,
										122
									],
									"uv_size": [
										15,
										3
									]
								},
								"up": {
									"uv": [
										168,
										107
									],
									"uv_size": [
										3,
										15
									]
								},
								"down": {
									"uv": [
										171,
										122
									],
									"uv_size": [
										3,
										-15
									]
								}
							}
						},
						{
							"origin": [
								-4.95,
								14.025,
								1.8875
							],
							"size": [
								0.99,
								0.99,
								4.95
							],
							"uv": {
								"north": {
									"uv": [
										42,
										166
									],
									"uv_size": [
										3,
										3
									]
								},
								"east": {
									"uv": [
										27,
										166
									],
									"uv_size": [
										15,
										3
									]
								},
								"south": {
									"uv": [
										60,
										166
									],
									"uv_size": [
										3,
										3
									]
								},
								"west": {
									"uv": [
										45,
										166
									],
									"uv_size": [
										15,
										3
									]
								},
								"up": {
									"uv": [
										42,
										151
									],
									"uv_size": [
										3,
										15
									]
								},
								"down": {
									"uv": [
										45,
										166
									],
									"uv_size": [
										3,
										-15
									]
								}
							}
						},
						{
							"origin": [
								-4.95,
								2.805,
								-15.85
							],
							"size": [
								0.99,
								0.99,
								4.29
							],
							"pivot": [
								0,
								0,
								-1
							],
							"rotation": [
								-90,
								0,
								0
							],
							"uv": {
								"north": {
									"uv": [
										42,
										166
									],
									"uv_size": [
										3,
										3
									]
								},
								"east": {
									"uv": [
										29,
										166
									],
									"uv_size": [
										13,
										3
									]
								},
								"south": {
									"uv": [
										58,
										166
									],
									"uv_size": [
										3,
										3
									]
								},
								"west": {
									"uv": [
										45,
										166
									],
									"uv_size": [
										13,
										3
									]
								},
								"up": {
									"uv": [
										42,
										153
									],
									"uv_size": [
										3,
										13
									]
								},
								"down": {
									"uv": [
										45,
										166
									],
									"uv_size": [
										3,
										-13
									]
								}
							}
						},
						{
							"origin": [
								3.96,
								2.805,
								-15.85
							],
							"size": [
								0.99,
								0.99,
								4.29
							],
							"pivot": [
								0,
								0,
								-1
							],
							"rotation": [
								-90,
								0,
								0
							],
							"uv": {
								"north": {
									"uv": [
										42,
										166
									],
									"uv_size": [
										3,
										3
									]
								},
								"east": {
									"uv": [
										29,
										166
									],
									"uv_size": [
										13,
										3
									]
								},
								"south": {
									"uv": [
										58,
										166
									],
									"uv_size": [
										3,
										3
									]
								},
								"west": {
									"uv": [
										45,
										166
									],
									"uv_size": [
										13,
										3
									]
								},
								"up": {
									"uv": [
										42,
										153
									],
									"uv_size": [
										3,
										13
									]
								},
								"down": {
									"uv": [
										45,
										166
									],
									"uv_size": [
										3,
										-13
									]
								}
							}
						},
						{
							"origin": [
								-4.95,
								11.88,
								-5.62
							],
							"size": [
								0.99,
								0.99,
								6.93
							],
							"pivot": [
								-4.455,
								14.685,
								-1
							],
							"rotation": [
								45,
								0,
								0
							],
							"uv": {
								"north": {
									"uv": [
										21,
										172
									],
									"uv_size": [
										3,
										3
									]
								},
								"east": {
									"uv": [
										0,
										172
									],
									"uv_size": [
										21,
										3
									]
								},
								"south": {
									"uv": [
										45,
										172
									],
									"uv_size": [
										3,
										3
									]
								},
								"west": {
									"uv": [
										24,
										172
									],
									"uv_size": [
										21,
										3
									]
								},
								"up": {
									"uv": [
										21,
										151
									],
									"uv_size": [
										3,
										21
									]
								},
								"down": {
									"uv": [
										24,
										172
									],
									"uv_size": [
										3,
										-21
									]
								}
							}
						},
						{
							"origin": [
								-4.62,
								12.375,
								-5.62
							],
							"size": [
								9.24,
								0.33,
								6.93
							],
							"pivot": [
								-4.455,
								14.685,
								-1
							],
							"rotation": [
								45,
								0,
								0
							],
							"uv": {
								"north": {
									"uv": [
										21,
										74
									],
									"uv_size": [
										28,
										1
									]
								},
								"east": {
									"uv": [
										0,
										74
									],
									"uv_size": [
										21,
										1
									]
								},
								"south": {
									"uv": [
										70,
										74
									],
									"uv_size": [
										28,
										1
									]
								},
								"west": {
									"uv": [
										49,
										74
									],
									"uv_size": [
										21,
										1
									]
								},
								"up": {
									"uv": [
										21,
										53
									],
									"uv_size": [
										28,
										21
									]
								},
								"down": {
									"uv": [
										49,
										74
									],
									"uv_size": [
										28,
										-21
									]
								}
							}
						},
						{
							"origin": [
								3.96,
								11.88,
								-5.62
							],
							"size": [
								0.99,
								0.99,
								6.93
							],
							"pivot": [
								-4.455,
								14.685,
								-1
							],
							"rotation": [
								45,
								0,
								0
							],
							"uv": {
								"north": {
									"uv": [
										151,
										160
									],
									"uv_size": [
										3,
										3
									]
								},
								"east": {
									"uv": [
										130,
										160
									],
									"uv_size": [
										21,
										3
									]
								},
								"south": {
									"uv": [
										175,
										160
									],
									"uv_size": [
										3,
										3
									]
								},
								"west": {
									"uv": [
										154,
										160
									],
									"uv_size": [
										21,
										3
									]
								},
								"up": {
									"uv": [
										151,
										139
									],
									"uv_size": [
										3,
										21
									]
								},
								"down": {
									"uv": [
										154,
										160
									],
									"uv_size": [
										3,
										-21
									]
								}
							}
						},
						{
							"origin": [
								-4.62,
								10.23,
								1.97
							],
							"size": [
								0.33,
								3.96,
								3.96
							],
							"uv": {
								"north": {
									"uv": [
										12,
										87
									],
									"uv_size": [
										1,
										12
									]
								},
								"east": {
									"uv": [
										0,
										87
									],
									"uv_size": [
										12,
										12
									]
								},
								"south": {
									"uv": [
										25,
										87
									],
									"uv_size": [
										1,
										12
									]
								},
								"west": {
									"uv": [
										13,
										87
									],
									"uv_size": [
										12,
										12
									]
								},
								"up": {
									"uv": [
										12,
										75
									],
									"uv_size": [
										1,
										12
									]
								},
								"down": {
									"uv": [
										13,
										87
									],
									"uv_size": [
										1,
										-12
									]
								}
							}
						},
						{
							"origin": [
								-4.62,
								9.57,
								-4.63
							],
							"size": [
								0.33,
								2.31,
								4.95
							],
							"pivot": [
								-13.365,
								14.685,
								-1
							],
							"rotation": [
								45,
								0,
								0
							],
							"uv": {
								"north": {
									"uv": [
										18,
										18
									],
									"uv_size": [
										1,
										7
									]
								},
								"east": {
									"uv": [
										3,
										18
									],
									"uv_size": [
										15,
										7
									]
								},
								"south": {
									"uv": [
										34,
										18
									],
									"uv_size": [
										1,
										7
									]
								},
								"west": {
									"uv": [
										19,
										18
									],
									"uv_size": [
										15,
										7
									]
								},
								"up": {
									"uv": [
										18,
										3
									],
									"uv_size": [
										1,
										15
									]
								},
								"down": {
									"uv": [
										19,
										18
									],
									"uv_size": [
										1,
										-15
									]
								}
							}
						},
						{
							"origin": [
								4.29,
								9.57,
								-4.63
							],
							"size": [
								0.33,
								2.31,
								4.95
							],
							"pivot": [
								13.365,
								14.685,
								-1
							],
							"rotation": [
								45,
								0,
								0
							],
							"uv": {
								"north": {
									"uv": [
										19,
										18
									],
									"uv_size": [
										-1,
										7
									]
								},
								"east": {
									"uv": [
										34,
										18
									],
									"uv_size": [
										-15,
										7
									]
								},
								"south": {
									"uv": [
										35,
										18
									],
									"uv_size": [
										-1,
										7
									]
								},
								"west": {
									"uv": [
										18,
										18
									],
									"uv_size": [
										-15,
										7
									]
								},
								"up": {
									"uv": [
										19,
										3
									],
									"uv_size": [
										-1,
										15
									]
								},
								"down": {
									"uv": [
										20,
										18
									],
									"uv_size": [
										-1,
										-15
									]
								}
							}
						},
						{
							"origin": [
								4.29,
								10.23,
								1.97
							],
							"size": [
								0.33,
								3.96,
								3.96
							],
							"uv": {
								"north": {
									"uv": [
										49,
										87
									],
									"uv_size": [
										1,
										12
									]
								},
								"east": {
									"uv": [
										37,
										87
									],
									"uv_size": [
										12,
										12
									]
								},
								"south": {
									"uv": [
										62,
										87
									],
									"uv_size": [
										1,
										12
									]
								},
								"west": {
									"uv": [
										50,
										87
									],
									"uv_size": [
										12,
										12
									]
								},
								"up": {
									"uv": [
										49,
										75
									],
									"uv_size": [
										1,
										12
									]
								},
								"down": {
									"uv": [
										50,
										87
									],
									"uv_size": [
										1,
										-12
									]
								}
							}
						},
						{
							"origin": [
								-4.95,
								5.94,
								-2.98
							],
							"size": [
								0.99,
								4.62,
								9.9
							],
							"uv": {
								"north": {
									"uv": [
										68,
										120
									],
									"uv_size": [
										3,
										14
									]
								},
								"east": {
									"uv": [
										38,
										120
									],
									"uv_size": [
										30,
										14
									]
								},
								"south": {
									"uv": [
										101,
										120
									],
									"uv_size": [
										3,
										14
									]
								},
								"west": {
									"uv": [
										71,
										120
									],
									"uv_size": [
										30,
										14
									]
								},
								"up": {
									"uv": [
										68,
										90
									],
									"uv_size": [
										3,
										30
									]
								},
								"down": {
									"uv": [
										71,
										120
									],
									"uv_size": [
										3,
										-30
									]
								}
							}
						},
						{
							"origin": [
								-3.96,
								7.26,
								2.3
							],
							"size": [
								7.92,
								1.32,
								4.29
							],
							"uv": {
								"north": {
									"uv": [
										13,
										147
									],
									"uv_size": [
										24,
										4
									]
								},
								"east": {
									"uv": [
										0,
										147
									],
									"uv_size": [
										13,
										4
									]
								},
								"south": {
									"uv": [
										50,
										147
									],
									"uv_size": [
										24,
										4
									]
								},
								"west": {
									"uv": [
										37,
										147
									],
									"uv_size": [
										13,
										4
									]
								},
								"up": {
									"uv": [
										13,
										134
									],
									"uv_size": [
										24,
										13
									]
								},
								"down": {
									"uv": [
										37,
										147
									],
									"uv_size": [
										24,
										-13
									]
								}
							}
						},
						{
							"origin": [
								-4.95,
								10.56,
								5.93
							],
							"size": [
								9.9,
								4.29,
								0.99
							],
							"uv": {
								"north": {
									"uv": [
										139,
										3
									],
									"uv_size": [
										30,
										13
									]
								},
								"east": {
									"uv": [
										136,
										3
									],
									"uv_size": [
										3,
										13
									]
								},
								"south": {
									"uv": [
										172,
										3
									],
									"uv_size": [
										30,
										13
									]
								},
								"west": {
									"uv": [
										169,
										3
									],
									"uv_size": [
										3,
										13
									]
								},
								"up": {
									"uv": [
										139,
										0
									],
									"uv_size": [
										30,
										3
									]
								},
								"down": {
									"uv": [
										169,
										3
									],
									"uv_size": [
										30,
										-3
									]
								}
							}
						},
						{
							"origin": [
								-3.96,
								7.26,
								5.93
							],
							"size": [
								7.92,
								3.3,
								0.99
							],
							"uv": {
								"north": {
									"uv": [
										150,
										72
									],
									"uv_size": [
										24,
										10
									]
								},
								"east": {
									"uv": [
										147,
										72
									],
									"uv_size": [
										3,
										10
									]
								},
								"south": {
									"uv": [
										177,
										72
									],
									"uv_size": [
										24,
										10
									]
								},
								"west": {
									"uv": [
										174,
										72
									],
									"uv_size": [
										3,
										10
									]
								},
								"up": {
									"uv": [
										150,
										69
									],
									"uv_size": [
										24,
										3
									]
								},
								"down": {
									"uv": [
										174,
										72
									],
									"uv_size": [
										24,
										-3
									]
								}
							}
						},
						{
							"origin": [
								-3.96,
								14.52,
								1.8875
							],
							"size": [
								7.92,
								0.66,
								4.95
							],
							"uv": {
								"north": {
									"uv": [
										104,
										137
									],
									"uv_size": [
										24,
										2
									]
								},
								"east": {
									"uv": [
										89,
										137
									],
									"uv_size": [
										15,
										2
									]
								},
								"south": {
									"uv": [
										143,
										137
									],
									"uv_size": [
										24,
										2
									]
								},
								"west": {
									"uv": [
										128,
										137
									],
									"uv_size": [
										15,
										2
									]
								},
								"up": {
									"uv": [
										104,
										122
									],
									"uv_size": [
										24,
										15
									]
								},
								"down": {
									"uv": [
										128,
										137
									],
									"uv_size": [
										24,
										-15
									]
								}
							}
						},
						{
							"origin": [
								-2.67,
								4.26,
								3.92
							],
							"size": [
								9.3,
								9.3,
								9.3
							],
							"inflate": -3,
							"uv": {
								"north": {
									"uv": [
										136,
										53
									],
									"uv_size": [
										16,
										16
									]
								},
								"east": {
									"uv": [
										120,
										53
									],
									"uv_size": [
										16,
										16
									]
								},
								"south": {
									"uv": [
										168,
										53
									],
									"uv_size": [
										16,
										16
									]
								},
								"west": {
									"uv": [
										152,
										53
									],
									"uv_size": [
										16,
										16
									]
								},
								"up": {
									"uv": [
										136,
										37
									],
									"uv_size": [
										16,
										16
									]
								},
								"down": {
									"uv": [
										152,
										53
									],
									"uv_size": [
										16,
										-16
									]
								}
							}
						},
						{
							"origin": [
								-6.63,
								4.26,
								3.92
							],
							"size": [
								9.3,
								9.3,
								9.3
							],
							"inflate": -3,
							"uv": {
								"north": {
									"uv": [
										120,
										106
									],
									"uv_size": [
										16,
										16
									]
								},
								"east": {
									"uv": [
										104,
										106
									],
									"uv_size": [
										16,
										16
									]
								},
								"south": {
									"uv": [
										152,
										106
									],
									"uv_size": [
										16,
										16
									]
								},
								"west": {
									"uv": [
										136,
										106
									],
									"uv_size": [
										16,
										16
									]
								},
								"up": {
									"uv": [
										120,
										90
									],
									"uv_size": [
										16,
										16
									]
								},
								"down": {
									"uv": [
										136,
										106
									],
									"uv_size": [
										16,
										-16
									]
								}
							}
						}
					]
				},
				{
					"name": "right_wheel",
					"pivot": [
						-5.94,
						3.63,
						0.66
					],
					"cubes": [
						{
							"origin": [
								-7.92,
								0.61067,
								-3.58581
							],
							"size": [
								3.96,
								0.33,
								1.98
							],
							"pivot": [
								-5.94,
								0.99,
								-2.32
							],
							"rotation": [
								135,
								0,
								0
							],
							"uv": {
								"north": {
									"uv": [
										34,
										196
									],
									"uv_size": [
										12,
										1
									]
								},
								"east": {
									"uv": [
										28,
										196
									],
									"uv_size": [
										6,
										1
									]
								},
								"south": {
									"uv": [
										52,
										196
									],
									"uv_size": [
										12,
										1
									]
								},
								"west": {
									"uv": [
										46,
										196
									],
									"uv_size": [
										6,
										1
									]
								},
								"up": {
									"uv": [
										34,
										190
									],
									"uv_size": [
										12,
										6
									]
								},
								"down": {
									"uv": [
										46,
										196
									],
									"uv_size": [
										12,
										-6
									]
								}
							}
						},
						{
							"origin": [
								-7.59,
								0.33,
								-1.33
							],
							"size": [
								3.63,
								3.3,
								8.91
							],
							"uv": {
								"north": {
									"uv": [
										98,
										80
									],
									"uv_size": [
										11,
										10
									]
								},
								"east": {
									"uv": [
										71,
										80
									],
									"uv_size": [
										27,
										10
									]
								},
								"south": {
									"uv": [
										136,
										80
									],
									"uv_size": [
										11,
										10
									]
								},
								"west": {
									"uv": [
										109,
										80
									],
									"uv_size": [
										27,
										10
									]
								},
								"up": {
									"uv": [
										98,
										53
									],
									"uv_size": [
										11,
										27
									]
								},
								"down": {
									"uv": [
										109,
										80
									],
									"uv_size": [
										11,
										-27
									]
								}
							}
						},
						{
							"origin": [
								-7.92,
								3.63,
								-1.33
							],
							"size": [
								3.96,
								0.33,
								1.98
							],
							"uv": {
								"north": {
									"uv": [
										166,
										193
									],
									"uv_size": [
										12,
										1
									]
								},
								"east": {
									"uv": [
										160,
										193
									],
									"uv_size": [
										6,
										1
									]
								},
								"south": {
									"uv": [
										184,
										193
									],
									"uv_size": [
										12,
										1
									]
								},
								"west": {
									"uv": [
										178,
										193
									],
									"uv_size": [
										6,
										1
									]
								},
								"up": {
									"uv": [
										166,
										187
									],
									"uv_size": [
										12,
										6
									]
								},
								"down": {
									"uv": [
										178,
										193
									],
									"uv_size": [
										12,
										-6
									]
								}
							}
						},
						{
							"origin": [
								-7.92,
								2.71078,
								-3.32658
							],
							"size": [
								3.96,
								0.33,
								1.98
							],
							"pivot": [
								-5.94,
								3.3,
								-2.32
							],
							"rotation": [
								45,
								0,
								0
							],
							"uv": {
								"north": {
									"uv": [
										136,
										191
									],
									"uv_size": [
										12,
										1
									]
								},
								"east": {
									"uv": [
										130,
										191
									],
									"uv_size": [
										6,
										1
									]
								},
								"south": {
									"uv": [
										154,
										191
									],
									"uv_size": [
										12,
										1
									]
								},
								"west": {
									"uv": [
										148,
										191
									],
									"uv_size": [
										6,
										1
									]
								},
								"up": {
									"uv": [
										136,
										185
									],
									"uv_size": [
										12,
										6
									]
								},
								"down": {
									"uv": [
										148,
										191
									],
									"uv_size": [
										12,
										-6
									]
								}
							}
						},
						{
							"origin": [
								-7.59,
								0.0825,
								-3.7225
							],
							"size": [
								3.63,
								2.31,
								2.31
							],
							"pivot": [
								0,
								0,
								-1
							],
							"rotation": [
								-45,
								0,
								0
							],
							"uv": {
								"north": {
									"uv": [
										81,
										97
									],
									"uv_size": [
										11,
										7
									]
								},
								"east": {
									"uv": [
										74,
										97
									],
									"uv_size": [
										7,
										7
									]
								},
								"south": {
									"uv": [
										99,
										97
									],
									"uv_size": [
										11,
										7
									]
								},
								"west": {
									"uv": [
										92,
										97
									],
									"uv_size": [
										7,
										7
									]
								},
								"up": {
									"uv": [
										81,
										90
									],
									"uv_size": [
										11,
										7
									]
								},
								"down": {
									"uv": [
										92,
										97
									],
									"uv_size": [
										11,
										-7
									]
								}
							}
						},
						{
							"origin": [
								-7.92,
								3.63,
								0.98
							],
							"size": [
								3.96,
								0.33,
								1.98
							],
							"uv": {
								"north": {
									"uv": [
										106,
										190
									],
									"uv_size": [
										12,
										1
									]
								},
								"east": {
									"uv": [
										100,
										190
									],
									"uv_size": [
										6,
										1
									]
								},
								"south": {
									"uv": [
										124,
										190
									],
									"uv_size": [
										12,
										1
									]
								},
								"west": {
									"uv": [
										118,
										190
									],
									"uv_size": [
										6,
										1
									]
								},
								"up": {
									"uv": [
										106,
										184
									],
									"uv_size": [
										12,
										6
									]
								},
								"down": {
									"uv": [
										118,
										190
									],
									"uv_size": [
										12,
										-6
									]
								}
							}
						},
						{
							"origin": [
								-7.92,
								3.63,
								3.29
							],
							"size": [
								3.96,
								0.33,
								1.98
							],
							"uv": {
								"north": {
									"uv": [
										70,
										190
									],
									"uv_size": [
										12,
										1
									]
								},
								"east": {
									"uv": [
										64,
										190
									],
									"uv_size": [
										6,
										1
									]
								},
								"south": {
									"uv": [
										88,
										190
									],
									"uv_size": [
										12,
										1
									]
								},
								"west": {
									"uv": [
										82,
										190
									],
									"uv_size": [
										6,
										1
									]
								},
								"up": {
									"uv": [
										70,
										184
									],
									"uv_size": [
										12,
										6
									]
								},
								"down": {
									"uv": [
										82,
										190
									],
									"uv_size": [
										12,
										-6
									]
								}
							}
						},
						{
							"origin": [
								-7.92,
								3.63,
								5.6
							],
							"size": [
								3.96,
								0.33,
								1.98
							],
							"uv": {
								"north": {
									"uv": [
										190,
										64
									],
									"uv_size": [
										12,
										1
									]
								},
								"east": {
									"uv": [
										184,
										64
									],
									"uv_size": [
										6,
										1
									]
								},
								"south": {
									"uv": [
										208,
										64
									],
									"uv_size": [
										12,
										1
									]
								},
								"west": {
									"uv": [
										202,
										64
									],
									"uv_size": [
										6,
										1
									]
								},
								"up": {
									"uv": [
										190,
										58
									],
									"uv_size": [
										12,
										6
									]
								},
								"down": {
									"uv": [
										202,
										64
									],
									"uv_size": [
										12,
										-6
									]
								}
							}
						},
						{
							"origin": [
								-7.59,
								6.27,
								2.5475
							],
							"size": [
								3.63,
								2.31,
								2.31
							],
							"pivot": [
								0,
								0,
								-1
							],
							"rotation": [
								-45,
								0,
								0
							],
							"uv": {
								"north": {
									"uv": [
										7,
										32
									],
									"uv_size": [
										11,
										7
									]
								},
								"east": {
									"uv": [
										0,
										32
									],
									"uv_size": [
										7,
										7
									]
								},
								"south": {
									"uv": [
										25,
										32
									],
									"uv_size": [
										11,
										7
									]
								},
								"west": {
									"uv": [
										18,
										32
									],
									"uv_size": [
										7,
										7
									]
								},
								"up": {
									"uv": [
										7,
										25
									],
									"uv_size": [
										11,
										7
									]
								},
								"down": {
									"uv": [
										18,
										32
									],
									"uv_size": [
										11,
										-7
									]
								}
							}
						},
						{
							"origin": [
								-7.92,
								2.92996,
								7.34908
							],
							"size": [
								3.96,
								0.33,
								1.98
							],
							"pivot": [
								-5.94,
								2.97,
								8.24
							],
							"rotation": [
								-45,
								0,
								0
							],
							"uv": {
								"north": {
									"uv": [
										190,
										57
									],
									"uv_size": [
										12,
										1
									]
								},
								"east": {
									"uv": [
										184,
										57
									],
									"uv_size": [
										6,
										1
									]
								},
								"south": {
									"uv": [
										208,
										57
									],
									"uv_size": [
										12,
										1
									]
								},
								"west": {
									"uv": [
										202,
										57
									],
									"uv_size": [
										6,
										1
									]
								},
								"up": {
									"uv": [
										190,
										51
									],
									"uv_size": [
										12,
										6
									]
								},
								"down": {
									"uv": [
										202,
										57
									],
									"uv_size": [
										12,
										-6
									]
								}
							}
						},
						{
							"origin": [
								-7.92,
								0.36317,
								6.97662
							],
							"size": [
								3.96,
								0.33,
								1.98
							],
							"pivot": [
								-5.94,
								0.66,
								8.24
							],
							"rotation": [
								-135,
								0,
								0
							],
							"uv": {
								"north": {
									"uv": [
										40,
										189
									],
									"uv_size": [
										12,
										1
									]
								},
								"east": {
									"uv": [
										34,
										189
									],
									"uv_size": [
										6,
										1
									]
								},
								"south": {
									"uv": [
										58,
										189
									],
									"uv_size": [
										12,
										1
									]
								},
								"west": {
									"uv": [
										52,
										189
									],
									"uv_size": [
										6,
										1
									]
								},
								"up": {
									"uv": [
										40,
										183
									],
									"uv_size": [
										12,
										6
									]
								},
								"down": {
									"uv": [
										52,
										189
									],
									"uv_size": [
										12,
										-6
									]
								}
							}
						},
						{
							"origin": [
								-7.92,
								0,
								5.6
							],
							"size": [
								3.96,
								0.33,
								1.98
							],
							"uv": {
								"north": {
									"uv": [
										167,
										186
									],
									"uv_size": [
										12,
										1
									]
								},
								"east": {
									"uv": [
										161,
										186
									],
									"uv_size": [
										6,
										1
									]
								},
								"south": {
									"uv": [
										185,
										186
									],
									"uv_size": [
										12,
										1
									]
								},
								"west": {
									"uv": [
										179,
										186
									],
									"uv_size": [
										6,
										1
									]
								},
								"up": {
									"uv": [
										167,
										180
									],
									"uv_size": [
										12,
										6
									]
								},
								"down": {
									"uv": [
										179,
										186
									],
									"uv_size": [
										12,
										-6
									]
								}
							}
						},
						{
							"origin": [
								-7.92,
								0,
								3.29
							],
							"size": [
								3.96,
								0.33,
								1.98
							],
							"uv": {
								"north": {
									"uv": [
										40,
										182
									],
									"uv_size": [
										12,
										1
									]
								},
								"east": {
									"uv": [
										34,
										182
									],
									"uv_size": [
										6,
										1
									]
								},
								"south": {
									"uv": [
										58,
										182
									],
									"uv_size": [
										12,
										1
									]
								},
								"west": {
									"uv": [
										52,
										182
									],
									"uv_size": [
										6,
										1
									]
								},
								"up": {
									"uv": [
										40,
										176
									],
									"uv_size": [
										12,
										6
									]
								},
								"down": {
									"uv": [
										52,
										182
									],
									"uv_size": [
										12,
										-6
									]
								}
							}
						},
						{
							"origin": [
								-7.92,
								0,
								0.98
							],
							"size": [
								3.96,
								0.33,
								1.98
							],
							"uv": {
								"north": {
									"uv": [
										174,
										50
									],
									"uv_size": [
										12,
										1
									]
								},
								"east": {
									"uv": [
										168,
										50
									],
									"uv_size": [
										6,
										1
									]
								},
								"south": {
									"uv": [
										192,
										50
									],
									"uv_size": [
										12,
										1
									]
								},
								"west": {
									"uv": [
										186,
										50
									],
									"uv_size": [
										6,
										1
									]
								},
								"up": {
									"uv": [
										174,
										44
									],
									"uv_size": [
										12,
										6
									]
								},
								"down": {
									"uv": [
										186,
										50
									],
									"uv_size": [
										12,
										-6
									]
								}
							}
						},
						{
							"origin": [
								-7.92,
								0,
								-1.33
							],
							"size": [
								3.96,
								0.33,
								1.98
							],
							"uv": {
								"north": {
									"uv": [
										174,
										43
									],
									"uv_size": [
										12,
										1
									]
								},
								"east": {
									"uv": [
										168,
										43
									],
									"uv_size": [
										6,
										1
									]
								},
								"south": {
									"uv": [
										192,
										43
									],
									"uv_size": [
										12,
										1
									]
								},
								"west": {
									"uv": [
										186,
										43
									],
									"uv_size": [
										6,
										1
									]
								},
								"up": {
									"uv": [
										174,
										37
									],
									"uv_size": [
										12,
										6
									]
								},
								"down": {
									"uv": [
										186,
										43
									],
									"uv_size": [
										12,
										-6
									]
								}
							}
						}
					]
				},
				{
					"name": "left_wheel",
					"pivot": [
						5.94,
						3.63,
						0.66
					],
					"cubes": [
						{
							"origin": [
								3.96,
								0.84401,
								-3.02246
							],
							"size": [
								3.96,
								0.33,
								1.98
							],
							"pivot": [
								5.94,
								0.99,
								-1.99
							],
							"rotation": [
								135,
								0,
								0
							],
							"uv": {
								"north": {
									"uv": [
										160,
										200
									],
									"uv_size": [
										12,
										1
									]
								},
								"east": {
									"uv": [
										154,
										200
									],
									"uv_size": [
										6,
										1
									]
								},
								"south": {
									"uv": [
										178,
										200
									],
									"uv_size": [
										12,
										1
									]
								},
								"west": {
									"uv": [
										172,
										200
									],
									"uv_size": [
										6,
										1
									]
								},
								"up": {
									"uv": [
										160,
										194
									],
									"uv_size": [
										12,
										6
									]
								},
								"down": {
									"uv": [
										172,
										200
									],
									"uv_size": [
										12,
										-6
									]
								}
							}
						},
						{
							"origin": [
								3.96,
								0.33,
								-1.33
							],
							"size": [
								3.63,
								3.3,
								8.91
							],
							"uv": {
								"north": {
									"uv": [
										114,
										27
									],
									"uv_size": [
										11,
										10
									]
								},
								"east": {
									"uv": [
										87,
										27
									],
									"uv_size": [
										27,
										10
									]
								},
								"south": {
									"uv": [
										152,
										27
									],
									"uv_size": [
										11,
										10
									]
								},
								"west": {
									"uv": [
										125,
										27
									],
									"uv_size": [
										27,
										10
									]
								},
								"up": {
									"uv": [
										114,
										0
									],
									"uv_size": [
										11,
										27
									]
								},
								"down": {
									"uv": [
										125,
										27
									],
									"uv_size": [
										11,
										-27
									]
								}
							}
						},
						{
							"origin": [
								3.96,
								3.63,
								-1.33
							],
							"size": [
								3.96,
								0.33,
								1.98
							],
							"uv": {
								"north": {
									"uv": [
										190,
										201
									],
									"uv_size": [
										12,
										1
									]
								},
								"east": {
									"uv": [
										184,
										201
									],
									"uv_size": [
										6,
										1
									]
								},
								"south": {
									"uv": [
										208,
										201
									],
									"uv_size": [
										12,
										1
									]
								},
								"west": {
									"uv": [
										202,
										201
									],
									"uv_size": [
										6,
										1
									]
								},
								"up": {
									"uv": [
										190,
										195
									],
									"uv_size": [
										12,
										6
									]
								},
								"down": {
									"uv": [
										202,
										201
									],
									"uv_size": [
										12,
										-6
									]
								}
							}
						},
						{
							"origin": [
								3.96,
								2.94412,
								-3.22993
							],
							"size": [
								3.96,
								0.33,
								1.98
							],
							"pivot": [
								5.94,
								3.3,
								-1.99
							],
							"rotation": [
								45,
								0,
								0
							],
							"uv": {
								"north": {
									"uv": [
										201,
										180
									],
									"uv_size": [
										12,
										1
									]
								},
								"east": {
									"uv": [
										195,
										180
									],
									"uv_size": [
										6,
										1
									]
								},
								"south": {
									"uv": [
										219,
										180
									],
									"uv_size": [
										12,
										1
									]
								},
								"west": {
									"uv": [
										213,
										180
									],
									"uv_size": [
										6,
										1
									]
								},
								"up": {
									"uv": [
										201,
										174
									],
									"uv_size": [
										12,
										6
									]
								},
								"down": {
									"uv": [
										213,
										180
									],
									"uv_size": [
										12,
										-6
									]
								}
							}
						},
						{
							"origin": [
								3.96,
								0.0825,
								-3.7225
							],
							"size": [
								3.63,
								2.31,
								2.31
							],
							"pivot": [
								0,
								0,
								-1
							],
							"rotation": [
								-45,
								0,
								0
							],
							"uv": {
								"north": {
									"uv": [
										7,
										127
									],
									"uv_size": [
										11,
										7
									]
								},
								"east": {
									"uv": [
										0,
										127
									],
									"uv_size": [
										7,
										7
									]
								},
								"south": {
									"uv": [
										25,
										127
									],
									"uv_size": [
										11,
										7
									]
								},
								"west": {
									"uv": [
										18,
										127
									],
									"uv_size": [
										7,
										7
									]
								},
								"up": {
									"uv": [
										7,
										120
									],
									"uv_size": [
										11,
										7
									]
								},
								"down": {
									"uv": [
										18,
										127
									],
									"uv_size": [
										11,
										-7
									]
								}
							}
						},
						{
							"origin": [
								3.96,
								3.63,
								0.98
							],
							"size": [
								3.96,
								0.33,
								1.98
							],
							"uv": {
								"north": {
									"uv": [
										200,
										102
									],
									"uv_size": [
										12,
										1
									]
								},
								"east": {
									"uv": [
										194,
										102
									],
									"uv_size": [
										6,
										1
									]
								},
								"south": {
									"uv": [
										218,
										102
									],
									"uv_size": [
										12,
										1
									]
								},
								"west": {
									"uv": [
										212,
										102
									],
									"uv_size": [
										6,
										1
									]
								},
								"up": {
									"uv": [
										200,
										96
									],
									"uv_size": [
										12,
										6
									]
								},
								"down": {
									"uv": [
										212,
										102
									],
									"uv_size": [
										12,
										-6
									]
								}
							}
						},
						{
							"origin": [
								3.96,
								3.63,
								3.29
							],
							"size": [
								3.96,
								0.33,
								1.98
							],
							"uv": {
								"north": {
									"uv": [
										200,
										95
									],
									"uv_size": [
										12,
										1
									]
								},
								"east": {
									"uv": [
										194,
										95
									],
									"uv_size": [
										6,
										1
									]
								},
								"south": {
									"uv": [
										218,
										95
									],
									"uv_size": [
										12,
										1
									]
								},
								"west": {
									"uv": [
										212,
										95
									],
									"uv_size": [
										6,
										1
									]
								},
								"up": {
									"uv": [
										200,
										89
									],
									"uv_size": [
										12,
										6
									]
								},
								"down": {
									"uv": [
										212,
										95
									],
									"uv_size": [
										12,
										-6
									]
								}
							}
						},
						{
							"origin": [
								3.96,
								3.63,
								5.6
							],
							"size": [
								3.96,
								0.33,
								1.98
							],
							"uv": {
								"north": {
									"uv": [
										200,
										88
									],
									"uv_size": [
										12,
										1
									]
								},
								"east": {
									"uv": [
										194,
										88
									],
									"uv_size": [
										6,
										1
									]
								},
								"south": {
									"uv": [
										218,
										88
									],
									"uv_size": [
										12,
										1
									]
								},
								"west": {
									"uv": [
										212,
										88
									],
									"uv_size": [
										6,
										1
									]
								},
								"up": {
									"uv": [
										200,
										82
									],
									"uv_size": [
										12,
										6
									]
								},
								"down": {
									"uv": [
										212,
										88
									],
									"uv_size": [
										12,
										-6
									]
								}
							}
						},
						{
							"origin": [
								3.96,
								6.27,
								2.5475
							],
							"size": [
								3.63,
								2.31,
								2.31
							],
							"pivot": [
								0,
								0,
								-1
							],
							"rotation": [
								-45,
								0,
								0
							],
							"uv": {
								"north": {
									"uv": [
										174,
										132
									],
									"uv_size": [
										11,
										7
									]
								},
								"east": {
									"uv": [
										167,
										132
									],
									"uv_size": [
										7,
										7
									]
								},
								"south": {
									"uv": [
										192,
										132
									],
									"uv_size": [
										11,
										7
									]
								},
								"west": {
									"uv": [
										185,
										132
									],
									"uv_size": [
										7,
										7
									]
								},
								"up": {
									"uv": [
										174,
										125
									],
									"uv_size": [
										11,
										7
									]
								},
								"down": {
									"uv": [
										185,
										132
									],
									"uv_size": [
										11,
										-7
									]
								}
							}
						},
						{
							"origin": [
								3.96,
								2.69662,
								7.44574
							],
							"size": [
								3.96,
								0.33,
								1.98
							],
							"pivot": [
								5.94,
								2.97,
								8.57
							],
							"rotation": [
								-45,
								0,
								0
							],
							"uv": {
								"north": {
									"uv": [
										199,
										160
									],
									"uv_size": [
										12,
										1
									]
								},
								"east": {
									"uv": [
										193,
										160
									],
									"uv_size": [
										6,
										1
									]
								},
								"south": {
									"uv": [
										217,
										160
									],
									"uv_size": [
										12,
										1
									]
								},
								"west": {
									"uv": [
										211,
										160
									],
									"uv_size": [
										6,
										1
									]
								},
								"up": {
									"uv": [
										199,
										154
									],
									"uv_size": [
										12,
										6
									]
								},
								"down": {
									"uv": [
										211,
										160
									],
									"uv_size": [
										12,
										-6
									]
								}
							}
						},
						{
							"origin": [
								3.96,
								0.12982,
								7.53996
							],
							"size": [
								3.96,
								0.33,
								1.98
							],
							"pivot": [
								5.94,
								0.66,
								8.57
							],
							"rotation": [
								-135,
								0,
								0
							],
							"uv": {
								"north": {
									"uv": [
										130,
										198
									],
									"uv_size": [
										12,
										1
									]
								},
								"east": {
									"uv": [
										124,
										198
									],
									"uv_size": [
										6,
										1
									]
								},
								"south": {
									"uv": [
										148,
										198
									],
									"uv_size": [
										12,
										1
									]
								},
								"west": {
									"uv": [
										142,
										198
									],
									"uv_size": [
										6,
										1
									]
								},
								"up": {
									"uv": [
										130,
										192
									],
									"uv_size": [
										12,
										6
									]
								},
								"down": {
									"uv": [
										142,
										198
									],
									"uv_size": [
										12,
										-6
									]
								}
							}
						},
						{
							"origin": [
								3.96,
								0,
								5.6
							],
							"size": [
								3.96,
								0.33,
								1.98
							],
							"uv": {
								"north": {
									"uv": [
										196,
										194
									],
									"uv_size": [
										12,
										1
									]
								},
								"east": {
									"uv": [
										190,
										194
									],
									"uv_size": [
										6,
										1
									]
								},
								"south": {
									"uv": [
										214,
										194
									],
									"uv_size": [
										12,
										1
									]
								},
								"west": {
									"uv": [
										208,
										194
									],
									"uv_size": [
										6,
										1
									]
								},
								"up": {
									"uv": [
										196,
										188
									],
									"uv_size": [
										12,
										6
									]
								},
								"down": {
									"uv": [
										208,
										194
									],
									"uv_size": [
										12,
										-6
									]
								}
							}
						},
						{
							"origin": [
								3.96,
								0,
								3.29
							],
							"size": [
								3.96,
								0.33,
								1.98
							],
							"uv": {
								"north": {
									"uv": [
										64,
										197
									],
									"uv_size": [
										12,
										1
									]
								},
								"east": {
									"uv": [
										58,
										197
									],
									"uv_size": [
										6,
										1
									]
								},
								"south": {
									"uv": [
										82,
										197
									],
									"uv_size": [
										12,
										1
									]
								},
								"west": {
									"uv": [
										76,
										197
									],
									"uv_size": [
										6,
										1
									]
								},
								"up": {
									"uv": [
										64,
										191
									],
									"uv_size": [
										12,
										6
									]
								},
								"down": {
									"uv": [
										76,
										197
									],
									"uv_size": [
										12,
										-6
									]
								}
							}
						},
						{
							"origin": [
								3.96,
								0,
								0.98
							],
							"size": [
								3.96,
								0.33,
								1.98
							],
							"uv": {
								"north": {
									"uv": [
										100,
										197
									],
									"uv_size": [
										12,
										1
									]
								},
								"east": {
									"uv": [
										94,
										197
									],
									"uv_size": [
										6,
										1
									]
								},
								"south": {
									"uv": [
										118,
										197
									],
									"uv_size": [
										12,
										1
									]
								},
								"west": {
									"uv": [
										112,
										197
									],
									"uv_size": [
										6,
										1
									]
								},
								"up": {
									"uv": [
										100,
										191
									],
									"uv_size": [
										12,
										6
									]
								},
								"down": {
									"uv": [
										112,
										197
									],
									"uv_size": [
										12,
										-6
									]
								}
							}
						},
						{
							"origin": [
								3.96,
								0,
								-1.33
							],
							"size": [
								3.96,
								0.33,
								1.98
							],
							"uv": {
								"north": {
									"uv": [
										197,
										187
									],
									"uv_size": [
										12,
										1
									]
								},
								"east": {
									"uv": [
										191,
										187
									],
									"uv_size": [
										6,
										1
									]
								},
								"south": {
									"uv": [
										215,
										187
									],
									"uv_size": [
										12,
										1
									]
								},
								"west": {
									"uv": [
										209,
										187
									],
									"uv_size": [
										6,
										1
									]
								},
								"up": {
									"uv": [
										197,
										181
									],
									"uv_size": [
										12,
										6
									]
								},
								"down": {
									"uv": [
										209,
										187
									],
									"uv_size": [
										12,
										-6
									]
								}
							}
						}
					]
				},
				{
					"name": "drill",
					"pivot": [
						0,
						6.6,
						-4.62
					]
				},
				{
					"name": "nivel_1",
					"parent": "drill",
					"pivot": [
						0,
						6.6,
						-4.62
					],
					"cubes": [
						{
							"origin": [
								-2.64,
								3.96,
								-6.61
							],
							"size": [
								5.28,
								5.28,
								1.65
							],
							"uv": {
								"north": {
									"uv": [
										130,
										168
									],
									"uv_size": [
										16,
										16
									]
								},
								"east": {
									"uv": [
										125,
										168
									],
									"uv_size": [
										5,
										16
									]
								},
								"south": {
									"uv": [
										151,
										168
									],
									"uv_size": [
										16,
										16
									]
								},
								"west": {
									"uv": [
										146,
										168
									],
									"uv_size": [
										5,
										16
									]
								},
								"up": {
									"uv": [
										130,
										163
									],
									"uv_size": [
										16,
										5
									]
								},
								"down": {
									"uv": [
										146,
										168
									],
									"uv_size": [
										16,
										-5
									]
								}
							}
						},
						{
							"origin": [
								-2.64,
								3.96,
								-6.61
							],
							"size": [
								5.28,
								5.28,
								1.65
							],
							"pivot": [
								0,
								6.6,
								-6.94
							],
							"rotation": [
								0,
								0,
								22.5
							],
							"uv": {
								"north": {
									"uv": [
										168,
										21
									],
									"uv_size": [
										16,
										16
									]
								},
								"east": {
									"uv": [
										163,
										21
									],
									"uv_size": [
										5,
										16
									]
								},
								"south": {
									"uv": [
										189,
										21
									],
									"uv_size": [
										16,
										16
									]
								},
								"west": {
									"uv": [
										184,
										21
									],
									"uv_size": [
										5,
										16
									]
								},
								"up": {
									"uv": [
										168,
										16
									],
									"uv_size": [
										16,
										5
									]
								},
								"down": {
									"uv": [
										184,
										21
									],
									"uv_size": [
										16,
										-5
									]
								}
							}
						},
						{
							"origin": [
								-2.64,
								3.96,
								-6.61
							],
							"size": [
								5.28,
								5.28,
								1.65
							],
							"pivot": [
								0,
								6.6,
								-6.94
							],
							"rotation": [
								0,
								0,
								45
							],
							"uv": {
								"north": {
									"uv": [
										157,
										87
									],
									"uv_size": [
										16,
										16
									]
								},
								"east": {
									"uv": [
										152,
										87
									],
									"uv_size": [
										5,
										16
									]
								},
								"south": {
									"uv": [
										178,
										87
									],
									"uv_size": [
										16,
										16
									]
								},
								"west": {
									"uv": [
										173,
										87
									],
									"uv_size": [
										5,
										16
									]
								},
								"up": {
									"uv": [
										157,
										82
									],
									"uv_size": [
										16,
										5
									]
								},
								"down": {
									"uv": [
										173,
										87
									],
									"uv_size": [
										16,
										-5
									]
								}
							}
						},
						{
							"origin": [
								-2.64,
								3.96,
								-6.61
							],
							"size": [
								5.28,
								5.28,
								1.65
							],
							"pivot": [
								0,
								6.6,
								-6.94
							],
							"rotation": [
								0,
								0,
								-22.5
							],
							"uv": {
								"north": {
									"uv": [
										162,
										144
									],
									"uv_size": [
										16,
										16
									]
								},
								"east": {
									"uv": [
										157,
										144
									],
									"uv_size": [
										5,
										16
									]
								},
								"south": {
									"uv": [
										183,
										144
									],
									"uv_size": [
										16,
										16
									]
								},
								"west": {
									"uv": [
										178,
										144
									],
									"uv_size": [
										5,
										16
									]
								},
								"up": {
									"uv": [
										162,
										139
									],
									"uv_size": [
										16,
										5
									]
								},
								"down": {
									"uv": [
										178,
										144
									],
									"uv_size": [
										16,
										-5
									]
								}
							}
						}
					]
				},
				{
					"name": "nivel_2",
					"parent": "drill",
					"pivot": [
						0,
						6.6,
						-4.95
					],
					"cubes": [
						{
							"origin": [
								-1.98,
								4.62,
								-8.26
							],
							"size": [
								3.96,
								3.96,
								1.65
							],
							"pivot": [
								0,
								6.6,
								-5.95
							],
							"rotation": [
								0,
								0,
								22.5
							],
							"uv": {
								"north": {
									"uv": [
										179,
										108
									],
									"uv_size": [
										12,
										12
									]
								},
								"east": {
									"uv": [
										174,
										108
									],
									"uv_size": [
										5,
										12
									]
								},
								"south": {
									"uv": [
										196,
										108
									],
									"uv_size": [
										12,
										12
									]
								},
								"west": {
									"uv": [
										191,
										108
									],
									"uv_size": [
										5,
										12
									]
								},
								"up": {
									"uv": [
										179,
										103
									],
									"uv_size": [
										12,
										5
									]
								},
								"down": {
									"uv": [
										191,
										108
									],
									"uv_size": [
										12,
										-5
									]
								}
							}
						},
						{
							"origin": [
								-1.98,
								4.62,
								-8.26
							],
							"size": [
								3.96,
								3.96,
								1.65
							],
							"pivot": [
								0,
								6.6,
								-5.95
							],
							"rotation": [
								0,
								0,
								45
							],
							"uv": {
								"north": {
									"uv": [
										91,
										172
									],
									"uv_size": [
										12,
										12
									]
								},
								"east": {
									"uv": [
										86,
										172
									],
									"uv_size": [
										5,
										12
									]
								},
								"south": {
									"uv": [
										108,
										172
									],
									"uv_size": [
										12,
										12
									]
								},
								"west": {
									"uv": [
										103,
										172
									],
									"uv_size": [
										5,
										12
									]
								},
								"up": {
									"uv": [
										91,
										167
									],
									"uv_size": [
										12,
										5
									]
								},
								"down": {
									"uv": [
										103,
										172
									],
									"uv_size": [
										12,
										-5
									]
								}
							}
						},
						{
							"origin": [
								-1.98,
								4.62,
								-8.26
							],
							"size": [
								3.96,
								3.96,
								1.65
							],
							"uv": {
								"north": {
									"uv": [
										5,
										180
									],
									"uv_size": [
										12,
										12
									]
								},
								"east": {
									"uv": [
										0,
										180
									],
									"uv_size": [
										5,
										12
									]
								},
								"south": {
									"uv": [
										22,
										180
									],
									"uv_size": [
										12,
										12
									]
								},
								"west": {
									"uv": [
										17,
										180
									],
									"uv_size": [
										5,
										12
									]
								},
								"up": {
									"uv": [
										5,
										175
									],
									"uv_size": [
										12,
										5
									]
								},
								"down": {
									"uv": [
										17,
										180
									],
									"uv_size": [
										12,
										-5
									]
								}
							}
						},
						{
							"origin": [
								-1.98,
								4.62,
								-8.26
							],
							"size": [
								3.96,
								3.96,
								1.65
							],
							"pivot": [
								0,
								6.6,
								-5.95
							],
							"rotation": [
								0,
								0,
								-22.5
							],
							"uv": {
								"north": {
									"uv": [
										172,
										168
									],
									"uv_size": [
										12,
										12
									]
								},
								"east": {
									"uv": [
										167,
										168
									],
									"uv_size": [
										5,
										12
									]
								},
								"south": {
									"uv": [
										189,
										168
									],
									"uv_size": [
										12,
										12
									]
								},
								"west": {
									"uv": [
										184,
										168
									],
									"uv_size": [
										5,
										12
									]
								},
								"up": {
									"uv": [
										172,
										163
									],
									"uv_size": [
										12,
										5
									]
								},
								"down": {
									"uv": [
										184,
										168
									],
									"uv_size": [
										12,
										-5
									]
								}
							}
						}
					]
				},
				{
					"name": "nivel_3",
					"parent": "drill",
					"pivot": [
						0,
						6.6,
						-5.28
					],
					"cubes": [
						{
							"origin": [
								-1.32,
								5.28,
								-9.58
							],
							"size": [
								2.64,
								2.64,
								1.32
							],
							"pivot": [
								0,
								6.6,
								-6.28
							],
							"rotation": [
								0,
								0,
								-22.5
							],
							"uv": {
								"north": {
									"uv": [
										91,
										16
									],
									"uv_size": [
										8,
										8
									]
								},
								"east": {
									"uv": [
										87,
										16
									],
									"uv_size": [
										4,
										8
									]
								},
								"south": {
									"uv": [
										103,
										16
									],
									"uv_size": [
										8,
										8
									]
								},
								"west": {
									"uv": [
										99,
										16
									],
									"uv_size": [
										4,
										8
									]
								},
								"up": {
									"uv": [
										91,
										12
									],
									"uv_size": [
										8,
										4
									]
								},
								"down": {
									"uv": [
										99,
										16
									],
									"uv_size": [
										8,
										-4
									]
								}
							}
						},
						{
							"origin": [
								-1.32,
								5.28,
								-9.58
							],
							"size": [
								2.64,
								2.64,
								1.32
							],
							"uv": {
								"north": {
									"uv": [
										4,
										196
									],
									"uv_size": [
										8,
										8
									]
								},
								"east": {
									"uv": [
										0,
										196
									],
									"uv_size": [
										4,
										8
									]
								},
								"south": {
									"uv": [
										16,
										196
									],
									"uv_size": [
										8,
										8
									]
								},
								"west": {
									"uv": [
										12,
										196
									],
									"uv_size": [
										4,
										8
									]
								},
								"up": {
									"uv": [
										4,
										192
									],
									"uv_size": [
										8,
										4
									]
								},
								"down": {
									"uv": [
										12,
										196
									],
									"uv_size": [
										8,
										-4
									]
								}
							}
						},
						{
							"origin": [
								-1.32,
								5.28,
								-9.58
							],
							"size": [
								2.64,
								2.64,
								1.32
							],
							"pivot": [
								0,
								6.6,
								-6.28
							],
							"rotation": [
								0,
								0,
								22.5
							],
							"uv": {
								"north": {
									"uv": [
										78,
										108
									],
									"uv_size": [
										8,
										8
									]
								},
								"east": {
									"uv": [
										74,
										108
									],
									"uv_size": [
										4,
										8
									]
								},
								"south": {
									"uv": [
										90,
										108
									],
									"uv_size": [
										8,
										8
									]
								},
								"west": {
									"uv": [
										86,
										108
									],
									"uv_size": [
										4,
										8
									]
								},
								"up": {
									"uv": [
										78,
										104
									],
									"uv_size": [
										8,
										4
									]
								},
								"down": {
									"uv": [
										86,
										108
									],
									"uv_size": [
										8,
										-4
									]
								}
							}
						},
						{
							"origin": [
								-1.32,
								5.28,
								-9.58
							],
							"size": [
								2.64,
								2.64,
								1.32
							],
							"pivot": [
								0,
								6.6,
								-6.28
							],
							"rotation": [
								0,
								0,
								45
							],
							"uv": {
								"north": {
									"uv": [
										91,
										4
									],
									"uv_size": [
										8,
										8
									]
								},
								"east": {
									"uv": [
										87,
										4
									],
									"uv_size": [
										4,
										8
									]
								},
								"south": {
									"uv": [
										103,
										4
									],
									"uv_size": [
										8,
										8
									]
								},
								"west": {
									"uv": [
										99,
										4
									],
									"uv_size": [
										4,
										8
									]
								},
								"up": {
									"uv": [
										91,
										0
									],
									"uv_size": [
										8,
										4
									]
								},
								"down": {
									"uv": [
										99,
										4
									],
									"uv_size": [
										8,
										-4
									]
								}
							}
						}
					]
				},
				{
					"name": "nivel_4",
					"parent": "drill",
					"pivot": [
						0,
						6.6,
						-5.28
					],
					"cubes": [
						{
							"origin": [
								-0.66,
								5.94,
								-10.57
							],
							"size": [
								1.32,
								1.32,
								0.99
							],
							"pivot": [
								0,
								6.6,
								-6.28
							],
							"rotation": [
								0,
								0,
								-22.5
							],
							"uv": {
								"north": {
									"uv": [
										23,
										3
									],
									"uv_size": [
										4,
										4
									]
								},
								"east": {
									"uv": [
										20,
										3
									],
									"uv_size": [
										3,
										4
									]
								},
								"south": {
									"uv": [
										30,
										3
									],
									"uv_size": [
										4,
										4
									]
								},
								"west": {
									"uv": [
										27,
										3
									],
									"uv_size": [
										3,
										4
									]
								},
								"up": {
									"uv": [
										23,
										0
									],
									"uv_size": [
										4,
										3
									]
								},
								"down": {
									"uv": [
										27,
										3
									],
									"uv_size": [
										4,
										-3
									]
								}
							}
						},
						{
							"origin": [
								-0.66,
								5.94,
								-10.57
							],
							"size": [
								1.32,
								1.32,
								0.99
							],
							"uv": {
								"north": {
									"uv": [
										23,
										10
									],
									"uv_size": [
										4,
										4
									]
								},
								"east": {
									"uv": [
										20,
										10
									],
									"uv_size": [
										3,
										4
									]
								},
								"south": {
									"uv": [
										30,
										10
									],
									"uv_size": [
										4,
										4
									]
								},
								"west": {
									"uv": [
										27,
										10
									],
									"uv_size": [
										3,
										4
									]
								},
								"up": {
									"uv": [
										23,
										7
									],
									"uv_size": [
										4,
										3
									]
								},
								"down": {
									"uv": [
										27,
										10
									],
									"uv_size": [
										4,
										-3
									]
								}
							}
						},
						{
							"origin": [
								-0.66,
								5.94,
								-10.57
							],
							"size": [
								1.32,
								1.32,
								0.99
							],
							"pivot": [
								0,
								6.6,
								-6.28
							],
							"rotation": [
								0,
								0,
								22.5
							],
							"uv": {
								"north": {
									"uv": [
										3,
										10
									],
									"uv_size": [
										4,
										4
									]
								},
								"east": {
									"uv": [
										0,
										10
									],
									"uv_size": [
										3,
										4
									]
								},
								"south": {
									"uv": [
										10,
										10
									],
									"uv_size": [
										4,
										4
									]
								},
								"west": {
									"uv": [
										7,
										10
									],
									"uv_size": [
										3,
										4
									]
								},
								"up": {
									"uv": [
										3,
										7
									],
									"uv_size": [
										4,
										3
									]
								},
								"down": {
									"uv": [
										7,
										10
									],
									"uv_size": [
										4,
										-3
									]
								}
							}
						},
						{
							"origin": [
								-0.66,
								5.94,
								-10.57
							],
							"size": [
								1.32,
								1.32,
								0.99
							],
							"pivot": [
								0,
								6.6,
								-6.28
							],
							"rotation": [
								0,
								0,
								45
							],
							"uv": {
								"north": {
									"uv": [
										3,
										3
									],
									"uv_size": [
										4,
										4
									]
								},
								"east": {
									"uv": [
										0,
										3
									],
									"uv_size": [
										3,
										4
									]
								},
								"south": {
									"uv": [
										10,
										3
									],
									"uv_size": [
										4,
										4
									]
								},
								"west": {
									"uv": [
										7,
										3
									],
									"uv_size": [
										3,
										4
									]
								},
								"up": {
									"uv": [
										3,
										0
									],
									"uv_size": [
										4,
										3
									]
								},
								"down": {
									"uv": [
										7,
										3
									],
									"uv_size": [
										4,
										-3
									]
								}
							}
						}
					]
				},
				{
					"name": "nivel_5",
					"parent": "drill",
					"pivot": [
						0,
						6.6,
						-5.28
					],
					"cubes": [
						{
							"origin": [
								-0.33,
								6.27,
								-10.9
							],
							"size": [
								0.66,
								0.66,
								0.33
							],
							"pivot": [
								0,
								6.6,
								-6.28
							],
							"rotation": [
								0,
								0,
								22.5
							],
							"uv": {
								"north": {
									"uv": [
										1,
										15
									],
									"uv_size": [
										2,
										2
									]
								},
								"east": {
									"uv": [
										0,
										15
									],
									"uv_size": [
										1,
										2
									]
								},
								"south": {
									"uv": [
										4,
										15
									],
									"uv_size": [
										2,
										2
									]
								},
								"west": {
									"uv": [
										3,
										15
									],
									"uv_size": [
										1,
										2
									]
								},
								"up": {
									"uv": [
										1,
										14
									],
									"uv_size": [
										2,
										1
									]
								},
								"down": {
									"uv": [
										3,
										15
									],
									"uv_size": [
										2,
										-1
									]
								}
							}
						},
						{
							"origin": [
								-0.33,
								6.27,
								-10.9
							],
							"size": [
								0.66,
								0.66,
								0.33
							],
							"pivot": [
								0,
								6.6,
								-6.28
							],
							"rotation": [
								0,
								0,
								45
							],
							"uv": {
								"north": {
									"uv": [
										12,
										1
									],
									"uv_size": [
										2,
										2
									]
								},
								"east": {
									"uv": [
										11,
										1
									],
									"uv_size": [
										1,
										2
									]
								},
								"south": {
									"uv": [
										15,
										1
									],
									"uv_size": [
										2,
										2
									]
								},
								"west": {
									"uv": [
										14,
										1
									],
									"uv_size": [
										1,
										2
									]
								},
								"up": {
									"uv": [
										12,
										0
									],
									"uv_size": [
										2,
										1
									]
								},
								"down": {
									"uv": [
										14,
										1
									],
									"uv_size": [
										2,
										-1
									]
								}
							}
						},
						{
							"origin": [
								-0.33,
								6.27,
								-10.9
							],
							"size": [
								0.66,
								0.66,
								0.33
							],
							"pivot": [
								0,
								6.6,
								-6.28
							],
							"rotation": [
								0,
								0,
								-22.5
							],
							"uv": {
								"north": {
									"uv": [
										12,
										8
									],
									"uv_size": [
										2,
										2
									]
								},
								"east": {
									"uv": [
										11,
										8
									],
									"uv_size": [
										1,
										2
									]
								},
								"south": {
									"uv": [
										15,
										8
									],
									"uv_size": [
										2,
										2
									]
								},
								"west": {
									"uv": [
										14,
										8
									],
									"uv_size": [
										1,
										2
									]
								},
								"up": {
									"uv": [
										12,
										7
									],
									"uv_size": [
										2,
										1
									]
								},
								"down": {
									"uv": [
										14,
										8
									],
									"uv_size": [
										2,
										-1
									]
								}
							}
						},
						{
							"origin": [
								-0.33,
								6.27,
								-10.9
							],
							"size": [
								0.66,
								0.66,
								0.33
							],
							"uv": {
								"north": {
									"uv": [
										7,
										15
									],
									"uv_size": [
										2,
										2
									]
								},
								"east": {
									"uv": [
										6,
										15
									],
									"uv_size": [
										1,
										2
									]
								},
								"south": {
									"uv": [
										10,
										15
									],
									"uv_size": [
										2,
										2
									]
								},
								"west": {
									"uv": [
										9,
										15
									],
									"uv_size": [
										1,
										2
									]
								},
								"up": {
									"uv": [
										7,
										14
									],
									"uv_size": [
										2,
										1
									]
								},
								"down": {
									"uv": [
										9,
										15
									],
									"uv_size": [
										2,
										-1
									]
								}
							}
						}
					]
				},
				{
					"name": "drill_frame",
					"parent": "drill",
					"pivot": [
						0,
						6.6,
						-5.94
					],
					"cubes": [
						{
							"origin": [
								-3.96,
								4.95,
								-4.96
							],
							"size": [
								1.98,
								3.3,
								1.32
							],
							"pivot": [
								0,
								6.6,
								-6.94
							],
							"rotation": [
								0,
								0,
								90
							],
							"uv": {
								"north": {
									"uv": [
										88,
										202
									],
									"uv_size": [
										6,
										10
									]
								},
								"east": {
									"uv": [
										84,
										202
									],
									"uv_size": [
										4,
										10
									]
								},
								"south": {
									"uv": [
										98,
										202
									],
									"uv_size": [
										6,
										10
									]
								},
								"west": {
									"uv": [
										94,
										202
									],
									"uv_size": [
										4,
										10
									]
								},
								"up": {
									"uv": [
										88,
										198
									],
									"uv_size": [
										6,
										4
									]
								},
								"down": {
									"uv": [
										94,
										202
									],
									"uv_size": [
										6,
										-4
									]
								}
							}
						},
						{
							"origin": [
								-3.96,
								4.95,
								-4.96
							],
							"size": [
								1.98,
								3.3,
								1.32
							],
							"uv": {
								"north": {
									"uv": [
										28,
										201
									],
									"uv_size": [
										6,
										10
									]
								},
								"east": {
									"uv": [
										24,
										201
									],
									"uv_size": [
										4,
										10
									]
								},
								"south": {
									"uv": [
										38,
										201
									],
									"uv_size": [
										6,
										10
									]
								},
								"west": {
									"uv": [
										34,
										201
									],
									"uv_size": [
										4,
										10
									]
								},
								"up": {
									"uv": [
										28,
										197
									],
									"uv_size": [
										6,
										4
									]
								},
								"down": {
									"uv": [
										34,
										201
									],
									"uv_size": [
										6,
										-4
									]
								}
							}
						},
						{
							"origin": [
								-3.96,
								4.95,
								-4.96
							],
							"size": [
								1.98,
								3.3,
								1.32
							],
							"pivot": [
								0,
								6.6,
								-6.94
							],
							"rotation": [
								0,
								0,
								45
							],
							"uv": {
								"north": {
									"uv": [
										68,
										202
									],
									"uv_size": [
										6,
										10
									]
								},
								"east": {
									"uv": [
										64,
										202
									],
									"uv_size": [
										4,
										10
									]
								},
								"south": {
									"uv": [
										78,
										202
									],
									"uv_size": [
										6,
										10
									]
								},
								"west": {
									"uv": [
										74,
										202
									],
									"uv_size": [
										4,
										10
									]
								},
								"up": {
									"uv": [
										68,
										198
									],
									"uv_size": [
										6,
										4
									]
								},
								"down": {
									"uv": [
										74,
										202
									],
									"uv_size": [
										6,
										-4
									]
								}
							}
						},
						{
							"origin": [
								1.98,
								4.95,
								-4.96
							],
							"size": [
								1.98,
								3.3,
								1.32
							],
							"uv": {
								"north": {
									"uv": [
										4,
										57
									],
									"uv_size": [
										6,
										10
									]
								},
								"east": {
									"uv": [
										0,
										57
									],
									"uv_size": [
										4,
										10
									]
								},
								"south": {
									"uv": [
										14,
										57
									],
									"uv_size": [
										6,
										10
									]
								},
								"west": {
									"uv": [
										10,
										57
									],
									"uv_size": [
										4,
										10
									]
								},
								"up": {
									"uv": [
										4,
										53
									],
									"uv_size": [
										6,
										4
									]
								},
								"down": {
									"uv": [
										10,
										57
									],
									"uv_size": [
										6,
										-4
									]
								}
							}
						},
						{
							"origin": [
								1.98,
								4.95,
								-4.96
							],
							"size": [
								1.98,
								3.3,
								1.32
							],
							"pivot": [
								0,
								6.6,
								-6.94
							],
							"rotation": [
								0,
								0,
								-45
							],
							"uv": {
								"north": {
									"uv": [
										134,
										143
									],
									"uv_size": [
										6,
										10
									]
								},
								"east": {
									"uv": [
										130,
										143
									],
									"uv_size": [
										4,
										10
									]
								},
								"south": {
									"uv": [
										144,
										143
									],
									"uv_size": [
										6,
										10
									]
								},
								"west": {
									"uv": [
										140,
										143
									],
									"uv_size": [
										4,
										10
									]
								},
								"up": {
									"uv": [
										134,
										139
									],
									"uv_size": [
										6,
										4
									]
								},
								"down": {
									"uv": [
										140,
										143
									],
									"uv_size": [
										6,
										-4
									]
								}
							}
						},
						{
							"origin": [
								1.98,
								4.95,
								-4.96
							],
							"size": [
								1.98,
								3.3,
								1.32
							],
							"pivot": [
								0,
								6.6,
								-6.94
							],
							"rotation": [
								0,
								0,
								45
							],
							"uv": {
								"north": {
									"uv": [
										81,
										57
									],
									"uv_size": [
										6,
										10
									]
								},
								"east": {
									"uv": [
										77,
										57
									],
									"uv_size": [
										4,
										10
									]
								},
								"south": {
									"uv": [
										91,
										57
									],
									"uv_size": [
										6,
										10
									]
								},
								"west": {
									"uv": [
										87,
										57
									],
									"uv_size": [
										4,
										10
									]
								},
								"up": {
									"uv": [
										81,
										53
									],
									"uv_size": [
										6,
										4
									]
								},
								"down": {
									"uv": [
										87,
										57
									],
									"uv_size": [
										6,
										-4
									]
								}
							}
						},
						{
							"origin": [
								-3.96,
								4.95,
								-4.96
							],
							"size": [
								1.98,
								3.3,
								1.32
							],
							"pivot": [
								0,
								6.6,
								-6.94
							],
							"rotation": [
								0,
								0,
								-45
							],
							"uv": {
								"north": {
									"uv": [
										48,
										202
									],
									"uv_size": [
										6,
										10
									]
								},
								"east": {
									"uv": [
										44,
										202
									],
									"uv_size": [
										4,
										10
									]
								},
								"south": {
									"uv": [
										58,
										202
									],
									"uv_size": [
										6,
										10
									]
								},
								"west": {
									"uv": [
										54,
										202
									],
									"uv_size": [
										4,
										10
									]
								},
								"up": {
									"uv": [
										48,
										198
									],
									"uv_size": [
										6,
										4
									]
								},
								"down": {
									"uv": [
										54,
										202
									],
									"uv_size": [
										6,
										-4
									]
								}
							}
						},
						{
							"origin": [
								-3.96,
								4.95,
								-4.96
							],
							"size": [
								1.98,
								3.3,
								1.32
							],
							"pivot": [
								0,
								6.6,
								-6.94
							],
							"rotation": [
								0,
								0,
								-90
							],
							"uv": {
								"north": {
									"uv": [
										4,
										155
									],
									"uv_size": [
										6,
										10
									]
								},
								"east": {
									"uv": [
										0,
										155
									],
									"uv_size": [
										4,
										10
									]
								},
								"south": {
									"uv": [
										14,
										155
									],
									"uv_size": [
										6,
										10
									]
								},
								"west": {
									"uv": [
										10,
										155
									],
									"uv_size": [
										4,
										10
									]
								},
								"up": {
									"uv": [
										4,
										151
									],
									"uv_size": [
										6,
										4
									]
								},
								"down": {
									"uv": [
										10,
										155
									],
									"uv_size": [
										6,
										-4
									]
								}
							}
						}
					]
				}
			]
		}
	]
}