{
	"format_version": "1.12.0",
	"minecraft:geometry": [
		{
			"description": {
				"identifier": "geometry.induction_anvil",
				"texture_width": 64,
				"texture_height": 64,
				"visible_bounds_width": 2,
				"visible_bounds_height": 2.5,
				"visible_bounds_offset": [
					0,
					0.75,
					0
				]
			},
			"bones": [
				{
					"name": "Inductionanvil",
					"pivot": [
						0,
						5,
						0
					]
				},
				{
					"name": "Cabeza",
					"parent": "Inductionanvil",
					"pivot": [
						0,
						9,
						0
					],
					"cubes": [
						{
							"origin": [
								-4,
								9,
								-5
							],
							"size": [
								8,
								5,
								10
							],
							"uv": {
								"north": {
									"uv": [
										6,
										20
									],
									"uv_size": [
										8,
										5
									]
								},
								"east": {
									"uv": [
										8,
										10
									],
									"uv_size": [
										10,
										5
									]
								},
								"south": {
									"uv": [
										22,
										0
									],
									"uv_size": [
										8,
										5
									]
								},
								"west": {
									"uv": [
										8,
										15
									],
									"uv_size": [
										10,
										5
									]
								},
								"up": {
									"uv": [
										8,
										10
									],
									"uv_size": [
										-8,
										-10
									]
								},
								"down": {
									"uv": [
										8,
										20
									],
									"uv_size": [
										-8,
										-10
									]
								}
							}
						},
						{
							"origin": [
								-3,
								9,
								-8
							],
							"size": [
								6,
								3,
								3
							],
							"uv": {
								"north": {
									"uv": [
										20,
										28
									],
									"uv_size": [
										6,
										3
									]
								},
								"east": {
									"uv": [
										33,
										9
									],
									"uv_size": [
										3,
										3
									]
								},
								"south": {
									"uv": [
										28,
										23
									],
									"uv_size": [
										6,
										3
									]
								},
								"west": {
									"uv": [
										23,
										33
									],
									"uv_size": [
										3,
										3
									]
								},
								"up": {
									"uv": [
										26,
										28
									],
									"uv_size": [
										6,
										3
									]
								},
								"down": {
									"uv": [
										0,
										33
									],
									"uv_size": [
										6,
										-3
									]
								}
							}
						},
						{
							"origin": [
								-3,
								12,
								5
							],
							"size": [
								6,
								2,
								3
							],
							"uv": {
								"north": {
									"uv": [
										31,
										31
									],
									"uv_size": [
										6,
										2
									]
								},
								"east": {
									"uv": [
										34,
										24
									],
									"uv_size": [
										3,
										2
									]
								},
								"south": {
									"uv": [
										32,
										28
									],
									"uv_size": [
										6,
										2
									]
								},
								"west": {
									"uv": [
										19,
										35
									],
									"uv_size": [
										3,
										2
									]
								},
								"up": {
									"uv": [
										30,
										0
									],
									"uv_size": [
										6,
										3
									]
								},
								"down": {
									"uv": [
										30,
										6
									],
									"uv_size": [
										6,
										-3
									]
								}
							}
						},
						{
							"origin": [
								-3,
								8,
								-4
							],
							"size": [
								6,
								1,
								8
							],
							"uv": {
								"north": {
									"uv": [
										32,
										35
									],
									"uv_size": [
										6,
										1
									]
								},
								"east": {
									"uv": [
										6,
										25
									],
									"uv_size": [
										8,
										1
									]
								},
								"south": {
									"uv": [
										0,
										36
									],
									"uv_size": [
										6,
										1
									]
								},
								"west": {
									"uv": [
										30,
										12
									],
									"uv_size": [
										8,
										1
									]
								},
								"up": {
									"uv": [
										16,
										0
									],
									"uv_size": [
										6,
										8
									]
								},
								"down": {
									"uv": [
										18,
										16
									],
									"uv_size": [
										6,
										-8
									]
								}
							}
						},
						{
							"origin": [
								-2,
								8,
								-7
							],
							"size": [
								4,
								1,
								3
							],
							"uv": {
								"north": {
									"uv": [
										24,
										23
									],
									"uv_size": [
										4,
										1
									]
								},
								"east": {
									"uv": [
										36,
										5
									],
									"uv_size": [
										3,
										1
									]
								},
								"south": {
									"uv": [
										36,
										2
									],
									"uv_size": [
										4,
										1
									]
								},
								"west": {
									"uv": [
										36,
										9
									],
									"uv_size": [
										3,
										1
									]
								},
								"up": {
									"uv": [
										0,
										33
									],
									"uv_size": [
										4,
										3
									]
								},
								"down": {
									"uv": [
										33,
										9
									],
									"uv_size": [
										4,
										-3
									]
								}
							}
						},
						{
							"origin": [
								-2,
								10,
								5
							],
							"size": [
								4,
								2,
								2
							],
							"uv": {
								"north": {
									"uv": [
										32,
										33
									],
									"uv_size": [
										4,
										2
									]
								},
								"east": {
									"uv": [
										16,
										8
									],
									"uv_size": [
										2,
										2
									]
								},
								"south": {
									"uv": [
										15,
										34
									],
									"uv_size": [
										4,
										2
									]
								},
								"west": {
									"uv": [
										22,
										5
									],
									"uv_size": [
										2,
										2
									]
								},
								"up": {
									"uv": [
										34,
										19
									],
									"uv_size": [
										4,
										2
									]
								},
								"down": {
									"uv": [
										34,
										23
									],
									"uv_size": [
										4,
										-2
									]
								}
							}
						}
					]
				},
				{
					"name": "Cuerpo",
					"parent": "Inductionanvil",
					"pivot": [
						0,
						4,
						0
					],
					"cubes": [
						{
							"origin": [
								-2,
								4,
								-3
							],
							"size": [
								4,
								4,
								6
							],
							"uv": {
								"north": {
									"uv": [
										15,
										30
									],
									"uv_size": [
										4,
										4
									]
								},
								"east": {
									"uv": [
										24,
										5
									],
									"uv_size": [
										6,
										4
									]
								},
								"south": {
									"uv": [
										19,
										31
									],
									"uv_size": [
										4,
										4
									]
								},
								"west": {
									"uv": [
										24,
										9
									],
									"uv_size": [
										6,
										4
									]
								},
								"up": {
									"uv": [
										14,
										20
									],
									"uv_size": [
										4,
										6
									]
								},
								"down": {
									"uv": [
										24,
										19
									],
									"uv_size": [
										4,
										-6
									]
								}
							}
						},
						{
							"origin": [
								-0.5,
								8,
								3.5
							],
							"size": [
								1,
								1,
								1
							],
							"uv": {
								"north": {
									"uv": [
										22,
										7
									],
									"uv_size": [
										1,
										1
									]
								},
								"east": {
									"uv": [
										23,
										7
									],
									"uv_size": [
										1,
										1
									]
								},
								"south": {
									"uv": [
										19,
										30
									],
									"uv_size": [
										1,
										1
									]
								},
								"west": {
									"uv": [
										4,
										35
									],
									"uv_size": [
										1,
										1
									]
								},
								"up": {
									"uv": [
										5,
										35
									],
									"uv_size": [
										1,
										1
									]
								},
								"down": {
									"uv": [
										22,
										36
									],
									"uv_size": [
										1,
										-1
									]
								}
							}
						},
						{
							"origin": [
								-1.5,
								2,
								2.5
							],
							"size": [
								3,
								6,
								3
							],
							"uv": {
								"north": {
									"uv": [
										6,
										30
									],
									"uv_size": [
										3,
										6
									]
								},
								"east": {
									"uv": [
										30,
										6
									],
									"uv_size": [
										3,
										6
									]
								},
								"south": {
									"uv": [
										9,
										30
									],
									"uv_size": [
										3,
										6
									]
								},
								"west": {
									"uv": [
										12,
										30
									],
									"uv_size": [
										3,
										6
									]
								},
								"up": {
									"uv": [
										26,
										33
									],
									"uv_size": [
										3,
										3
									]
								},
								"down": {
									"uv": [
										29,
										36
									],
									"uv_size": [
										3,
										-3
									]
								}
							}
						}
					]
				},
				{
					"name": "Base",
					"parent": "Inductionanvil",
					"pivot": [
						0,
						0,
						-1
					],
					"cubes": [
						{
							"origin": [
								-3,
								3,
								-4
							],
							"size": [
								6,
								1,
								8
							],
							"uv": {
								"north": {
									"uv": [
										36,
										0
									],
									"uv_size": [
										6,
										1
									]
								},
								"east": {
									"uv": [
										32,
										30
									],
									"uv_size": [
										8,
										1
									]
								},
								"south": {
									"uv": [
										36,
										1
									],
									"uv_size": [
										6,
										1
									]
								},
								"west": {
									"uv": [
										34,
										23
									],
									"uv_size": [
										8,
										1
									]
								},
								"up": {
									"uv": [
										18,
										16
									],
									"uv_size": [
										6,
										8
									]
								},
								"down": {
									"uv": [
										0,
										28
									],
									"uv_size": [
										6,
										-8
									]
								}
							}
						},
						{
							"origin": [
								-4,
								1,
								-5
							],
							"size": [
								8,
								2,
								10
							],
							"uv": {
								"north": {
									"uv": [
										28,
										17
									],
									"uv_size": [
										8,
										2
									]
								},
								"east": {
									"uv": [
										18,
										24
									],
									"uv_size": [
										10,
										2
									]
								},
								"south": {
									"uv": [
										23,
										31
									],
									"uv_size": [
										8,
										2
									]
								},
								"west": {
									"uv": [
										24,
										19
									],
									"uv_size": [
										10,
										2
									]
								},
								"up": {
									"uv": [
										8,
										0
									],
									"uv_size": [
										8,
										10
									]
								},
								"down": {
									"uv": [
										0,
										20
									],
									"uv_size": [
										8,
										-10
									]
								}
							}
						},
						{
							"origin": [
								-5,
								0,
								-6
							],
							"size": [
								10,
								2,
								2
							],
							"uv": {
								"north": {
									"uv": [
										24,
										21
									],
									"uv_size": [
										10,
										2
									]
								},
								"east": {
									"uv": [
										4,
										33
									],
									"uv_size": [
										2,
										2
									]
								},
								"south": {
									"uv": [
										6,
										26
									],
									"uv_size": [
										10,
										2
									]
								},
								"west": {
									"uv": [
										36,
										3
									],
									"uv_size": [
										2,
										2
									]
								},
								"up": {
									"uv": [
										16,
										26
									],
									"uv_size": [
										10,
										2
									]
								},
								"down": {
									"uv": [
										26,
										28
									],
									"uv_size": [
										10,
										-2
									]
								}
							}
						},
						{
							"origin": [
								-5,
								0,
								4
							],
							"size": [
								10,
								2,
								2
							],
							"uv": {
								"north": {
									"uv": [
										0,
										28
									],
									"uv_size": [
										10,
										2
									]
								},
								"east": {
									"uv": [
										6,
										36
									],
									"uv_size": [
										2,
										2
									]
								},
								"south": {
									"uv": [
										10,
										28
									],
									"uv_size": [
										10,
										2
									]
								},
								"west": {
									"uv": [
										8,
										36
									],
									"uv_size": [
										2,
										2
									]
								},
								"up": {
									"uv": [
										28,
										13
									],
									"uv_size": [
										10,
										2
									]
								},
								"down": {
									"uv": [
										28,
										17
									],
									"uv_size": [
										10,
										-2
									]
								}
							}
						}
					]
				}
			]
		}
	]
}