{
	"format_version": "1.12.0",
	"minecraft:geometry": [
		{
			"description": {
				"identifier": "geometry.utilitycraft_infinite_water_block",
				"texture_width": 64,
				"texture_height": 64,
				"visible_bounds_width": 2,
				"visible_bounds_height": 2.5,
				"visible_bounds_offset": [0, 0.75, 0]
			},
			"bones": [
				{
					"name": "block",
					"pivot": [0, 0, 0],
					"cubes": [
						{
							"origin": [-5, 1, 5],
							"size": [10, 10, 1],
							"uv": {
								"north": {"uv": [0, 0], "uv_size": [10, 10]},
								"east": {"uv": [0, 0], "uv_size": [1, 10]},
								"south": {"uv": [0, 0], "uv_size": [10, 10]},
								"west": {"uv": [0, 0], "uv_size": [1, 10]},
								"up": {"uv": [0, 4], "uv_size": [10, 1]},
								"down": {"uv": [10, 10], "uv_size": [-10, -1]}
							}
						},
						{
							"origin": [-2, 10, 3],
							"size": [4, 2, 2],
							"uv": {
								"north": {"uv": [0, 10], "uv_size": [4, 2]},
								"east": {"uv": [0, 10], "uv_size": [2, 2]},
								"south": {"uv": [0, 10], "uv_size": [4, 2]},
								"west": {"uv": [2, 10], "uv_size": [2, 2]},
								"up": {"uv": [4, 12], "uv_size": [-4, -2]},
								"down": {"uv": [35, 19], "uv_size": [4, -2]}
							}
						},
						{
							"origin": [-1, 12, 3.5],
							"size": [2, 2, 1],
							"uv": {
								"north": {"uv": [0, 10], "uv_size": [2, 2]},
								"east": {"uv": [0, 10], "uv_size": [1, 2]},
								"south": {"uv": [0, 10], "uv_size": [2, 2]},
								"west": {"uv": [0, 10], "uv_size": [1, 2]},
								"up": {"uv": [2, 11], "uv_size": [-2, -1]},
								"down": {"uv": [36, 26], "uv_size": [2, -1]}
							}
						},
						{
							"origin": [-0.5, 14, 1.5],
							"size": [1, 1, 3],
							"uv": {
								"north": {"uv": [0, 10], "uv_size": [1, 1]},
								"east": {"uv": [0, 10], "uv_size": [2, 1]},
								"south": {"uv": [0, 10], "uv_size": [1, 1]},
								"west": {"uv": [0, 10], "uv_size": [2, 1]},
								"up": {"uv": [1, 12], "uv_size": [-1, -2]},
								"down": {"uv": [1, 12], "uv_size": [-1, -2]}
							}
						},
						{
							"origin": [-0.25, 10, 1.75],
							"size": [0.5, 4, 0.5],
							"uv": {
								"north": {"uv": [20, 0], "uv_size": [1, 8]},
								"east": {"uv": [20, 0], "uv_size": [1, 8]},
								"south": {"uv": [20, 0], "uv_size": [1, 8]},
								"west": {"uv": [20, 0], "uv_size": [1, 8]},
								"up": {"uv": [35, 25], "uv_size": [1, 3]},
								"down": {"uv": [35, 31], "uv_size": [1, -3]}
							}
						},
						{
							"origin": [-5, 1, -6],
							"size": [10, 10, 1],
							"uv": {
								"north": {"uv": [0, 0], "uv_size": [10, 10]},
								"east": {"uv": [9, 0], "uv_size": [1, 10]},
								"south": {"uv": [0, 0], "uv_size": [10, 10]},
								"west": {"uv": [0, 0], "uv_size": [1, 10]},
								"up": {"uv": [0, 4], "uv_size": [10, 1]},
								"down": {"uv": [10, 10], "uv_size": [-10, -1]}
							}
						},
						{
							"origin": [-5, 1, 5],
							"size": [10, 10, 1],
							"pivot": [0, 0, 0],
							"rotation": [0, -90, 0],
							"uv": {
								"north": {"uv": [0, 0], "uv_size": [10, 10]},
								"east": {"uv": [0, 0], "uv_size": [1, 10]},
								"south": {"uv": [0, 0], "uv_size": [10, 10]},
								"west": {"uv": [0, 0], "uv_size": [1, 10]},
								"up": {"uv": [0, 4], "uv_size": [10, 1]},
								"down": {"uv": [10, 10], "uv_size": [-10, -1]}
							}
						},
						{
							"origin": [-5, 1, -6],
							"size": [10, 10, 1],
							"pivot": [0, 0, 0],
							"rotation": [0, -90, 0],
							"uv": {
								"north": {"uv": [0, 0], "uv_size": [10, 10]},
								"east": {"uv": [9, 0], "uv_size": [1, 10]},
								"south": {"uv": [0, 0], "uv_size": [10, 10]},
								"west": {"uv": [0, 0], "uv_size": [1, 10]},
								"up": {"uv": [0, 4], "uv_size": [10, 1]},
								"down": {"uv": [10, 10], "uv_size": [-10, -1]}
							}
						},
						{
							"origin": [-5, 0, -5],
							"size": [10, 1, 10],
							"uv": {
								"north": {"uv": [0, 9], "uv_size": [10, 1]},
								"east": {"uv": [0, 9], "uv_size": [10, 1]},
								"south": {"uv": [0, 9], "uv_size": [10, 1]},
								"west": {"uv": [0, 9], "uv_size": [10, 1]},
								"up": {"uv": [10, 10], "uv_size": [10, -10]},
								"down": {"uv": [10, 10], "uv_size": [10, -10]}
							}
						},
						{
							"origin": [-5, 10, -5],
							"size": [10, 0, 10],
							"uv": {
								"north": {"uv": [0, 0], "uv_size": [10, 0]},
								"east": {"uv": [0, 0], "uv_size": [10, 0]},
								"south": {"uv": [0, 0], "uv_size": [10, 0]},
								"west": {"uv": [0, 0], "uv_size": [10, 0]},
								"up": {"uv": [20, 0], "uv_size": [10, 10]},
								"down": {"uv": [10, 40], "uv_size": [10, -10]}
							}
						}
					]
				}
			]
		}
	]
}