{
	"format_version": "1.12.0",
	"minecraft:geometry": [
		{
			"description": {
				"identifier": "geometry.item_exporter",
				"texture_width": 16,
				"texture_height": 16,
				"visible_bounds_width": 2,
				"visible_bounds_height": 2.5,
				"visible_bounds_offset": [0, 0.75, 0]
			},
			"bones": [
				{
					"name": "north",
					"pivot": [3, 5, -1],
					"cubes": [
						{
							"origin": [-2, 6, -2],
							"size": [4, 4, 4],
							"uv": {
								"north": {"uv": [0, 0], "uv_size": [6, 6]},
								"east": {"uv": [0, 0], "uv_size": [6, 6]},
								"south": {"uv": [0, 0], "uv_size": [6, 6]},
								"west": {"uv": [0, 0], "uv_size": [6, 6]},
								"up": {"uv": [0, 0], "uv_size": [6, 6]},
								"down": {"uv": [0, 6], "uv_size": [6, -6]}
							}
						},
						{
							"origin": [-1.5, 6.5, -6],
							"size": [3, 3, 4],
							"uv": {
								"north": {"uv": [6, 0], "uv_size": [3, 3]},
								"east": {"uv": [0, 6], "uv_size": [7, 5.5]},
								"south": {"uv": [6, 0], "uv_size": [3, 3]},
								"west": {"uv": [0, 6], "uv_size": [7, 5.5]},
								"up": {"uv": [10.5, 0], "uv_size": [5.5, 7]},
								"down": {"uv": [10.5, 7], "uv_size": [5.5, -7]}
							}
						},
						{
							"origin": [-2, 6, -7],
							"size": [4, 4, 1],
							"uv": {
								"north": {"uv": [0, 12], "uv_size": [4, 4]},
								"east": {"uv": [8.5, 6], "uv_size": [-1.5, 5.5]},
								"south": {"uv": [0, 12], "uv_size": [4, 4]},
								"west": {"uv": [7, 6], "uv_size": [1.5, 5.5]},
								"up": {"uv": [10.5, 8.5], "uv_size": [5.5, -1.5]},
								"down": {"uv": [10.5, 7], "uv_size": [5.5, 1.5]}
							}
						},
						{
							"origin": [-2.5, 5.5, -8],
							"size": [5, 5, 1],
							"uv": {
								"north": {"uv": [4, 11.5], "uv_size": [4.5, 4.5]},
								"east": {"uv": [8.5, 6], "uv_size": [1.5, 6]},
								"south": {"uv": [4, 11.5], "uv_size": [4.5, 4.5]},
								"west": {"uv": [8.5, 6], "uv_size": [1.5, 6]},
								"up": {"uv": [10, 8.5], "uv_size": [6, 1.5]},
								"down": {"uv": [10, 10], "uv_size": [6, -1.5]}
							}
						}
					]
				},
				{
					"name": "down",
					"pivot": [3, 5, -1],
					"cubes": [
						{
							"origin": [-1.5, 0, -1.5],
							"size": [3, 6, 3],
							"uv": {
								"north": {"uv": [10.5, 0], "uv_size": [5.5, 7]},
								"east": {"uv": [10.5, 0], "uv_size": [5.5, 7]},
								"south": {"uv": [10.5, 0], "uv_size": [5.5, 7]},
								"west": {"uv": [10.5, 0], "uv_size": [5.5, 7]},
								"up": {"uv": [6, 0], "uv_size": [3, 3]},
								"down": {"uv": [6, 3], "uv_size": [3, -3]}
							}
						}
					]
				},
				{
					"name": "up",
					"pivot": [3, 5, -1],
					"cubes": [
						{
							"origin": [-1.5, 10, -1.5],
							"size": [3, 6, 3],
							"uv": {
								"north": {"uv": [10.5, 0], "uv_size": [5.5, 7]},
								"east": {"uv": [10.5, 0], "uv_size": [5.5, 7]},
								"south": {"uv": [10.5, 0], "uv_size": [5.5, 7]},
								"west": {"uv": [10.5, 0], "uv_size": [5.5, 7]},
								"up": {"uv": [6, 0], "uv_size": [3, 3]},
								"down": {"uv": [6, 3], "uv_size": [3, -3]}
							}
						}
					]
				},
				{
					"name": "east",
					"pivot": [-5, 5, -3],
					"cubes": [
						{
							"origin": [-8, 6.5, -1.5],
							"size": [6, 3, 3],
							"uv": {
								"north": {"uv": [0, 6], "uv_size": [7, 5.5]},
								"east": {"uv": [6, 0], "uv_size": [3, 3]},
								"south": {"uv": [0, 6], "uv_size": [7, 5.5]},
								"west": {"uv": [6, 0], "uv_size": [3, 3]},
								"up": {"uv": [0, 6], "uv_size": [7, 5.5]},
								"down": {"uv": [0, 11.5], "uv_size": [7, -5.5]}
							}
						}
					]
				},
				{
					"name": "west",
					"pivot": [3, 5, -1],
					"cubes": [
						{
							"origin": [2, 6.5, -1.5],
							"size": [6, 3, 3],
							"uv": {
								"north": {"uv": [0, 6], "uv_size": [7, 5.5]},
								"east": {"uv": [9, 0], "uv_size": [-3, 3]},
								"south": {"uv": [0, 6], "uv_size": [7, 5.5]},
								"west": {"uv": [6, 0], "uv_size": [3, 3]},
								"up": {"uv": [0, 6], "uv_size": [7, 5.5]},
								"down": {"uv": [0, 11], "uv_size": [7, -5]}
							}
						}
					]
				},
				{
					"name": "south",
					"pivot": [3, 5, -1],
					"cubes": [
						{
							"origin": [-1.5, 6.5, 2],
							"size": [3, 3, 6],
							"uv": {
								"north": {"uv": [6, 0], "uv_size": [3, 3]},
								"east": {"uv": [0, 6], "uv_size": [7, 5.5]},
								"south": {"uv": [6, 0], "uv_size": [3, 3]},
								"west": {"uv": [0, 6], "uv_size": [7, 5.5]},
								"up": {"uv": [10.5, 0], "uv_size": [5.5, 7]},
								"down": {"uv": [10.5, 7], "uv_size": [5.5, -7]}
							}
						}
					]
				}
			]
		}
	]
}