{
	"format_version": "1.12.0",
	"minecraft:geometry": [
		{
			"description": {
				"identifier": "geometry.utilitycraft_lantern",
				"texture_width": 16,
				"texture_height": 16,
				"visible_bounds_width": 2,
				"visible_bounds_height": 2.5,
				"visible_bounds_offset": [
					0,
					0.75,
					0
				]
			},
			"bones": [
				{
					"name": "bb_main",
					"pivot": [
						0,
						0,
						0
					],
					"cubes": [
						{
							"origin": [
								-4,
								2,
								-4
							],
							"size": [
								8,
								12,
								8
							],
							"uv": {
								"north": {
									"uv": [
										0,
										0
									],
									"uv_size": [
										4,
										6
									]
								},
								"east": {
									"uv": [
										0,
										0
									],
									"uv_size": [
										4,
										6
									]
								},
								"south": {
									"uv": [
										0,
										0
									],
									"uv_size": [
										4,
										6
									]
								},
								"west": {
									"uv": [
										0,
										0
									],
									"uv_size": [
										4,
										6
									]
								}
							}
						},
						{
							"origin": [
								-5,
								0,
								-5
							],
							"size": [
								10,
								2,
								10
							],
							"uv": {
								"north": {
									"uv": [
										4,
										5
									],
									"uv_size": [
										5,
										1
									]
								},
								"east": {
									"uv": [
										4,
										5
									],
									"uv_size": [
										5,
										1
									]
								},
								"south": {
									"uv": [
										4,
										5
									],
									"uv_size": [
										5,
										1
									]
								},
								"west": {
									"uv": [
										4,
										5
									],
									"uv_size": [
										5,
										1
									]
								},
								"up": {
									"uv": [
										4,
										0
									],
									"uv_size": [
										5,
										5
									]
								}
							}
						},
						{
							"origin": [
								-5,
								14,
								-5
							],
							"size": [
								10,
								2,
								10
							],
							"uv": {
								"north": {
									"uv": [
										4,
										6
									],
									"uv_size": [
										5,
										-1
									]
								},
								"east": {
									"uv": [
										4,
										6
									],
									"uv_size": [
										5,
										-1
									]
								},
								"south": {
									"uv": [
										4,
										6
									],
									"uv_size": [
										5,
										-1
									]
								},
								"west": {
									"uv": [
										4,
										6
									],
									"uv_size": [
										5,
										-1
									]
								},
								"down": {
									"uv": [
										4,
										5
									],
									"uv_size": [
										5,
										-5
									]
								}
							}
						}
					]
				}
			]
		}
	]
}