{
	"format_version": "1.12.0",
	"minecraft:geometry": [
		{
			"description": {
				"identifier": "geometry.mechanic_dropper",
				"texture_width": 64,
				"texture_height": 64,
				"visible_bounds_width": 2,
				"visible_bounds_height": 2.5,
				"visible_bounds_offset": [0, 0.75, 0]
			},
			"bones": [
				{
					"name": "Mechanicaldropper",
					"pivot": [0, 8, 0]
				},
				{
					"name": "Entrada",
					"parent": "Mechanicaldropper",
					"pivot": [0, 12, 0],
					"cubes": [
						{
							"origin": [-8, 12, -8],
							"size": [16, 4, 16],
							"uv": {
								"north": {"uv": [30, 0], "uv_size": [16, 4]},
								"east": {"uv": [30, 4], "uv_size": [16, 4]},
								"south": {"uv": [30, 8], "uv_size": [16, 4]},
								"west": {"uv": [30, 12], "uv_size": [16, 4]},
								"up": {"uv": [0, 0], "uv_size": [16, 16]},
								"down": {"uv": [0, 32], "uv_size": [16, -16]}
							}
						},
						{
							"origin": [-7, 11, -7],
							"size": [14, 1, 14],
							"uv": {
								"north": {"uv": [46, 22], "uv_size": [14, 1]},
								"east": {"uv": [32, 46], "uv_size": [14, 1]},
								"south": {"uv": [46, 33], "uv_size": [14, 1]},
								"west": {"uv": [46, 34], "uv_size": [14, 1]},
								"up": {"uv": [16, 0], "uv_size": [14, 14]},
								"down": {"uv": [16, 28], "uv_size": [14, -14]}
							}
						}
					]
				},
				{
					"name": "Cono",
					"parent": "Mechanicaldropper",
					"pivot": [0, 2, 0],
					"cubes": [
						{
							"origin": [-5, 7, -5],
							"size": [10, 4, 10],
							"uv": {
								"north": {"uv": [36, 32], "uv_size": [10, 4]},
								"east": {"uv": [36, 36], "uv_size": [10, 4]},
								"south": {"uv": [16, 38], "uv_size": [10, 4]},
								"west": {"uv": [38, 16], "uv_size": [10, 4]},
								"up": {"uv": [16, 28], "uv_size": [10, 10]},
								"down": {"uv": [26, 38], "uv_size": [10, -10]}
							}
						}
					]
				},
				{
					"name": "Tubo",
					"parent": "Mechanicaldropper",
					"pivot": [14, 2, 4],
					"cubes": [
						{
							"origin": [-4, 6, -4],
							"size": [8, 1, 8],
							"uv": {
								"north": {"uv": [46, 38], "uv_size": [8, 1]},
								"east": {"uv": [46, 39], "uv_size": [8, 1]},
								"south": {"uv": [0, 48], "uv_size": [8, 1]},
								"west": {"uv": [48, 4], "uv_size": [8, 1]},
								"up": {"uv": [30, 16], "uv_size": [8, 8]},
								"down": {"uv": [0, 40], "uv_size": [8, -8]}
							}
						},
						{
							"origin": [-3, 2, -3],
							"size": [6, 4, 6],
							"uv": {
								"north": {"uv": [30, 24], "uv_size": [6, 4]},
								"east": {"uv": [22, 44], "uv_size": [6, 4]},
								"south": {"uv": [44, 23], "uv_size": [6, 4]},
								"west": {"uv": [44, 27], "uv_size": [6, 4]},
								"up": {"uv": [26, 38], "uv_size": [6, 6]},
								"down": {"uv": [0, 46], "uv_size": [6, -6]}
							}
						}
					]
				},
				{
					"name": "Salida",
					"parent": "Mechanicaldropper",
					"pivot": [11, 2, 0],
					"cubes": [
						{
							"origin": [-4, 0, -4],
							"size": [8, 2, 8],
							"uv": {
								"north": {"uv": [46, 12], "uv_size": [8, 2]},
								"east": {"uv": [46, 14], "uv_size": [8, 2]},
								"south": {"uv": [46, 20], "uv_size": [8, 2]},
								"west": {"uv": [46, 31], "uv_size": [8, 2]},
								"up": {"uv": [8, 32], "uv_size": [8, 8]},
								"down": {"uv": [36, 32], "uv_size": [8, -8]}
							}
						},
						{
							"origin": [-2, 2, -3.5],
							"size": [4, 3, 1],
							"uv": {
								"north": {"uv": [10, 46], "uv_size": [4, 3]},
								"east": {"uv": [48, 43], "uv_size": [1, 3]},
								"south": {"uv": [46, 35], "uv_size": [4, 3]},
								"west": {"uv": [4, 49], "uv_size": [1, 3]},
								"up": {"uv": [38, 23], "uv_size": [4, 1]},
								"down": {"uv": [32, 39], "uv_size": [4, -1]}
							}
						},
						{
							"origin": [-2, 2, 2.5],
							"size": [4, 3, 1],
							"uv": {
								"north": {"uv": [46, 46], "uv_size": [4, 3]},
								"east": {"uv": [5, 49], "uv_size": [1, 3]},
								"south": {"uv": [14, 47], "uv_size": [4, 3]},
								"west": {"uv": [6, 49], "uv_size": [1, 3]},
								"up": {"uv": [32, 39], "uv_size": [4, 1]},
								"down": {"uv": [22, 43], "uv_size": [4, -1]}
							}
						},
						{
							"origin": [2.5, 2, -2],
							"size": [1, 3, 4],
							"uv": {
								"north": {"uv": [7, 49], "uv_size": [1, 3]},
								"east": {"uv": [18, 47], "uv_size": [4, 3]},
								"south": {"uv": [10, 49], "uv_size": [1, 3]},
								"west": {"uv": [32, 47], "uv_size": [4, 3]},
								"up": {"uv": [0, 49], "uv_size": [1, 4]},
								"down": {"uv": [1, 53], "uv_size": [1, -4]}
							}
						},
						{
							"origin": [-3.5, 2, -2],
							"size": [1, 3, 4],
							"uv": {
								"north": {"uv": [11, 49], "uv_size": [1, 3]},
								"east": {"uv": [36, 47], "uv_size": [4, 3]},
								"south": {"uv": [12, 49], "uv_size": [1, 3]},
								"west": {"uv": [40, 47], "uv_size": [4, 3]},
								"up": {"uv": [2, 49], "uv_size": [1, 4]},
								"down": {"uv": [3, 53], "uv_size": [1, -4]}
							}
						}
					]
				}
			]
		}
	]
}