{
	"format_version": "1.12.0",
	"minecraft:geometry": [
		{
			"description": {
				"identifier": "geometry.utilitycraft_mob_grinder",
				"texture_width": 64,
				"texture_height": 64,
				"visible_bounds_width": 3,
				"visible_bounds_height": 1.5,
				"visible_bounds_offset": [0, 0.25, 0]
			},
			"bones": [
				{
					"name": "Mobgrinder",
					"pivot": [0, 3, 0]
				},
				{
					"name": "Base",
					"parent": "Mobgrinder",
					"pivot": [0, 0, 0],
					"cubes": [
						{
							"origin": [-7, 0, -7],
							"size": [14, 1, 14],
							"uv": {
								"north": {"uv": [0, 34], "uv_size": [14, 1]},
								"east": {"uv": [0, 37], "uv_size": [14, -1]},
								"south": {"uv": [0, 38], "uv_size": [14, 1]},
								"west": {"uv": [0, 41], "uv_size": [14, -1]},
								"up": {"uv": [0, 0], "uv_size": [14, 14]},
								"down": {"uv": [0, 28], "uv_size": [14, -14]}
							}
						},
						{
							"origin": [-6.5, 1, -6.5],
							"size": [13, 1, 13],
							"uv": {
								"north": {"uv": [28, 27], "uv_size": [13, -1]},
								"east": {"uv": [28, 26], "uv_size": [13, 1]},
								"south": {"uv": [28, 26], "uv_size": [13, 1]},
								"west": {"uv": [28, 26], "uv_size": [13, 1]},
								"up": {"uv": [28, 0], "uv_size": [13, 13]},
								"down": {"uv": [28, 26], "uv_size": [13, -13]}
							}
						},
						{
							"origin": [-7, 2, -7],
							"size": [14, 1, 14],
							"uv": {
								"north": {"uv": [0, 35], "uv_size": [14, 1]},
								"east": {"uv": [0, 38], "uv_size": [14, -1]},
								"south": {"uv": [0, 40], "uv_size": [14, -1]},
								"west": {"uv": [0, 41], "uv_size": [14, 1]},
								"up": {"uv": [14, 0], "uv_size": [14, 14]},
								"down": {"uv": [14, 28], "uv_size": [14, -14]}
							}
						}
					]
				},
				{
					"name": "frame_0",
					"parent": "Mobgrinder",
					"pivot": [0, 3, 0],
					"cubes": [
						{
							"origin": [-7, 4, 4],
							"size": [9, 0, 3],
							"uv": {
								"north": {"uv": [0, 0], "uv_size": [9, 0], "material_instance": "aspas"},
								"east": {"uv": [0, 0], "uv_size": [3, 0], "material_instance": "aspas"},
								"south": {"uv": [0, 0], "uv_size": [9, 0], "material_instance": "aspas"},
								"up": {"uv": [0, 3], "uv_size": [9, 3], "material_instance": "aspas"}
							}
						},
						{
							"origin": [-2, 4, -7],
							"size": [9, 0, 3],
							"uv": {
								"north": {"uv": [0, 0], "uv_size": [9, 0], "material_instance": "aspas"},
								"east": {"uv": [0, 0], "uv_size": [3, 0], "material_instance": "aspas"},
								"south": {"uv": [0, 0], "uv_size": [9, 0], "material_instance": "aspas"},
								"west": {"uv": [0, 0], "uv_size": [3, 0], "material_instance": "aspas"},
								"up": {"uv": [0, 0], "uv_size": [9, 3], "material_instance": "aspas"}
							}
						},
						{
							"origin": [-1, 3.5, 1],
							"size": [2, 1, 4],
							"uv": {
								"north": {"uv": [15, 15], "uv_size": [2, 1], "material_instance": "aspas"},
								"east": {"uv": [17, 15], "uv_size": [4, 1], "material_instance": "aspas"},
								"south": {"uv": [21, 15], "uv_size": [2, 1], "material_instance": "aspas"},
								"west": {"uv": [24, 15], "uv_size": [3, 1], "material_instance": "aspas"},
								"up": {"uv": [17, 11], "uv_size": [2, 4], "material_instance": "aspas"},
								"down": {"uv": [21, 15], "uv_size": [-2, -4], "material_instance": "aspas"}
							}
						},
						{
							"origin": [-1, 3.5, -5],
							"size": [2, 1, 4],
							"uv": {
								"north": {"uv": [15, 10], "uv_size": [2, 1], "material_instance": "aspas"},
								"east": {"uv": [17, 10], "uv_size": [4, 1], "material_instance": "aspas"},
								"south": {"uv": [21, 10], "uv_size": [2, 1], "material_instance": "aspas"},
								"west": {"uv": [23, 10], "uv_size": [4, 1], "material_instance": "aspas"},
								"up": {"uv": [17, 10], "uv_size": [2, -4], "material_instance": "aspas"}
							}
						},
						{
							"origin": [-1, 2.5, -1],
							"size": [2, 2, 2],
							"uv": {
								"north": {"uv": [12, 19], "uv_size": [2, 2], "material_instance": "aspas"},
								"east": {"uv": [14, 19], "uv_size": [2, 2], "material_instance": "aspas"},
								"south": {"uv": [16, 21], "uv_size": [2, -2], "material_instance": "aspas"},
								"west": {"uv": [18, 19], "uv_size": [2, 2], "material_instance": "aspas"},
								"up": {"uv": [16, 17], "uv_size": [-2, 2], "material_instance": "aspas"},
								"down": {"uv": [16, 19], "uv_size": [2, -2], "material_instance": "aspas"}
							}
						},
						{
							"origin": [-7, 5, -2],
							"size": [3, 0, 9],
							"uv": {
								"north": {"uv": [0, 0], "uv_size": [3, 0], "material_instance": "aspas"},
								"east": {"uv": [0, 0], "uv_size": [9, 0], "material_instance": "aspas"},
								"south": {"uv": [0, 0], "uv_size": [3, 0], "material_instance": "aspas"},
								"west": {"uv": [0, 0], "uv_size": [9, 0], "material_instance": "aspas"},
								"up": {"uv": [12, 9], "uv_size": [-3, -9], "material_instance": "aspas"}
							}
						},
						{
							"origin": [4, 5, -7],
							"size": [3, 0, 9],
							"uv": {
								"north": {"uv": [0, 0], "uv_size": [3, 0], "material_instance": "aspas"},
								"east": {"uv": [0, 0], "uv_size": [9, 0], "material_instance": "aspas"},
								"south": {"uv": [0, 0], "uv_size": [3, 0], "material_instance": "aspas"},
								"west": {"uv": [0, 0], "uv_size": [9, 0], "material_instance": "aspas"},
								"up": {"uv": [12, 9], "uv_size": [3, -9], "material_instance": "aspas"}
							}
						},
						{
							"origin": [-5, 4.5, -1],
							"size": [4, 1, 2],
							"uv": {
								"north": {"uv": [15, 5], "uv_size": [4, 1], "material_instance": "aspas"},
								"east": {"uv": [19, 5], "uv_size": [2, 1], "material_instance": "aspas"},
								"south": {"uv": [21, 5], "uv_size": [4, 1], "material_instance": "aspas"},
								"west": {"uv": [25, 6], "uv_size": [2, -1], "material_instance": "aspas"},
								"up": {"uv": [17, 3], "uv_size": [4, 2], "material_instance": "aspas"},
								"down": {"uv": [21, 5], "uv_size": [4, -2], "material_instance": "aspas"}
							}
						},
						{
							"origin": [1, 4.5, -1],
							"size": [4, 1, 2],
							"uv": {
								"north": {"uv": [19, 3], "uv_size": [-4, -1], "material_instance": "aspas"},
								"east": {"uv": [19, 3], "uv_size": [2, -1], "material_instance": "aspas"},
								"south": {"uv": [21, 3], "uv_size": [4, -1], "material_instance": "aspas"},
								"west": {"uv": [25, 2], "uv_size": [2, 1], "material_instance": "aspas"},
								"up": {"uv": [17, 0], "uv_size": [4, 2], "material_instance": "aspas"},
								"down": {"uv": [21, 2], "uv_size": [4, -2], "material_instance": "aspas"}
							}
						},
						{
							"origin": [-1, 4.5, -1],
							"size": [2, 2, 2],
							"uv": {
								"north": {"uv": [12, 19], "uv_size": [2, 2], "material_instance": "aspas"},
								"east": {"uv": [14, 19], "uv_size": [2, 2], "material_instance": "aspas"},
								"south": {"uv": [16, 19], "uv_size": [2, 2], "material_instance": "aspas"},
								"west": {"uv": [18, 19], "uv_size": [2, 2], "material_instance": "aspas"},
								"up": {"uv": [14, 17], "uv_size": [2, 2], "material_instance": "aspas"},
								"down": {"uv": [16, 19], "uv_size": [2, -2], "material_instance": "aspas"}
							}
						},
						{
							"origin": [-4, 7, -7],
							"size": [3, 0, 9],
							"pivot": [-2.5, 7, -2.5],
							"rotation": [0, 45, 0],
							"uv": {
								"north": {"uv": [0, 0], "uv_size": [3, 0], "material_instance": "aspas"},
								"east": {"uv": [0, 0], "uv_size": [9, 0], "material_instance": "aspas"},
								"south": {"uv": [0, 0], "uv_size": [3, 0], "material_instance": "aspas"},
								"west": {"uv": [0, 0], "uv_size": [9, 0], "material_instance": "aspas"},
								"up": {"uv": [6, 6], "uv_size": [-3, 9], "material_instance": "aspas"}
							}
						},
						{
							"origin": [1, 7, -7],
							"size": [3, 0, 9],
							"pivot": [2.5, 7, -2.5],
							"rotation": [0, -45, 0],
							"uv": {
								"north": {"uv": [0, 0], "uv_size": [3, 0], "material_instance": "aspas"},
								"east": {"uv": [0, 0], "uv_size": [9, 0], "material_instance": "aspas"},
								"south": {"uv": [0, 0], "uv_size": [3, 0], "material_instance": "aspas"},
								"west": {"uv": [0, 0], "uv_size": [9, 0], "material_instance": "aspas"},
								"up": {"uv": [3, 6], "uv_size": [3, 9], "material_instance": "aspas"}
							}
						},
						{
							"origin": [-4, 7, -2],
							"size": [3, 0, 9],
							"pivot": [-2.5, 7, 2.5],
							"rotation": [0, -45, 0],
							"uv": {
								"north": {"uv": [0, 0], "uv_size": [3, 0], "material_instance": "aspas"},
								"east": {"uv": [0, 0], "uv_size": [9, 0], "material_instance": "aspas"},
								"south": {"uv": [0, 0], "uv_size": [3, 0], "material_instance": "aspas"},
								"west": {"uv": [0, 0], "uv_size": [9, 0], "material_instance": "aspas"},
								"up": {"uv": [3, 6], "uv_size": [-3, 9], "material_instance": "aspas"}
							}
						},
						{
							"origin": [1, 7, -2],
							"size": [3, 0, 9],
							"pivot": [2.5, 7, 2.5],
							"rotation": [0, 45, 0],
							"uv": {
								"north": {"uv": [0, 0], "uv_size": [3, 0], "material_instance": "aspas"},
								"east": {"uv": [0, 0], "uv_size": [9, 0], "material_instance": "aspas"},
								"south": {"uv": [0, 0], "uv_size": [3, 0], "material_instance": "aspas"},
								"west": {"uv": [0, 0], "uv_size": [9, 0], "material_instance": "aspas"},
								"up": {"uv": [0, 6], "uv_size": [3, 9], "material_instance": "aspas"}
							}
						},
						{
							"origin": [-3, 6.5, -3],
							"size": [6, 1, 6],
							"uv": {
								"north": {"uv": [12, 17], "uv_size": [6, -1], "material_instance": "aspas"},
								"east": {"uv": [12, 16], "uv_size": [6, 1], "material_instance": "aspas"},
								"south": {"uv": [12, 16], "uv_size": [6, 1], "material_instance": "aspas"},
								"west": {"uv": [12, 16], "uv_size": [6, 1], "material_instance": "aspas"},
								"up": {"uv": [0, 16], "uv_size": [6, 6], "material_instance": "aspas"},
								"down": {"uv": [6, 16], "uv_size": [6, 6], "material_instance": "aspas"}
							}
						}
					]
				},
				{
					"name": "frame_1",
					"parent": "Mobgrinder",
					"pivot": [0, 3, 0],
					"rotation": [0, -45, 0],
					"cubes": [
						{
							"origin": [-7, 4, 4],
							"size": [9, 0, 3],
							"uv": {
								"north": {"uv": [37, 0], "uv_size": [9, 0], "material_instance": "aspas"},
								"east": {"uv": [37, 0], "uv_size": [3, 0], "material_instance": "aspas"},
								"south": {"uv": [37, 0], "uv_size": [9, 0], "material_instance": "aspas"},
								"up": {"uv": [37, 3], "uv_size": [9, 3], "material_instance": "aspas"}
							}
						},
						{
							"origin": [-2, 4, -7],
							"size": [9, 0, 3],
							"uv": {
								"north": {"uv": [37, 0], "uv_size": [9, 0], "material_instance": "aspas"},
								"east": {"uv": [37, 0], "uv_size": [3, 0], "material_instance": "aspas"},
								"south": {"uv": [37, 0], "uv_size": [9, 0], "material_instance": "aspas"},
								"west": {"uv": [37, 0], "uv_size": [3, 0], "material_instance": "aspas"},
								"up": {"uv": [37, 0], "uv_size": [9, 3], "material_instance": "aspas"}
							}
						},
						{
							"origin": [-1, 3.5, 1],
							"size": [2, 1, 4],
							"uv": {
								"north": {"uv": [52, 15], "uv_size": [2, 1], "material_instance": "aspas"},
								"east": {"uv": [54, 15], "uv_size": [4, 1], "material_instance": "aspas"},
								"south": {"uv": [58, 15], "uv_size": [2, 1], "material_instance": "aspas"},
								"west": {"uv": [61, 15], "uv_size": [3, 1], "material_instance": "aspas"},
								"up": {"uv": [54, 11], "uv_size": [2, 4], "material_instance": "aspas"},
								"down": {"uv": [58, 15], "uv_size": [-2, -4], "material_instance": "aspas"}
							}
						},
						{
							"origin": [-1, 3.5, -5],
							"size": [2, 1, 4],
							"uv": {
								"north": {"uv": [52, 10], "uv_size": [2, 1], "material_instance": "aspas"},
								"east": {"uv": [54, 10], "uv_size": [4, 1], "material_instance": "aspas"},
								"south": {"uv": [58, 10], "uv_size": [2, 1], "material_instance": "aspas"},
								"west": {"uv": [60, 10], "uv_size": [4, 1], "material_instance": "aspas"},
								"up": {"uv": [54, 10], "uv_size": [2, -4], "material_instance": "aspas"}
							}
						},
						{
							"origin": [-1, 2.5, -1],
							"size": [2, 2, 2],
							"uv": {
								"north": {"uv": [49, 19], "uv_size": [2, 2], "material_instance": "aspas"},
								"east": {"uv": [51, 19], "uv_size": [2, 2], "material_instance": "aspas"},
								"south": {"uv": [53, 21], "uv_size": [2, -2], "material_instance": "aspas"},
								"west": {"uv": [55, 19], "uv_size": [2, 2], "material_instance": "aspas"},
								"up": {"uv": [53, 17], "uv_size": [-2, 2], "material_instance": "aspas"},
								"down": {"uv": [53, 19], "uv_size": [2, -2], "material_instance": "aspas"}
							}
						},
						{
							"origin": [-7, 5, -2],
							"size": [3, 0, 9],
							"uv": {
								"north": {"uv": [37, 0], "uv_size": [3, 0], "material_instance": "aspas"},
								"east": {"uv": [37, 0], "uv_size": [9, 0], "material_instance": "aspas"},
								"south": {"uv": [37, 0], "uv_size": [3, 0], "material_instance": "aspas"},
								"west": {"uv": [37, 0], "uv_size": [9, 0], "material_instance": "aspas"},
								"up": {"uv": [49, 9], "uv_size": [-3, -9], "material_instance": "aspas"}
							}
						},
						{
							"origin": [4, 5, -7],
							"size": [3, 0, 9],
							"uv": {
								"north": {"uv": [37, 0], "uv_size": [3, 0], "material_instance": "aspas"},
								"east": {"uv": [37, 0], "uv_size": [9, 0], "material_instance": "aspas"},
								"south": {"uv": [37, 0], "uv_size": [3, 0], "material_instance": "aspas"},
								"west": {"uv": [37, 0], "uv_size": [9, 0], "material_instance": "aspas"},
								"up": {"uv": [49, 9], "uv_size": [3, -9], "material_instance": "aspas"}
							}
						},
						{
							"origin": [-5, 4.5, -1],
							"size": [4, 1, 2],
							"uv": {
								"north": {"uv": [52, 5], "uv_size": [4, 1], "material_instance": "aspas"},
								"east": {"uv": [56, 5], "uv_size": [2, 1], "material_instance": "aspas"},
								"south": {"uv": [58, 5], "uv_size": [4, 1], "material_instance": "aspas"},
								"west": {"uv": [62, 6], "uv_size": [2, -1], "material_instance": "aspas"},
								"up": {"uv": [54, 3], "uv_size": [4, 2], "material_instance": "aspas"},
								"down": {"uv": [58, 5], "uv_size": [4, -2], "material_instance": "aspas"}
							}
						},
						{
							"origin": [1, 4.5, -1],
							"size": [4, 1, 2],
							"uv": {
								"north": {"uv": [56, 3], "uv_size": [-4, -1], "material_instance": "aspas"},
								"east": {"uv": [56, 3], "uv_size": [2, -1], "material_instance": "aspas"},
								"south": {"uv": [58, 3], "uv_size": [4, -1], "material_instance": "aspas"},
								"west": {"uv": [62, 2], "uv_size": [2, 1], "material_instance": "aspas"},
								"up": {"uv": [54, 0], "uv_size": [4, 2], "material_instance": "aspas"},
								"down": {"uv": [58, 2], "uv_size": [4, -2], "material_instance": "aspas"}
							}
						},
						{
							"origin": [-1, 4.5, -1],
							"size": [2, 2, 2],
							"uv": {
								"north": {"uv": [49, 19], "uv_size": [2, 2], "material_instance": "aspas"},
								"east": {"uv": [51, 19], "uv_size": [2, 2], "material_instance": "aspas"},
								"south": {"uv": [53, 19], "uv_size": [2, 2], "material_instance": "aspas"},
								"west": {"uv": [55, 19], "uv_size": [2, 2], "material_instance": "aspas"},
								"up": {"uv": [51, 17], "uv_size": [2, 2], "material_instance": "aspas"},
								"down": {"uv": [53, 19], "uv_size": [2, -2], "material_instance": "aspas"}
							}
						},
						{
							"origin": [-4, 7, -7],
							"size": [3, 0, 9],
							"pivot": [-2.5, 7, -2.5],
							"rotation": [0, 45, 0],
							"uv": {
								"north": {"uv": [37, 0], "uv_size": [3, 0], "material_instance": "aspas"},
								"east": {"uv": [37, 0], "uv_size": [9, 0], "material_instance": "aspas"},
								"south": {"uv": [37, 0], "uv_size": [3, 0], "material_instance": "aspas"},
								"west": {"uv": [37, 0], "uv_size": [9, 0], "material_instance": "aspas"},
								"up": {"uv": [43, 6], "uv_size": [-3, 9], "material_instance": "aspas"}
							}
						},
						{
							"origin": [1, 7, -7],
							"size": [3, 0, 9],
							"pivot": [2.5, 7, -2.5],
							"rotation": [0, -45, 0],
							"uv": {
								"north": {"uv": [37, 0], "uv_size": [3, 0], "material_instance": "aspas"},
								"east": {"uv": [37, 0], "uv_size": [9, 0], "material_instance": "aspas"},
								"south": {"uv": [37, 0], "uv_size": [3, 0], "material_instance": "aspas"},
								"west": {"uv": [37, 0], "uv_size": [9, 0], "material_instance": "aspas"},
								"up": {"uv": [40, 6], "uv_size": [3, 9], "material_instance": "aspas"}
							}
						},
						{
							"origin": [-4, 7, -2],
							"size": [3, 0, 9],
							"pivot": [-2.5, 7, 2.5],
							"rotation": [0, -45, 0],
							"uv": {
								"north": {"uv": [37, 0], "uv_size": [3, 0], "material_instance": "aspas"},
								"east": {"uv": [37, 0], "uv_size": [9, 0], "material_instance": "aspas"},
								"south": {"uv": [37, 0], "uv_size": [3, 0], "material_instance": "aspas"},
								"west": {"uv": [37, 0], "uv_size": [9, 0], "material_instance": "aspas"},
								"up": {"uv": [40, 6], "uv_size": [-3, 9], "material_instance": "aspas"}
							}
						},
						{
							"origin": [1, 7, -2],
							"size": [3, 0, 9],
							"pivot": [2.5, 7, 2.5],
							"rotation": [0, 45, 0],
							"uv": {
								"north": {"uv": [37, 0], "uv_size": [3, 0], "material_instance": "aspas"},
								"east": {"uv": [37, 0], "uv_size": [9, 0], "material_instance": "aspas"},
								"south": {"uv": [37, 0], "uv_size": [3, 0], "material_instance": "aspas"},
								"west": {"uv": [37, 0], "uv_size": [9, 0], "material_instance": "aspas"},
								"up": {"uv": [37, 6], "uv_size": [3, 9], "material_instance": "aspas"}
							}
						},
						{
							"origin": [-3, 6.5, -3],
							"size": [6, 1, 6],
							"uv": {
								"north": {"uv": [49, 17], "uv_size": [6, -1], "material_instance": "aspas"},
								"east": {"uv": [49, 16], "uv_size": [6, 1], "material_instance": "aspas"},
								"south": {"uv": [49, 16], "uv_size": [6, 1], "material_instance": "aspas"},
								"west": {"uv": [49, 16], "uv_size": [6, 1], "material_instance": "aspas"},
								"up": {"uv": [37, 16], "uv_size": [6, 6], "material_instance": "aspas"},
								"down": {"uv": [43, 16], "uv_size": [6, 6], "material_instance": "aspas"}
							}
						}
					]
				},
				{
					"name": "frame_2",
					"parent": "Mobgrinder",
					"pivot": [0, 3, 0],
					"rotation": [0, -90, 0],
					"cubes": [
						{
							"origin": [-7, 4, 4],
							"size": [9, 0, 3],
							"uv": {
								"north": {"uv": [0, 42], "uv_size": [9, 0], "material_instance": "aspas"},
								"east": {"uv": [0, 42], "uv_size": [3, 0], "material_instance": "aspas"},
								"south": {"uv": [0, 42], "uv_size": [9, 0], "material_instance": "aspas"},
								"up": {"uv": [0, 45], "uv_size": [9, 3], "material_instance": "aspas"}
							}
						},
						{
							"origin": [-2, 4, -7],
							"size": [9, 0, 3],
							"uv": {
								"north": {"uv": [0, 42], "uv_size": [9, 0], "material_instance": "aspas"},
								"east": {"uv": [0, 42], "uv_size": [3, 0], "material_instance": "aspas"},
								"south": {"uv": [0, 42], "uv_size": [9, 0], "material_instance": "aspas"},
								"west": {"uv": [0, 42], "uv_size": [3, 0], "material_instance": "aspas"},
								"up": {"uv": [0, 42], "uv_size": [9, 3], "material_instance": "aspas"}
							}
						},
						{
							"origin": [-1, 3.5, 1],
							"size": [2, 1, 4],
							"uv": {
								"north": {"uv": [15, 57], "uv_size": [2, 1], "material_instance": "aspas"},
								"east": {"uv": [17, 57], "uv_size": [4, 1], "material_instance": "aspas"},
								"south": {"uv": [21, 57], "uv_size": [2, 1], "material_instance": "aspas"},
								"west": {"uv": [24, 57], "uv_size": [3, 1], "material_instance": "aspas"},
								"up": {"uv": [17, 53], "uv_size": [2, 4], "material_instance": "aspas"},
								"down": {"uv": [21, 57], "uv_size": [-2, -4], "material_instance": "aspas"}
							}
						},
						{
							"origin": [-1, 3.5, -5],
							"size": [2, 1, 4],
							"uv": {
								"north": {"uv": [15, 52], "uv_size": [2, 1], "material_instance": "aspas"},
								"east": {"uv": [17, 52], "uv_size": [4, 1], "material_instance": "aspas"},
								"south": {"uv": [21, 52], "uv_size": [2, 1], "material_instance": "aspas"},
								"west": {"uv": [23, 52], "uv_size": [4, 1], "material_instance": "aspas"},
								"up": {"uv": [17, 52], "uv_size": [2, -4], "material_instance": "aspas"}
							}
						},
						{
							"origin": [-1, 2.5, -1],
							"size": [2, 2, 2],
							"uv": {
								"north": {"uv": [12, 61], "uv_size": [2, 2], "material_instance": "aspas"},
								"east": {"uv": [14, 61], "uv_size": [2, 2], "material_instance": "aspas"},
								"south": {"uv": [16, 63], "uv_size": [2, -2], "material_instance": "aspas"},
								"west": {"uv": [18, 61], "uv_size": [2, 2], "material_instance": "aspas"},
								"up": {"uv": [16, 59], "uv_size": [-2, 2], "material_instance": "aspas"},
								"down": {"uv": [16, 61], "uv_size": [2, -2], "material_instance": "aspas"}
							}
						},
						{
							"origin": [-7, 5, -2],
							"size": [3, 0, 9],
							"uv": {
								"north": {"uv": [0, 42], "uv_size": [3, 0], "material_instance": "aspas"},
								"east": {"uv": [0, 42], "uv_size": [9, 0], "material_instance": "aspas"},
								"south": {"uv": [0, 42], "uv_size": [3, 0], "material_instance": "aspas"},
								"west": {"uv": [0, 42], "uv_size": [9, 0], "material_instance": "aspas"},
								"up": {"uv": [12, 51], "uv_size": [-3, -9], "material_instance": "aspas"}
							}
						},
						{
							"origin": [4, 5, -7],
							"size": [3, 0, 9],
							"uv": {
								"north": {"uv": [0, 42], "uv_size": [3, 0], "material_instance": "aspas"},
								"east": {"uv": [0, 42], "uv_size": [9, 0], "material_instance": "aspas"},
								"south": {"uv": [0, 42], "uv_size": [3, 0], "material_instance": "aspas"},
								"west": {"uv": [0, 42], "uv_size": [9, 0], "material_instance": "aspas"},
								"up": {"uv": [12, 51], "uv_size": [3, -9], "material_instance": "aspas"}
							}
						},
						{
							"origin": [-5, 4.5, -1],
							"size": [4, 1, 2],
							"uv": {
								"north": {"uv": [15, 47], "uv_size": [4, 1], "material_instance": "aspas"},
								"east": {"uv": [19, 47], "uv_size": [2, 1], "material_instance": "aspas"},
								"south": {"uv": [21, 47], "uv_size": [4, 1], "material_instance": "aspas"},
								"west": {"uv": [25, 48], "uv_size": [2, -1], "material_instance": "aspas"},
								"up": {"uv": [17, 45], "uv_size": [4, 2], "material_instance": "aspas"},
								"down": {"uv": [21, 47], "uv_size": [4, -2], "material_instance": "aspas"}
							}
						},
						{
							"origin": [1, 4.5, -1],
							"size": [4, 1, 2],
							"uv": {
								"north": {"uv": [19, 45], "uv_size": [-4, -1], "material_instance": "aspas"},
								"east": {"uv": [19, 45], "uv_size": [2, -1], "material_instance": "aspas"},
								"south": {"uv": [21, 45], "uv_size": [4, -1], "material_instance": "aspas"},
								"west": {"uv": [25, 44], "uv_size": [2, 1], "material_instance": "aspas"},
								"up": {"uv": [17, 42], "uv_size": [4, 2], "material_instance": "aspas"},
								"down": {"uv": [21, 44], "uv_size": [4, -2], "material_instance": "aspas"}
							}
						},
						{
							"origin": [-1, 4.5, -1],
							"size": [2, 2, 2],
							"uv": {
								"north": {"uv": [12, 61], "uv_size": [2, 2], "material_instance": "aspas"},
								"east": {"uv": [14, 61], "uv_size": [2, 2], "material_instance": "aspas"},
								"south": {"uv": [16, 61], "uv_size": [2, 2], "material_instance": "aspas"},
								"west": {"uv": [18, 61], "uv_size": [2, 2], "material_instance": "aspas"},
								"up": {"uv": [14, 59], "uv_size": [2, 2], "material_instance": "aspas"},
								"down": {"uv": [16, 61], "uv_size": [2, -2], "material_instance": "aspas"}
							}
						},
						{
							"origin": [-4, 7, -7],
							"size": [3, 0, 9],
							"pivot": [-2.5, 7, -2.5],
							"rotation": [0, 45, 0],
							"uv": {
								"north": {"uv": [0, 42], "uv_size": [3, 0], "material_instance": "aspas"},
								"east": {"uv": [0, 42], "uv_size": [9, 0], "material_instance": "aspas"},
								"south": {"uv": [0, 42], "uv_size": [3, 0], "material_instance": "aspas"},
								"west": {"uv": [0, 42], "uv_size": [9, 0], "material_instance": "aspas"},
								"up": {"uv": [6, 48], "uv_size": [-3, 9], "material_instance": "aspas"}
							}
						},
						{
							"origin": [1, 7, -7],
							"size": [3, 0, 9],
							"pivot": [2.5, 7, -2.5],
							"rotation": [0, -45, 0],
							"uv": {
								"north": {"uv": [0, 42], "uv_size": [3, 0], "material_instance": "aspas"},
								"east": {"uv": [0, 42], "uv_size": [9, 0], "material_instance": "aspas"},
								"south": {"uv": [0, 42], "uv_size": [3, 0], "material_instance": "aspas"},
								"west": {"uv": [0, 42], "uv_size": [9, 0], "material_instance": "aspas"},
								"up": {"uv": [3, 48], "uv_size": [3, 9], "material_instance": "aspas"}
							}
						},
						{
							"origin": [-4, 7, -2],
							"size": [3, 0, 9],
							"pivot": [-2.5, 7, 2.5],
							"rotation": [0, -45, 0],
							"uv": {
								"north": {"uv": [0, 42], "uv_size": [3, 0], "material_instance": "aspas"},
								"east": {"uv": [0, 42], "uv_size": [9, 0], "material_instance": "aspas"},
								"south": {"uv": [0, 42], "uv_size": [3, 0], "material_instance": "aspas"},
								"west": {"uv": [0, 42], "uv_size": [9, 0], "material_instance": "aspas"},
								"up": {"uv": [3, 48], "uv_size": [-3, 9], "material_instance": "aspas"}
							}
						},
						{
							"origin": [1, 7, -2],
							"size": [3, 0, 9],
							"pivot": [2.5, 7, 2.5],
							"rotation": [0, 45, 0],
							"uv": {
								"north": {"uv": [0, 42], "uv_size": [3, 0], "material_instance": "aspas"},
								"east": {"uv": [0, 42], "uv_size": [9, 0], "material_instance": "aspas"},
								"south": {"uv": [0, 42], "uv_size": [3, 0], "material_instance": "aspas"},
								"west": {"uv": [0, 42], "uv_size": [9, 0], "material_instance": "aspas"},
								"up": {"uv": [0, 48], "uv_size": [3, 9], "material_instance": "aspas"}
							}
						},
						{
							"origin": [-3, 6.5, -3],
							"size": [6, 1, 6],
							"uv": {
								"north": {"uv": [12, 59], "uv_size": [6, -1], "material_instance": "aspas"},
								"east": {"uv": [12, 58], "uv_size": [6, 1], "material_instance": "aspas"},
								"south": {"uv": [12, 58], "uv_size": [6, 1], "material_instance": "aspas"},
								"west": {"uv": [12, 58], "uv_size": [6, 1], "material_instance": "aspas"},
								"up": {"uv": [0, 58], "uv_size": [6, 6], "material_instance": "aspas"},
								"down": {"uv": [6, 58], "uv_size": [6, 6], "material_instance": "aspas"}
							}
						}
					]
				},
				{
					"name": "frame_3",
					"parent": "Mobgrinder",
					"pivot": [0, 3, 0],
					"rotation": [0, -135, 0],
					"cubes": [
						{
							"origin": [-7, 4, 4],
							"size": [9, 0, 3],
							"uv": {
								"north": {"uv": [37, 42], "uv_size": [9, 0], "material_instance": "aspas"},
								"east": {"uv": [37, 42], "uv_size": [3, 0], "material_instance": "aspas"},
								"south": {"uv": [37, 42], "uv_size": [9, 0], "material_instance": "aspas"},
								"up": {"uv": [37, 45], "uv_size": [9, 3], "material_instance": "aspas"}
							}
						},
						{
							"origin": [-2, 4, -7],
							"size": [9, 0, 3],
							"uv": {
								"north": {"uv": [37, 42], "uv_size": [9, 0], "material_instance": "aspas"},
								"east": {"uv": [37, 42], "uv_size": [3, 0], "material_instance": "aspas"},
								"south": {"uv": [37, 42], "uv_size": [9, 0], "material_instance": "aspas"},
								"west": {"uv": [37, 42], "uv_size": [3, 0], "material_instance": "aspas"},
								"up": {"uv": [37, 42], "uv_size": [9, 3], "material_instance": "aspas"}
							}
						},
						{
							"origin": [-1, 3.5, 1],
							"size": [2, 1, 4],
							"uv": {
								"north": {"uv": [52, 57], "uv_size": [2, 1], "material_instance": "aspas"},
								"east": {"uv": [54, 57], "uv_size": [4, 1], "material_instance": "aspas"},
								"south": {"uv": [58, 57], "uv_size": [2, 1], "material_instance": "aspas"},
								"west": {"uv": [61, 57], "uv_size": [3, 1], "material_instance": "aspas"},
								"up": {"uv": [54, 53], "uv_size": [2, 4], "material_instance": "aspas"},
								"down": {"uv": [58, 57], "uv_size": [-2, -4], "material_instance": "aspas"}
							}
						},
						{
							"origin": [-1, 3.5, -5],
							"size": [2, 1, 4],
							"uv": {
								"north": {"uv": [52, 52], "uv_size": [2, 1], "material_instance": "aspas"},
								"east": {"uv": [54, 52], "uv_size": [4, 1], "material_instance": "aspas"},
								"south": {"uv": [58, 52], "uv_size": [2, 1], "material_instance": "aspas"},
								"west": {"uv": [60, 52], "uv_size": [4, 1], "material_instance": "aspas"},
								"up": {"uv": [54, 52], "uv_size": [2, -4], "material_instance": "aspas"}
							}
						},
						{
							"origin": [-1, 2.5, -1],
							"size": [2, 2, 2],
							"uv": {
								"north": {"uv": [49, 61], "uv_size": [2, 2], "material_instance": "aspas"},
								"east": {"uv": [51, 61], "uv_size": [2, 2], "material_instance": "aspas"},
								"south": {"uv": [53, 63], "uv_size": [2, -2], "material_instance": "aspas"},
								"west": {"uv": [55, 61], "uv_size": [2, 2], "material_instance": "aspas"},
								"up": {"uv": [53, 59], "uv_size": [-2, 2], "material_instance": "aspas"},
								"down": {"uv": [53, 61], "uv_size": [2, -2], "material_instance": "aspas"}
							}
						},
						{
							"origin": [-7, 5, -2],
							"size": [3, 0, 9],
							"uv": {
								"north": {"uv": [37, 42], "uv_size": [3, 0], "material_instance": "aspas"},
								"east": {"uv": [37, 42], "uv_size": [9, 0], "material_instance": "aspas"},
								"south": {"uv": [37, 42], "uv_size": [3, 0], "material_instance": "aspas"},
								"west": {"uv": [37, 42], "uv_size": [9, 0], "material_instance": "aspas"},
								"up": {"uv": [49, 51], "uv_size": [-3, -9], "material_instance": "aspas"}
							}
						},
						{
							"origin": [4, 5, -7],
							"size": [3, 0, 9],
							"uv": {
								"north": {"uv": [37, 42], "uv_size": [3, 0], "material_instance": "aspas"},
								"east": {"uv": [37, 42], "uv_size": [9, 0], "material_instance": "aspas"},
								"south": {"uv": [37, 42], "uv_size": [3, 0], "material_instance": "aspas"},
								"west": {"uv": [37, 42], "uv_size": [9, 0], "material_instance": "aspas"},
								"up": {"uv": [49, 51], "uv_size": [3, -9], "material_instance": "aspas"}
							}
						},
						{
							"origin": [-5, 4.5, -1],
							"size": [4, 1, 2],
							"uv": {
								"north": {"uv": [52, 47], "uv_size": [4, 1], "material_instance": "aspas"},
								"east": {"uv": [56, 47], "uv_size": [2, 1], "material_instance": "aspas"},
								"south": {"uv": [58, 47], "uv_size": [4, 1], "material_instance": "aspas"},
								"west": {"uv": [62, 48], "uv_size": [2, -1], "material_instance": "aspas"},
								"up": {"uv": [54, 45], "uv_size": [4, 2], "material_instance": "aspas"},
								"down": {"uv": [58, 47], "uv_size": [4, -2], "material_instance": "aspas"}
							}
						},
						{
							"origin": [1, 4.5, -1],
							"size": [4, 1, 2],
							"uv": {
								"north": {"uv": [56, 45], "uv_size": [-4, -1], "material_instance": "aspas"},
								"east": {"uv": [56, 45], "uv_size": [2, -1], "material_instance": "aspas"},
								"south": {"uv": [58, 45], "uv_size": [4, -1], "material_instance": "aspas"},
								"west": {"uv": [62, 44], "uv_size": [2, 1], "material_instance": "aspas"},
								"up": {"uv": [54, 42], "uv_size": [4, 2], "material_instance": "aspas"},
								"down": {"uv": [58, 44], "uv_size": [4, -2], "material_instance": "aspas"}
							}
						},
						{
							"origin": [-1, 4.5, -1],
							"size": [2, 2, 2],
							"uv": {
								"north": {"uv": [49, 61], "uv_size": [2, 2], "material_instance": "aspas"},
								"east": {"uv": [51, 61], "uv_size": [2, 2], "material_instance": "aspas"},
								"south": {"uv": [53, 61], "uv_size": [2, 2], "material_instance": "aspas"},
								"west": {"uv": [55, 61], "uv_size": [2, 2], "material_instance": "aspas"},
								"up": {"uv": [51, 59], "uv_size": [2, 2], "material_instance": "aspas"},
								"down": {"uv": [53, 61], "uv_size": [2, -2], "material_instance": "aspas"}
							}
						},
						{
							"origin": [-4, 7, -7],
							"size": [3, 0, 9],
							"pivot": [-2.5, 7, -2.5],
							"rotation": [0, 45, 0],
							"uv": {
								"north": {"uv": [37, 42], "uv_size": [3, 0], "material_instance": "aspas"},
								"east": {"uv": [37, 42], "uv_size": [9, 0], "material_instance": "aspas"},
								"south": {"uv": [37, 42], "uv_size": [3, 0], "material_instance": "aspas"},
								"west": {"uv": [37, 42], "uv_size": [9, 0], "material_instance": "aspas"},
								"up": {"uv": [43, 48], "uv_size": [-3, 9], "material_instance": "aspas"}
							}
						},
						{
							"origin": [1, 7, -7],
							"size": [3, 0, 9],
							"pivot": [2.5, 7, -2.5],
							"rotation": [0, -45, 0],
							"uv": {
								"north": {"uv": [37, 42], "uv_size": [3, 0], "material_instance": "aspas"},
								"east": {"uv": [37, 42], "uv_size": [9, 0], "material_instance": "aspas"},
								"south": {"uv": [37, 42], "uv_size": [3, 0], "material_instance": "aspas"},
								"west": {"uv": [37, 42], "uv_size": [9, 0], "material_instance": "aspas"},
								"up": {"uv": [40, 48], "uv_size": [3, 9], "material_instance": "aspas"}
							}
						},
						{
							"origin": [-4, 7, -2],
							"size": [3, 0, 9],
							"pivot": [-2.5, 7, 2.5],
							"rotation": [0, -45, 0],
							"uv": {
								"north": {"uv": [37, 42], "uv_size": [3, 0], "material_instance": "aspas"},
								"east": {"uv": [37, 42], "uv_size": [9, 0], "material_instance": "aspas"},
								"south": {"uv": [37, 42], "uv_size": [3, 0], "material_instance": "aspas"},
								"west": {"uv": [37, 42], "uv_size": [9, 0], "material_instance": "aspas"},
								"up": {"uv": [40, 48], "uv_size": [-3, 9], "material_instance": "aspas"}
							}
						},
						{
							"origin": [1, 7, -2],
							"size": [3, 0, 9],
							"pivot": [2.5, 7, 2.5],
							"rotation": [0, 45, 0],
							"uv": {
								"north": {"uv": [37, 42], "uv_size": [3, 0], "material_instance": "aspas"},
								"east": {"uv": [37, 42], "uv_size": [9, 0], "material_instance": "aspas"},
								"south": {"uv": [37, 42], "uv_size": [3, 0], "material_instance": "aspas"},
								"west": {"uv": [37, 42], "uv_size": [9, 0], "material_instance": "aspas"},
								"up": {"uv": [37, 48], "uv_size": [3, 9], "material_instance": "aspas"}
							}
						},
						{
							"origin": [-3, 6.5, -3],
							"size": [6, 1, 6],
							"uv": {
								"north": {"uv": [49, 59], "uv_size": [6, -1], "material_instance": "aspas"},
								"east": {"uv": [49, 58], "uv_size": [6, 1], "material_instance": "aspas"},
								"south": {"uv": [49, 58], "uv_size": [6, 1], "material_instance": "aspas"},
								"west": {"uv": [49, 58], "uv_size": [6, 1], "material_instance": "aspas"},
								"up": {"uv": [37, 58], "uv_size": [6, 6], "material_instance": "aspas"},
								"down": {"uv": [43, 58], "uv_size": [6, 6], "material_instance": "aspas"}
							}
						}
					]
				}
			]
		}
	]
}