{
	"format_version": "1.21.0",
	"minecraft:geometry": [
		{
			"description": {
				"identifier": "geometry.fluid_pump",
				"texture_width": 64,
				"texture_height": 64,
				"visible_bounds_width": 2,
				"visible_bounds_height": 2.5,
				"visible_bounds_offset": [
					0,
					0.75,
					0
				]
			},
			"bones": [
				{
					"name": "bb_main",
					"pivot": [
						0,
						0,
						0
					],
					"cubes": [
						{
							"origin": [
								-2.75,
								5.25,
								-4
							],
							"size": [
								5.5,
								5.5,
								8
							],
							"uv": {
								"east": {
									"uv": [
										53,
										57
									],
									"uv_size": [
										8,
										5.5
									]
								},
								"west": {
									"uv": [
										51,
										56
									],
									"uv_size": [
										8,
										5.5
									]
								},
								"up": {
									"uv": [
										63,
										56.5
									],
									"uv_size": [
										-8,
										-6.5
									]
								},
								"down": {
									"uv": [
										58,
										55.5
									],
									"uv_size": [
										-8,
										-6.5
									]
								}
							}
						}
					]
				},
				{
					"name": "Pump",
					"pivot": [
						0,
						0,
						0
					]
				},
				{
					"name": "Base",
					"parent": "Pump",
					"pivot": [
						0,
						7,
						0
					],
					"cubes": [
						{
							"origin": [
								-3,
								5,
								-4
							],
							"size": [
								6,
								6,
								8
							],
							"uv": {
								"east": {
									"uv": [
										16,
										0
									],
									"uv_size": [
										8,
										6
									]
								},
								"west": {
									"uv": [
										0,
										16
									],
									"uv_size": [
										8,
										6
									]
								},
								"up": {
									"uv": [
										16,
										6
									],
									"uv_size": [
										8,
										6
									],
									"uv_rotation": 270
								},
								"down": {
									"uv": [
										8,
										22
									],
									"uv_size": [
										8,
										-6
									],
									"uv_rotation": 90
								}
							}
						},
						{
							"origin": [
								-2,
								10.5,
								-3
							],
							"size": [
								4,
								1,
								6
							],
							"uv": {
								"north": {
									"uv": [
										34,
										24
									],
									"uv_size": [
										4,
										1
									]
								},
								"east": {
									"uv": [
										34,
										7
									],
									"uv_size": [
										6,
										1
									]
								},
								"south": {
									"uv": [
										34,
										30
									],
									"uv_size": [
										4,
										1
									]
								},
								"west": {
									"uv": [
										34,
										6
									],
									"uv_size": [
										6,
										1
									]
								},
								"up": {
									"uv": [
										0,
										22
									],
									"uv_size": [
										6,
										4
									],
									"uv_rotation": 270
								}
							}
						},
						{
							"origin": [
								2.5,
								6,
								-3
							],
							"size": [
								1,
								4,
								6
							],
							"uv": {
								"north": {
									"uv": [
										27,
										33
									],
									"uv_size": [
										1,
										4
									]
								},
								"south": {
									"uv": [
										34,
										31
									],
									"uv_size": [
										1,
										4
									]
								},
								"west": {
									"uv": [
										22,
										12
									],
									"uv_size": [
										6,
										4
									]
								},
								"up": {
									"uv": [
										34,
										19
									],
									"uv_size": [
										6,
										1
									],
									"uv_rotation": 270
								},
								"down": {
									"uv": [
										20,
										35
									],
									"uv_size": [
										6,
										-1
									],
									"uv_rotation": 90
								}
							}
						},
						{
							"origin": [
								-3.5,
								6,
								-3
							],
							"size": [
								1,
								4,
								6
							],
							"uv": {
								"north": {
									"uv": [
										33,
										34
									],
									"uv_size": [
										1,
										4
									]
								},
								"east": {
									"uv": [
										24,
										0
									],
									"uv_size": [
										6,
										4
									]
								},
								"south": {
									"uv": [
										0,
										35
									],
									"uv_size": [
										1,
										4
									]
								},
								"up": {
									"uv": [
										34,
										20
									],
									"uv_size": [
										6,
										1
									],
									"uv_rotation": 270
								},
								"down": {
									"uv": [
										34,
										22
									],
									"uv_size": [
										6,
										-1
									],
									"uv_rotation": 90
								}
							}
						},
						{
							"origin": [
								-2,
								4.5,
								-3
							],
							"size": [
								4,
								1,
								6
							],
							"uv": {
								"north": {
									"uv": [
										1,
										35
									],
									"uv_size": [
										4,
										1
									]
								},
								"east": {
									"uv": [
										34,
										23
									],
									"uv_size": [
										6,
										1
									]
								},
								"south": {
									"uv": [
										5,
										35
									],
									"uv_size": [
										4,
										1
									]
								},
								"west": {
									"uv": [
										34,
										22
									],
									"uv_size": [
										6,
										1
									]
								},
								"down": {
									"uv": [
										24,
										12
									],
									"uv_size": [
										6,
										-4
									],
									"uv_rotation": 90
								}
							}
						}
					]
				},
				{
					"name": "Salida",
					"parent": "Pump",
					"pivot": [
						6,
						8,
						0
					],
					"cubes": [
						{
							"origin": [
								-4,
								4,
								4
							],
							"size": [
								8,
								8,
								2
							],
							"uv": {
								"north": {
									"uv": [
										0,
										0
									],
									"uv_size": [
										8,
										8
									]
								},
								"east": {
									"uv": [
										30,
										8
									],
									"uv_size": [
										2,
										8
									]
								},
								"south": {
									"uv": [
										0,
										8
									],
									"uv_size": [
										8,
										8
									]
								},
								"west": {
									"uv": [
										30,
										0
									],
									"uv_size": [
										2,
										8
									]
								},
								"up": {
									"uv": [
										30,
										16
									],
									"uv_size": [
										2,
										8
									],
									"uv_rotation": 270
								},
								"down": {
									"uv": [
										30,
										32
									],
									"uv_size": [
										2,
										-8
									],
									"uv_rotation": 90
								}
							}
						},
						{
							"origin": [
								-4,
								12,
								6
							],
							"size": [
								9,
								1,
								2
							],
							"uv": {
								"north": {
									"uv": [
										32,
										8
									],
									"uv_size": [
										9,
										1
									]
								},
								"east": {
									"uv": [
										20,
										35
									],
									"uv_size": [
										2,
										1
									]
								},
								"south": {
									"uv": [
										32,
										9
									],
									"uv_size": [
										9,
										1
									]
								},
								"west": {
									"uv": [
										9,
										35
									],
									"uv_size": [
										2,
										1
									]
								},
								"up": {
									"uv": [
										12,
										22
									],
									"uv_size": [
										2,
										9
									],
									"uv_rotation": 270
								},
								"down": {
									"uv": [
										14,
										31
									],
									"uv_size": [
										2,
										-9
									],
									"uv_rotation": 90
								}
							}
						},
						{
							"origin": [
								-5,
								3,
								6
							],
							"size": [
								9,
								1,
								2
							],
							"uv": {
								"north": {
									"uv": [
										32,
										10
									],
									"uv_size": [
										9,
										1
									]
								},
								"east": {
									"uv": [
										24,
										35
									],
									"uv_size": [
										2,
										1
									]
								},
								"south": {
									"uv": [
										32,
										11
									],
									"uv_size": [
										9,
										1
									]
								},
								"west": {
									"uv": [
										22,
										35
									],
									"uv_size": [
										2,
										1
									]
								},
								"up": {
									"uv": [
										16,
										24
									],
									"uv_size": [
										2,
										9
									],
									"uv_rotation": 270
								},
								"down": {
									"uv": [
										18,
										33
									],
									"uv_size": [
										2,
										-9
									],
									"uv_rotation": 90
								}
							}
						},
						{
							"origin": [
								4,
								3,
								6
							],
							"size": [
								1,
								9,
								2
							],
							"uv": {
								"north": {
									"uv": [
										32,
										12
									],
									"uv_size": [
										1,
										9
									]
								},
								"east": {
									"uv": [
										22,
										24
									],
									"uv_size": [
										2,
										9
									]
								},
								"south": {
									"uv": [
										32,
										21
									],
									"uv_size": [
										1,
										9
									]
								},
								"west": {
									"uv": [
										20,
										24
									],
									"uv_size": [
										2,
										9
									]
								},
								"up": {
									"uv": [
										35,
										31
									],
									"uv_size": [
										2,
										1
									],
									"uv_rotation": 270
								},
								"down": {
									"uv": [
										35,
										33
									],
									"uv_size": [
										2,
										-1
									],
									"uv_rotation": 90
								}
							}
						},
						{
							"origin": [
								-5,
								4,
								6
							],
							"size": [
								1,
								9,
								2
							],
							"uv": {
								"north": {
									"uv": [
										30,
										32
									],
									"uv_size": [
										1,
										9
									]
								},
								"east": {
									"uv": [
										0,
										26
									],
									"uv_size": [
										2,
										9
									]
								},
								"south": {
									"uv": [
										32,
										30
									],
									"uv_size": [
										1,
										9
									]
								},
								"west": {
									"uv": [
										24,
										24
									],
									"uv_size": [
										2,
										9
									]
								},
								"up": {
									"uv": [
										35,
										33
									],
									"uv_size": [
										2,
										1
									],
									"uv_rotation": 270
								},
								"down": {
									"uv": [
										34,
										36
									],
									"uv_size": [
										2,
										-1
									],
									"uv_rotation": 90
								}
							}
						}
					]
				},
				{
					"name": "Entrada",
					"parent": "Pump",
					"pivot": [
						-6,
						7,
						1
					],
					"cubes": [
						{
							"origin": [
								-4,
								4,
								-6
							],
							"size": [
								8,
								8,
								2
							],
							"uv": {
								"north": {
									"uv": [
										8,
										0
									],
									"uv_size": [
										8,
										8
									]
								},
								"east": {
									"uv": [
										12,
										31
									],
									"uv_size": [
										2,
										8
									]
								},
								"south": {
									"uv": [
										8,
										8
									],
									"uv_size": [
										8,
										8
									]
								},
								"west": {
									"uv": [
										28,
										30
									],
									"uv_size": [
										2,
										8
									]
								},
								"up": {
									"uv": [
										14,
										31
									],
									"uv_size": [
										2,
										8
									],
									"uv_rotation": 270
								},
								"down": {
									"uv": [
										32,
										8
									],
									"uv_size": [
										2,
										-8
									],
									"uv_rotation": 90
								}
							}
						},
						{
							"origin": [
								-4,
								12,
								-8
							],
							"size": [
								9,
								1,
								2
							],
							"uv": {
								"north": {
									"uv": [
										33,
										12
									],
									"uv_size": [
										9,
										1
									]
								},
								"east": {
									"uv": [
										36,
										0
									],
									"uv_size": [
										2,
										1
									]
								},
								"south": {
									"uv": [
										33,
										13
									],
									"uv_size": [
										9,
										1
									]
								},
								"west": {
									"uv": [
										35,
										34
									],
									"uv_size": [
										2,
										1
									]
								},
								"up": {
									"uv": [
										2,
										26
									],
									"uv_size": [
										2,
										9
									],
									"uv_rotation": 270
								},
								"down": {
									"uv": [
										4,
										35
									],
									"uv_size": [
										2,
										-9
									],
									"uv_rotation": 90
								}
							}
						},
						{
							"origin": [
								-5,
								3,
								-8
							],
							"size": [
								9,
								1,
								2
							],
							"uv": {
								"north": {
									"uv": [
										33,
										14
									],
									"uv_size": [
										9,
										1
									]
								},
								"east": {
									"uv": [
										36,
										1
									],
									"uv_size": [
										2,
										1
									]
								},
								"south": {
									"uv": [
										33,
										15
									],
									"uv_size": [
										9,
										1
									]
								},
								"west": {
									"uv": [
										1,
										36
									],
									"uv_size": [
										2,
										1
									]
								},
								"up": {
									"uv": [
										6,
										26
									],
									"uv_size": [
										2,
										9
									],
									"uv_rotation": 270
								},
								"down": {
									"uv": [
										8,
										35
									],
									"uv_size": [
										2,
										-9
									],
									"uv_rotation": 90
								}
							}
						},
						{
							"origin": [
								-5,
								4,
								-8
							],
							"size": [
								1,
								9,
								2
							],
							"uv": {
								"north": {
									"uv": [
										31,
										32
									],
									"uv_size": [
										1,
										9
									]
								},
								"east": {
									"uv": [
										26,
										24
									],
									"uv_size": [
										2,
										9
									]
								},
								"south": {
									"uv": [
										16,
										33
									],
									"uv_size": [
										1,
										9
									]
								},
								"west": {
									"uv": [
										10,
										26
									],
									"uv_size": [
										2,
										9
									]
								},
								"up": {
									"uv": [
										36,
										2
									],
									"uv_size": [
										2,
										1
									],
									"uv_rotation": 270
								},
								"down": {
									"uv": [
										3,
										37
									],
									"uv_size": [
										2,
										-1
									],
									"uv_rotation": 90
								}
							}
						},
						{
							"origin": [
								4,
								3,
								-8
							],
							"size": [
								1,
								9,
								2
							],
							"uv": {
								"north": {
									"uv": [
										33,
										16
									],
									"uv_size": [
										1,
										9
									]
								},
								"east": {
									"uv": [
										28,
										21
									],
									"uv_size": [
										2,
										9
									]
								},
								"south": {
									"uv": [
										17,
										33
									],
									"uv_size": [
										1,
										9
									]
								},
								"west": {
									"uv": [
										28,
										12
									],
									"uv_size": [
										2,
										9
									]
								},
								"up": {
									"uv": [
										36,
										3
									],
									"uv_size": [
										2,
										1
									],
									"uv_rotation": 270
								},
								"down": {
									"uv": [
										36,
										5
									],
									"uv_size": [
										2,
										-1
									],
									"uv_rotation": 90
								}
							}
						}
					]
				}
			]
		}
	]
}