{
	"format_version": "1.12.0",
	"minecraft:geometry": [
		{
			"description": {
				"identifier": "geometry.utilitycraft_shulker_crop",
				"texture_width": 16,
				"texture_height": 16,
				"visible_bounds_width": 2,
				"visible_bounds_height": 2.5,
				"visible_bounds_offset": [
					0,
					0.75,
					0
				]
			},
			"bones": [
				{
					"name": "bone",
					"pivot": [
						0,
						0,
						0
					],
					"cubes": [
						{
							"origin": [
								-1,
								11,
								-1
							],
							"size": [
								2,
								2,
								2
							],
							"uv": {
								"north": {
									"uv": [
										10,
										2
									],
									"uv_size": [
										2,
										2
									]
								},
								"east": {
									"uv": [
										8,
										2
									],
									"uv_size": [
										2,
										2
									]
								},
								"south": {
									"uv": [
										14,
										2
									],
									"uv_size": [
										2,
										2
									]
								},
								"west": {
									"uv": [
										12,
										2
									],
									"uv_size": [
										2,
										2
									]
								},
								"up": {
									"uv": [
										12,
										2
									],
									"uv_size": [
										-2,
										-2
									]
								},
								"down": {
									"uv": [
										14,
										2
									],
									"uv_size": [
										-2,
										-2
									]
								}
							}
						},
						{
							"origin": [
								-8,
								5,
								-8
							],
							"size": [
								16,
								16,
								16
							],
							"inflate": -5.9,
							"uv": {
								"north": {
									"uv": [
										4,
										8
									],
									"uv_size": [
										4,
										4
									]
								},
								"east": {
									"uv": [
										0,
										8
									],
									"uv_size": [
										4,
										4
									]
								},
								"south": {
									"uv": [
										12,
										8
									],
									"uv_size": [
										4,
										4
									]
								},
								"west": {
									"uv": [
										8,
										8
									],
									"uv_size": [
										4,
										4
									]
								},
								"up": {
									"uv": [
										8,
										8
									],
									"uv_size": [
										-4,
										-4
									]
								},
								"down": {
									"uv": [
										12,
										8
									],
									"uv_size": [
										-4,
										-4
									]
								}
							}
						},
						{
							"origin": [
								-8,
								0,
								0
							],
							"size": [
								16,
								16,
								0
							],
							"pivot": [
								0,
								0,
								0
							],
							"rotation": [
								0,
								45,
								0
							],
							"uv": {
								"north": {
									"uv": [
										0,
										0
									],
									"uv_size": [
										4,
										4
									]
								},
								"south": {
									"uv": [
										0,
										0
									],
									"uv_size": [
										0,
										0
									]
								}
							}
						},
						{
							"origin": [
								-8,
								0,
								0
							],
							"size": [
								16,
								16,
								0
							],
							"pivot": [
								0,
								0,
								0
							],
							"rotation": [
								0,
								-45,
								0
							],
							"uv": {
								"north": {
									"uv": [
										0,
										0
									],
									"uv_size": [
										0,
										0
									]
								},
								"south": {
									"uv": [
										4,
										0
									],
									"uv_size": [
										4,
										4
									]
								}
							}
						}
					]
				}
			]
		}
	]
}