{
	"format_version": "1.12.0",
	"minecraft:geometry": [
		{
			"description": {
				"identifier": "geometry.utilitycraft_utility_table",
				"texture_width": 64,
				"texture_height": 64,
				"visible_bounds_width": 2,
				"visible_bounds_height": 2.5,
				"visible_bounds_offset": [
					0,
					0.75,
					0
				]
			},
			"bones": [
				{
					"name": "utilitytable",
					"pivot": [
						0,
						-2,
						0
					],
					"cubes": [
						{
							"origin": [
								-2,
								2,
								-13
							],
							"size": [
								4,
								3,
								6
							],
							"pivot": [
								0,
								-2,
								0
							],
							"rotation": [
								-45,
								0,
								0
							],
							"uv": {
								"north": {
									"uv": [
										32,
										0
									],
									"uv_size": [
										6,
										4
									]
								},
								"east": {
									"uv": [
										32,
										0
									],
									"uv_size": [
										6,
										4
									]
								},
								"south": {
									"uv": [
										32,
										0
									],
									"uv_size": [
										6,
										4
									]
								},
								"west": {
									"uv": [
										32,
										0
									],
									"uv_size": [
										6,
										4
									]
								},
								"up": {
									"uv": [
										38,
										4
									],
									"uv_size": [
										-6,
										-4
									]
								},
								"down": {
									"uv": [
										38,
										4
									],
									"uv_size": [
										-6,
										-4
									]
								}
							}
						},
						{
							"origin": [
								-7,
								10,
								-7
							],
							"size": [
								14,
								4,
								14
							],
							"uv": {
								"north": {
									"uv": [
										0,
										16
									],
									"uv_size": [
										16,
										4
									]
								},
								"east": {
									"uv": [
										0,
										16
									],
									"uv_size": [
										16,
										4
									]
								},
								"south": {
									"uv": [
										0,
										16
									],
									"uv_size": [
										16,
										4
									]
								},
								"west": {
									"uv": [
										0,
										16
									],
									"uv_size": [
										16,
										4
									]
								},
								"up": {
									"uv": [
										0,
										0
									],
									"uv_size": [
										16,
										16
									]
								},
								"down": {
									"uv": [
										16,
										16
									],
									"uv_size": [
										16,
										-16
									]
								}
							}
						},
						{
							"origin": [
								-6,
								0,
								-6
							],
							"size": [
								12,
								2,
								12
							],
							"uv": {
								"north": {
									"uv": [
										18,
										0
									],
									"uv_size": [
										12,
										2
									]
								},
								"east": {
									"uv": [
										18,
										0
									],
									"uv_size": [
										12,
										2
									]
								},
								"south": {
									"uv": [
										18,
										0
									],
									"uv_size": [
										12,
										2
									]
								},
								"west": {
									"uv": [
										18,
										0
									],
									"uv_size": [
										12,
										2
									]
								},
								"up": {
									"uv": [
										18,
										2
									],
									"uv_size": [
										12,
										12
									]
								},
								"down": {
									"uv": [
										18,
										2
									],
									"uv_size": [
										12,
										12
									]
								}
							}
						},
						{
							"origin": [
								-2.5,
								2,
								-2.5
							],
							"size": [
								5,
								8,
								5
							],
							"uv": {
								"north": {
									"uv": [
										24,
										4
									],
									"uv_size": [
										5,
										8
									]
								},
								"east": {
									"uv": [
										24,
										4
									],
									"uv_size": [
										5,
										8
									]
								},
								"south": {
									"uv": [
										24,
										4
									],
									"uv_size": [
										5,
										8
									]
								},
								"west": {
									"uv": [
										24,
										4
									],
									"uv_size": [
										5,
										8
									]
								},
								"up": {
									"uv": [
										29,
										12
									],
									"uv_size": [
										-5,
										-8
									]
								},
								"down": {
									"uv": [
										29,
										12
									],
									"uv_size": [
										-5,
										-8
									]
								}
							}
						},
						{
							"origin": [
								-3.5,
								2,
								-3.5
							],
							"size": [
								7,
								3,
								7
							],
							"uv": {
								"north": {
									"uv": [
										23,
										4
									],
									"uv_size": [
										7,
										3
									]
								},
								"east": {
									"uv": [
										23,
										4
									],
									"uv_size": [
										7,
										3
									]
								},
								"south": {
									"uv": [
										23,
										4
									],
									"uv_size": [
										7,
										3
									]
								},
								"west": {
									"uv": [
										23,
										4
									],
									"uv_size": [
										7,
										3
									]
								},
								"up": {
									"uv": [
										30,
										10
									],
									"uv_size": [
										-7,
										-7
									]
								},
								"down": {
									"uv": [
										30,
										10
									],
									"uv_size": [
										-7,
										-7
									]
								}
							}
						},
						{
							"origin": [
								-13,
								2,
								-2
							],
							"size": [
								6,
								3,
								4
							],
							"pivot": [
								0,
								-2,
								0
							],
							"rotation": [
								0,
								0,
								45
							],
							"uv": {
								"north": {
									"uv": [
										32,
										0
									],
									"uv_size": [
										6,
										4
									]
								},
								"east": {
									"uv": [
										32,
										0
									],
									"uv_size": [
										6,
										4
									]
								},
								"south": {
									"uv": [
										32,
										0
									],
									"uv_size": [
										6,
										4
									]
								},
								"west": {
									"uv": [
										32,
										0
									],
									"uv_size": [
										6,
										4
									]
								},
								"up": {
									"uv": [
										38,
										4
									],
									"uv_size": [
										-6,
										-4
									]
								},
								"down": {
									"uv": [
										38,
										4
									],
									"uv_size": [
										-6,
										-4
									]
								}
							}
						},
						{
							"origin": [
								-2,
								7,
								-13
							],
							"size": [
								4,
								2,
								4
							],
							"pivot": [
								0,
								14,
								-1
							],
							"rotation": [
								45,
								0,
								0
							],
							"uv": {
								"north": {
									"uv": [
										36,
										4
									],
									"uv_size": [
										-4,
										-4
									]
								},
								"east": {
									"uv": [
										36,
										4
									],
									"uv_size": [
										-4,
										-4
									]
								},
								"south": {
									"uv": [
										36,
										4
									],
									"uv_size": [
										-4,
										-4
									]
								},
								"west": {
									"uv": [
										36,
										4
									],
									"uv_size": [
										-4,
										-4
									]
								},
								"up": {
									"uv": [
										32,
										0
									],
									"uv_size": [
										4,
										4
									]
								},
								"down": {
									"uv": [
										32,
										0
									],
									"uv_size": [
										4,
										4
									]
								}
							}
						},
						{
							"origin": [
								9,
								7,
								-2
							],
							"size": [
								4,
								2,
								4
							],
							"pivot": [
								1,
								14,
								0
							],
							"rotation": [
								0,
								0,
								45
							],
							"uv": {
								"north": {
									"uv": [
										36,
										4
									],
									"uv_size": [
										-4,
										-4
									]
								},
								"east": {
									"uv": [
										36,
										4
									],
									"uv_size": [
										-4,
										-4
									]
								},
								"south": {
									"uv": [
										36,
										4
									],
									"uv_size": [
										-4,
										-4
									]
								},
								"west": {
									"uv": [
										36,
										4
									],
									"uv_size": [
										-4,
										-4
									]
								},
								"up": {
									"uv": [
										32,
										0
									],
									"uv_size": [
										4,
										4
									]
								},
								"down": {
									"uv": [
										32,
										0
									],
									"uv_size": [
										4,
										4
									]
								}
							}
						},
						{
							"origin": [
								-2,
								7,
								9
							],
							"size": [
								4,
								2,
								4
							],
							"pivot": [
								0,
								14,
								1
							],
							"rotation": [
								-45,
								0,
								0
							],
							"uv": {
								"north": {
									"uv": [
										36,
										4
									],
									"uv_size": [
										-4,
										-4
									]
								},
								"east": {
									"uv": [
										36,
										4
									],
									"uv_size": [
										-4,
										-4
									]
								},
								"south": {
									"uv": [
										36,
										4
									],
									"uv_size": [
										-4,
										-4
									]
								},
								"west": {
									"uv": [
										36,
										4
									],
									"uv_size": [
										-4,
										-4
									]
								},
								"up": {
									"uv": [
										32,
										0
									],
									"uv_size": [
										4,
										4
									]
								},
								"down": {
									"uv": [
										32,
										0
									],
									"uv_size": [
										4,
										4
									]
								}
							}
						},
						{
							"origin": [
								-13,
								7,
								-2
							],
							"size": [
								4,
								2,
								4
							],
							"pivot": [
								-1,
								14,
								0
							],
							"rotation": [
								0,
								0,
								-45
							],
							"uv": {
								"north": {
									"uv": [
										36,
										4
									],
									"uv_size": [
										-4,
										-4
									]
								},
								"east": {
									"uv": [
										36,
										4
									],
									"uv_size": [
										-4,
										-4
									]
								},
								"south": {
									"uv": [
										36,
										4
									],
									"uv_size": [
										-4,
										-4
									]
								},
								"west": {
									"uv": [
										36,
										4
									],
									"uv_size": [
										-4,
										-4
									]
								},
								"up": {
									"uv": [
										32,
										0
									],
									"uv_size": [
										4,
										4
									]
								},
								"down": {
									"uv": [
										32,
										0
									],
									"uv_size": [
										4,
										4
									]
								}
							}
						},
						{
							"origin": [
								7,
								2,
								-2
							],
							"size": [
								6,
								3,
								4
							],
							"pivot": [
								0,
								-2,
								0
							],
							"rotation": [
								0,
								0,
								-45
							],
							"uv": {
								"north": {
									"uv": [
										32,
										0
									],
									"uv_size": [
										6,
										4
									]
								},
								"east": {
									"uv": [
										32,
										0
									],
									"uv_size": [
										6,
										4
									]
								},
								"south": {
									"uv": [
										32,
										0
									],
									"uv_size": [
										6,
										4
									]
								},
								"west": {
									"uv": [
										32,
										0
									],
									"uv_size": [
										6,
										4
									]
								},
								"up": {
									"uv": [
										38,
										4
									],
									"uv_size": [
										-6,
										-4
									]
								},
								"down": {
									"uv": [
										38,
										4
									],
									"uv_size": [
										-6,
										-4
									]
								}
							}
						},
						{
							"origin": [
								-2,
								2,
								7
							],
							"size": [
								4,
								3,
								6
							],
							"pivot": [
								0,
								-2,
								0
							],
							"rotation": [
								45,
								0,
								0
							],
							"uv": {
								"north": {
									"uv": [
										32,
										0
									],
									"uv_size": [
										6,
										4
									]
								},
								"east": {
									"uv": [
										32,
										0
									],
									"uv_size": [
										6,
										4
									]
								},
								"south": {
									"uv": [
										32,
										0
									],
									"uv_size": [
										6,
										4
									]
								},
								"west": {
									"uv": [
										32,
										0
									],
									"uv_size": [
										6,
										4
									]
								},
								"up": {
									"uv": [
										38,
										4
									],
									"uv_size": [
										-6,
										-4
									]
								},
								"down": {
									"uv": [
										38,
										4
									],
									"uv_size": [
										-6,
										-4
									]
								}
							}
						}
					]
				}
			]
		}
	]
}