{
	"format_version": "1.12.0",
	"minecraft:geometry": [
		{
			"description": {
				"identifier": "geometry.waycarpet",
				"texture_width": 64,
				"texture_height": 64,
				"visible_bounds_width": 2,
				"visible_bounds_height": 1.5,
				"visible_bounds_offset": [
					0,
					0.25,
					0
				]
			},
			"bones": [
				{
					"name": "Waycarpet",
					"pivot": [
						0,
						0,
						0
					]
				},
				{
					"name": "Teleport",
					"parent": "Waycarpet",
					"pivot": [
						0,
						0,
						0
					],
					"cubes": [
						{
							"origin": [
								-6,
								1,
								-6
							],
							"size": [
								12,
								1,
								12
							],
							"uv": {
								"north": {
									"uv": [
										26,
										2
									],
									"uv_size": [
										12,
										1
									]
								},
								"east": {
									"uv": [
										26,
										3
									],
									"uv_size": [
										12,
										1
									]
								},
								"south": {
									"uv": [
										26,
										4
									],
									"uv_size": [
										12,
										1
									]
								},
								"west": {
									"uv": [
										26,
										5
									],
									"uv_size": [
										12,
										1
									]
								},
								"up": {
									"uv": [
										14,
										0
									],
									"uv_size": [
										12,
										12
									]
								},
								"down": {
									"uv": [
										14,
										24
									],
									"uv_size": [
										12,
										-12
									]
								}
							}
						},
						{
							"origin": [
								-2,
								0.5,
								6
							],
							"size": [
								4,
								1,
								1
							],
							"uv": {
								"north": {
									"uv": [
										26,
										6
									],
									"uv_size": [
										4,
										1
									]
								},
								"east": {
									"uv": [
										28,
										27
									],
									"uv_size": [
										1,
										1
									]
								},
								"south": {
									"uv": [
										26,
										7
									],
									"uv_size": [
										4,
										1
									]
								},
								"west": {
									"uv": [
										28,
										28
									],
									"uv_size": [
										1,
										1
									]
								},
								"up": {
									"uv": [
										26,
										8
									],
									"uv_size": [
										4,
										1
									]
								},
								"down": {
									"uv": [
										26,
										10
									],
									"uv_size": [
										4,
										-1
									]
								}
							}
						},
						{
							"origin": [
								-2,
								0.5,
								-7
							],
							"size": [
								4,
								1,
								1
							],
							"uv": {
								"north": {
									"uv": [
										26,
										10
									],
									"uv_size": [
										4,
										1
									]
								},
								"east": {
									"uv": [
										0,
										29
									],
									"uv_size": [
										1,
										1
									]
								},
								"south": {
									"uv": [
										26,
										11
									],
									"uv_size": [
										4,
										1
									]
								},
								"west": {
									"uv": [
										1,
										29
									],
									"uv_size": [
										1,
										1
									]
								},
								"up": {
									"uv": [
										26,
										12
									],
									"uv_size": [
										4,
										1
									]
								},
								"down": {
									"uv": [
										26,
										14
									],
									"uv_size": [
										4,
										-1
									]
								}
							}
						},
						{
							"origin": [
								6,
								0.5,
								-2
							],
							"size": [
								1,
								1,
								4
							],
							"uv": {
								"north": {
									"uv": [
										2,
										29
									],
									"uv_size": [
										1,
										1
									]
								},
								"east": {
									"uv": [
										14,
										26
									],
									"uv_size": [
										4,
										1
									]
								},
								"south": {
									"uv": [
										3,
										29
									],
									"uv_size": [
										1,
										1
									]
								},
								"west": {
									"uv": [
										26,
										14
									],
									"uv_size": [
										4,
										1
									]
								},
								"up": {
									"uv": [
										26,
										15
									],
									"uv_size": [
										1,
										4
									]
								},
								"down": {
									"uv": [
										18,
										30
									],
									"uv_size": [
										1,
										-4
									]
								}
							}
						},
						{
							"origin": [
								-7,
								0.5,
								-2
							],
							"size": [
								1,
								1,
								4
							],
							"uv": {
								"north": {
									"uv": [
										4,
										29
									],
									"uv_size": [
										1,
										1
									]
								},
								"east": {
									"uv": [
										19,
										26
									],
									"uv_size": [
										4,
										1
									]
								},
								"south": {
									"uv": [
										5,
										29
									],
									"uv_size": [
										1,
										1
									]
								},
								"west": {
									"uv": [
										26,
										19
									],
									"uv_size": [
										4,
										1
									]
								},
								"up": {
									"uv": [
										26,
										20
									],
									"uv_size": [
										1,
										4
									]
								},
								"down": {
									"uv": [
										23,
										30
									],
									"uv_size": [
										1,
										-4
									]
								}
							}
						}
					]
				},
				{
					"name": "Base",
					"parent": "Waycarpet",
					"pivot": [
						0,
						0,
						0
					],
					"cubes": [
						{
							"origin": [
								-7,
								0,
								-7
							],
							"size": [
								14,
								1,
								14
							],
							"uv": {
								"north": {
									"uv": [
										14,
										24
									],
									"uv_size": [
										14,
										1
									]
								},
								"east": {
									"uv": [
										14,
										25
									],
									"uv_size": [
										14,
										1
									]
								},
								"south": {
									"uv": [
										26,
										0
									],
									"uv_size": [
										14,
										1
									]
								},
								"west": {
									"uv": [
										26,
										1
									],
									"uv_size": [
										14,
										1
									]
								},
								"up": {
									"uv": [
										0,
										0
									],
									"uv_size": [
										14,
										14
									]
								},
								"down": {
									"uv": [
										0,
										28
									],
									"uv_size": [
										14,
										-14
									]
								}
							}
						},
						{
							"origin": [
								6,
								0.5,
								-8
							],
							"size": [
								2,
								1,
								2
							],
							"uv": {
								"north": {
									"uv": [
										21,
										27
									],
									"uv_size": [
										2,
										1
									]
								},
								"east": {
									"uv": [
										27,
										22
									],
									"uv_size": [
										2,
										1
									]
								},
								"south": {
									"uv": [
										27,
										23
									],
									"uv_size": [
										2,
										1
									]
								},
								"west": {
									"uv": [
										0,
										28
									],
									"uv_size": [
										2,
										1
									]
								},
								"up": {
									"uv": [
										24,
										26
									],
									"uv_size": [
										2,
										2
									]
								},
								"down": {
									"uv": [
										26,
										28
									],
									"uv_size": [
										2,
										-2
									]
								}
							}
						},
						{
							"origin": [
								-8,
								0.5,
								-8
							],
							"size": [
								2,
								1,
								2
							],
							"uv": {
								"north": {
									"uv": [
										2,
										28
									],
									"uv_size": [
										2,
										1
									]
								},
								"east": {
									"uv": [
										4,
										28
									],
									"uv_size": [
										2,
										1
									]
								},
								"south": {
									"uv": [
										6,
										28
									],
									"uv_size": [
										2,
										1
									]
								},
								"west": {
									"uv": [
										8,
										28
									],
									"uv_size": [
										2,
										1
									]
								},
								"up": {
									"uv": [
										14,
										27
									],
									"uv_size": [
										2,
										2
									]
								},
								"down": {
									"uv": [
										27,
										17
									],
									"uv_size": [
										2,
										-2
									]
								}
							}
						},
						{
							"origin": [
								6,
								0.5,
								6
							],
							"size": [
								2,
								1,
								2
							],
							"uv": {
								"north": {
									"uv": [
										10,
										28
									],
									"uv_size": [
										2,
										1
									]
								},
								"east": {
									"uv": [
										12,
										28
									],
									"uv_size": [
										2,
										1
									]
								},
								"south": {
									"uv": [
										21,
										28
									],
									"uv_size": [
										2,
										1
									]
								},
								"west": {
									"uv": [
										24,
										28
									],
									"uv_size": [
										2,
										1
									]
								},
								"up": {
									"uv": [
										16,
										27
									],
									"uv_size": [
										2,
										2
									]
								},
								"down": {
									"uv": [
										27,
										19
									],
									"uv_size": [
										2,
										-2
									]
								}
							}
						},
						{
							"origin": [
								-8,
								0.5,
								6
							],
							"size": [
								2,
								1,
								2
							],
							"uv": {
								"north": {
									"uv": [
										28,
										24
									],
									"uv_size": [
										2,
										1
									]
								},
								"east": {
									"uv": [
										28,
										25
									],
									"uv_size": [
										2,
										1
									]
								},
								"south": {
									"uv": [
										26,
										28
									],
									"uv_size": [
										2,
										1
									]
								},
								"west": {
									"uv": [
										28,
										26
									],
									"uv_size": [
										2,
										1
									]
								},
								"up": {
									"uv": [
										19,
										27
									],
									"uv_size": [
										2,
										2
									]
								},
								"down": {
									"uv": [
										27,
										22
									],
									"uv_size": [
										2,
										-2
									]
								}
							}
						}
					]
				}
			]
		}
	]
}