{
	"format_version": "1.12.0",
	"minecraft:geometry": [
		{
			"description": {
				"identifier": "geometry.utilitycraft_wind_turbine",
				"texture_width": 72,
				"texture_height": 72,
				"visible_bounds_width": 3,
				"visible_bounds_height": 3.5,
				"visible_bounds_offset": [0, 1.25, 0]
			},
			"bones": [
				{
					"name": "windturbine",
					"pivot": [1, 21, -8]
				},
				{
					"name": "Base",
					"parent": "windturbine",
					"pivot": [1, 21, -8],
					"cubes": [
						{
							"origin": [-7, 0.36837, -7],
							"size": [14, 3, 14],
							"uv": {
								"north": {"uv": [0, 31.5], "uv_size": [15.75, 3.375]},
								"east": {"uv": [0, 31.5], "uv_size": [15.75, 3.375]},
								"south": {"uv": [0, 31.5], "uv_size": [15.75, 3.375]},
								"west": {"uv": [0, 31.5], "uv_size": [15.75, 3.375]},
								"up": {"uv": [0, 0], "uv_size": [15.75, 15.75]},
								"down": {"uv": [0, 31.5], "uv_size": [15.75, -15.75]}
							}
						},
						{
							"origin": [-6, 3.36837, -6],
							"size": [12, 1, 12],
							"uv": {
								"north": {"uv": [15.75, 27], "uv_size": [13.5, 1.125]},
								"east": {"uv": [15.75, 27], "uv_size": [13.5, 1.125]},
								"south": {"uv": [15.75, 27], "uv_size": [13.5, 1.125]},
								"west": {"uv": [15.75, 27], "uv_size": [13.5, 1.125]},
								"up": {"uv": [15.75, 0], "uv_size": [13.5, 13.5]},
								"down": {"uv": [15.75, 27], "uv_size": [13.5, -13.5]}
							}
						}
					]
				},
				{
					"name": "Tronco",
					"parent": "windturbine",
					"pivot": [1, 21, -8],
					"cubes": [
						{
							"origin": [-4.5, 4, -4.5],
							"size": [9, 3, 9],
							"uv": {
								"north": {"uv": [29.25, 20.25], "uv_size": [10.125, 3.375]},
								"east": {"uv": [29.25, 20.25], "uv_size": [10.125, 3.375]},
								"south": {"uv": [29.25, 20.25], "uv_size": [10.125, 3.375]},
								"west": {"uv": [29.25, 20.25], "uv_size": [10.125, 3.375]},
								"up": {"uv": [29.25, 0], "uv_size": [10.125, 10.125]},
								"down": {"uv": [29.25, 20.25], "uv_size": [10.125, -10.125]}
							}
						},
						{
							"origin": [-3, 7, -3],
							"size": [6, 4, 6],
							"uv": {
								"north": {"uv": [39.375, 13.5], "uv_size": [6.75, 4.5]},
								"east": {"uv": [39.375, 13.5], "uv_size": [6.75, 4.5]},
								"south": {"uv": [39.375, 13.5], "uv_size": [6.75, 4.5]},
								"west": {"uv": [39.375, 13.5], "uv_size": [6.75, 4.5]},
								"up": {"uv": [39.375, 0], "uv_size": [6.75, 6.75]},
								"down": {"uv": [39.375, 13.5], "uv_size": [6.75, -6.75]}
							}
						},
						{
							"origin": [-2, 11, -2],
							"size": [4, 4, 4],
							"uv": {
								"north": {"uv": [46.125, 9], "uv_size": [4.5, 4.5]},
								"east": {"uv": [46.125, 9], "uv_size": [4.5, 4.5]},
								"south": {"uv": [46.125, 9], "uv_size": [4.5, 4.5]},
								"west": {"uv": [46.125, 9], "uv_size": [4.5, 4.5]},
								"up": {"uv": [46.125, 0], "uv_size": [4.5, 4.5]},
								"down": {"uv": [46.125, 9], "uv_size": [4.5, -4.5]}
							}
						}
					]
				},
				{
					"name": "Motor",
					"parent": "windturbine",
					"pivot": [1, 21, -8],
					"cubes": [
						{
							"origin": [-3, 16, -3],
							"size": [6, 6, 8],
							"uv": {
								"north": {"uv": [0, 43.875], "uv_size": [6.75, 6.75]},
								"east": {"uv": [6.75, 43.875], "uv_size": [9, 6.75]},
								"south": {"uv": [0, 50.625], "uv_size": [6.75, 6.75]},
								"west": {"uv": [6.75, 50.625], "uv_size": [9, 6.75]},
								"up": {"uv": [0, 34.875], "uv_size": [6.75, 9]},
								"down": {"uv": [6.75, 43.875], "uv_size": [6.75, -9]}
							}
						},
						{
							"origin": [-1.5, 23, -1.5],
							"size": [3, 1, 3],
							"uv": {
								"north": {"uv": [15.75, 31.5], "uv_size": [3.375, 1.125]},
								"east": {"uv": [15.75, 32.625], "uv_size": [3.375, -1.125]},
								"south": {"uv": [15.75, 31.5], "uv_size": [3.375, 1.125]},
								"west": {"uv": [15.75, 32.625], "uv_size": [3.375, -1.125]},
								"up": {"uv": [15.75, 28.125], "uv_size": [3.375, 3.375]},
								"down": {"uv": [19.125, 31.5], "uv_size": [3.375, -3.375]}
							}
						},
						{
							"origin": [-2, 22, -3],
							"size": [4, 1, 8],
							"uv": {
								"north": {"uv": [22.5, 37.125], "uv_size": [4.5, 1.125]},
								"east": {"uv": [22.5, 39.375], "uv_size": [9, -1.125]},
								"south": {"uv": [27, 37.125], "uv_size": [4.5, 1.125]},
								"west": {"uv": [22.5, 39.375], "uv_size": [9, 1.125]},
								"up": {"uv": [22.5, 28.125], "uv_size": [4.5, 9]},
								"down": {"uv": [27, 37.125], "uv_size": [4.5, -9]}
							}
						},
						{
							"origin": [3, 17, -3],
							"size": [1, 4, 8],
							"uv": {
								"north": {"uv": [31.5, 37.125], "uv_size": [1.125, 4.5]},
								"east": {"uv": [33.75, 28.125], "uv_size": [9, 4.5]},
								"south": {"uv": [32.625, 37.125], "uv_size": [1.125, 4.5]},
								"west": {"uv": [33.75, 32.625], "uv_size": [9, 4.5]},
								"up": {"uv": [31.5, 28.125], "uv_size": [1.125, 9]},
								"down": {"uv": [32.625, 37.125], "uv_size": [1.125, -9]}
							}
						},
						{
							"origin": [-2, 15, -3],
							"size": [4, 1, 8],
							"uv": {
								"north": {"uv": [22.5, 37.125], "uv_size": [4.5, 1.125]},
								"east": {"uv": [22.5, 38.25], "uv_size": [9, 1.125]},
								"south": {"uv": [27, 37.125], "uv_size": [4.5, 1.125]},
								"west": {"uv": [22.5, 40.5], "uv_size": [9, -1.125]},
								"up": {"uv": [27, 28.125], "uv_size": [4.5, 9]},
								"down": {"uv": [22.5, 37.125], "uv_size": [4.5, -9]}
							}
						},
						{
							"origin": [-4, 17, -3],
							"size": [1, 4, 8],
							"uv": {
								"north": {"uv": [31.5, 37.125], "uv_size": [1.125, 4.5]},
								"east": {"uv": [33.75, 28.125], "uv_size": [9, 4.5]},
								"south": {"uv": [32.625, 37.125], "uv_size": [1.125, 4.5]},
								"west": {"uv": [33.75, 32.625], "uv_size": [9, 4.5]},
								"up": {"uv": [31.5, 28.125], "uv_size": [1.125, 9]},
								"down": {"uv": [32.625, 37.125], "uv_size": [1.125, -9]}
							}
						},
						{
							"origin": [-2, 17, -5],
							"size": [4, 4, 1],
							"pivot": [0, 19, -5],
							"rotation": [0, 0, -47.5],
							"uv": {
								"north": {"uv": [0, 57.375], "uv_size": [4.5, 4.5]},
								"east": {"uv": [0, 61.875], "uv_size": [1.125, 4.5]},
								"south": {"uv": [4.5, 57.375], "uv_size": [4.5, 4.5]},
								"west": {"uv": [1.125, 61.875], "uv_size": [1.125, 4.5]},
								"up": {"uv": [4.5, 61.875], "uv_size": [4.5, 1.125]},
								"down": {"uv": [4.5, 64.125], "uv_size": [4.5, -1.125]}
							}
						},
						{
							"origin": [-3, 16, -4],
							"size": [6, 6, 1],
							"pivot": [0, 19, -4],
							"rotation": [0, 0, -47.5],
							"uv": {
								"north": {"uv": [15.75, 43.875], "uv_size": [6.75, 6.75]},
								"east": {"uv": [16.875, 50.625], "uv_size": [-1.125, 6.75]},
								"south": {"uv": [22.5, 43.875], "uv_size": [6.75, 6.75]},
								"west": {"uv": [16.875, 50.625], "uv_size": [1.125, 6.75]},
								"up": {"uv": [22.5, 50.625], "uv_size": [6.75, 1.125]},
								"down": {"uv": [22.5, 52.875], "uv_size": [6.75, -1.125]}
							}
						},
						{
							"origin": [-3, 16, 5],
							"size": [6, 6, 1],
							"pivot": [0, 19, 5],
							"rotation": [0, 0, -47.5],
							"uv": {
								"north": {"uv": [15.75, 43.875], "uv_size": [6.75, 6.75]},
								"east": {"uv": [15.75, 50.625], "uv_size": [1.125, 6.75]},
								"south": {"uv": [22.5, 43.875], "uv_size": [6.75, 6.75]},
								"west": {"uv": [16.875, 50.625], "uv_size": [1.125, 6.75]},
								"up": {"uv": [22.5, 50.625], "uv_size": [6.75, 1.125]},
								"down": {"uv": [22.5, 52.875], "uv_size": [6.75, -1.125]}
							}
						},
						{
							"origin": [-2, 17, 6],
							"size": [4, 4, 1],
							"pivot": [0, 19, 6],
							"rotation": [0, 0, -47.5],
							"uv": {
								"north": {"uv": [0, 57.375], "uv_size": [4.5, 4.5]},
								"east": {"uv": [0, 61.875], "uv_size": [1.125, 4.5]},
								"south": {"uv": [4.5, 57.375], "uv_size": [4.5, 4.5]},
								"west": {"uv": [2.25, 61.875], "uv_size": [-1.125, 4.5]},
								"up": {"uv": [4.5, 61.875], "uv_size": [4.5, 1.125]},
								"down": {"uv": [4.5, 64.125], "uv_size": [4.5, -1.125]}
							}
						}
					]
				},
				{
					"name": "Aspas",
					"parent": "windturbine",
					"pivot": [0, 19, -7]
				},
				{
					"name": "Aspas1",
					"parent": "Aspas",
					"pivot": [0, 19, -7],
					"cubes": [
						{
							"origin": [-1, 18, -9],
							"size": [2, 2, 17],
							"uv": {
								"north": {"uv": [4, 4], "uv_size": [2, 2], "material_instance": "aspas"},
								"east": {"uv": [0, 0], "uv_size": [17, 2], "material_instance": "aspas"},
								"south": {"uv": [6, 4], "uv_size": [2, 2], "material_instance": "aspas"},
								"west": {"uv": [0, 2], "uv_size": [17, 2], "material_instance": "aspas"},
								"up": {"uv": [0, 4], "uv_size": [2, 17], "material_instance": "aspas"},
								"down": {"uv": [2, 21], "uv_size": [2, -17], "material_instance": "aspas"}
							}
						},
						{
							"origin": [-2, 17, -8],
							"size": [4, 4, 2],
							"uv": {
								"north": {"uv": [4, 16], "uv_size": [4, 4], "material_instance": "aspas"},
								"east": {"uv": [4, 20], "uv_size": [2, 4], "material_instance": "aspas"},
								"south": {"uv": [8, 16], "uv_size": [4, 4], "material_instance": "aspas"},
								"west": {"uv": [6, 20], "uv_size": [2, 4], "material_instance": "aspas"},
								"up": {"uv": [12, 22], "uv_size": [-4, -2], "material_instance": "aspas"},
								"down": {"uv": [8, 24], "uv_size": [4, -2], "material_instance": "aspas"}
							}
						},
						{
							"origin": [-2.01686, 19.85873, -7.00786],
							"size": [4, 10, 0],
							"pivot": [0, 20, -7],
							"rotation": [0, 25, 0],
							"uv": {
								"north": {"uv": [8, 6], "uv_size": [4, 10], "material_instance": "aspas"},
								"east": {"uv": [0, 0], "uv_size": [0, 10.43478], "material_instance": "aspas"},
								"up": {"uv": [0, 0], "uv_size": [4.5, 0], "material_instance": "aspas"},
								"down": {"uv": [0, 0], "uv_size": [4.5, 0], "material_instance": "aspas"}
							}
						},
						{
							"origin": [1, 17, -7],
							"size": [10, 4, 0],
							"pivot": [2, 19, -7],
							"rotation": [-25, 0, 0],
							"uv": {
								"north": {"uv": [12, 10], "uv_size": [10, 4], "material_instance": "aspas"},
								"east": {"uv": [0, 0], "uv_size": [0, 4.17391], "material_instance": "aspas"},
								"up": {"uv": [0, 0], "uv_size": [11.25, 0], "material_instance": "aspas"},
								"down": {"uv": [0, 0], "uv_size": [11.25, 0], "material_instance": "aspas"}
							}
						},
						{
							"origin": [-1.97787, 8.09111, -7.01032],
							"size": [4, 10, 0],
							"pivot": [0, 17, -7],
							"rotation": [0, -25, 0],
							"uv": {
								"north": {"uv": [4, 6], "uv_size": [4, 10], "material_instance": "aspas"},
								"east": {"uv": [0, 0], "uv_size": [0, 10.43478], "material_instance": "aspas"},
								"up": {"uv": [0, 0], "uv_size": [4.5, 0], "material_instance": "aspas"},
								"down": {"uv": [0, 0], "uv_size": [4.5, 0], "material_instance": "aspas"}
							}
						},
						{
							"origin": [-11, 17, -7],
							"size": [10, 4, 0],
							"pivot": [-2, 19, -7],
							"rotation": [25, 0, 0],
							"uv": {
								"north": {"uv": [12, 6], "uv_size": [10, 4], "material_instance": "aspas"},
								"east": {"uv": [0, 0], "uv_size": [0, 4.17391], "material_instance": "aspas"},
								"up": {"uv": [0, 0], "uv_size": [11.25, 0], "material_instance": "aspas"},
								"down": {"uv": [0, 0], "uv_size": [11.25, 0], "material_instance": "aspas"}
							}
						}
					]
				},
				{
					"name": "Aspas2",
					"parent": "Aspas",
					"pivot": [0, 19, -7],
					"rotation": [0, 0, -22.5],
					"cubes": [
						{
							"origin": [-1, 18, -9],
							"size": [2, 2, 17],
							"uv": {
								"north": {"uv": [26, 4], "uv_size": [2, 2], "material_instance": "aspas"},
								"east": {"uv": [22, 0], "uv_size": [17, 2], "material_instance": "aspas"},
								"south": {"uv": [28, 4], "uv_size": [2, 2], "material_instance": "aspas"},
								"west": {"uv": [22, 2], "uv_size": [17, 2], "material_instance": "aspas"},
								"up": {"uv": [22, 4], "uv_size": [2, 17], "material_instance": "aspas"},
								"down": {"uv": [24, 21], "uv_size": [2, -17], "material_instance": "aspas"}
							}
						},
						{
							"origin": [-2, 17, -8],
							"size": [4, 4, 2],
							"uv": {
								"north": {"uv": [26, 16], "uv_size": [4, 4], "material_instance": "aspas"},
								"east": {"uv": [26, 20], "uv_size": [2, 4], "material_instance": "aspas"},
								"south": {"uv": [30, 16], "uv_size": [4, 4], "material_instance": "aspas"},
								"west": {"uv": [28, 20], "uv_size": [2, 4], "material_instance": "aspas"},
								"up": {"uv": [34, 22], "uv_size": [-4, -2], "material_instance": "aspas"},
								"down": {"uv": [30, 24], "uv_size": [4, -2], "material_instance": "aspas"}
							}
						},
						{
							"origin": [-2.01686, 19.85873, -7.00786],
							"size": [4, 10, 0],
							"pivot": [0, 20, -7],
							"rotation": [0, 25, 0],
							"uv": {
								"north": {"uv": [30, 6], "uv_size": [4, 10], "material_instance": "aspas"},
								"east": {"uv": [22, 0], "uv_size": [0, 10.43478], "material_instance": "aspas"},
								"up": {"uv": [22, 0], "uv_size": [4.5, 0], "material_instance": "aspas"},
								"down": {"uv": [22, 0], "uv_size": [4.5, 0], "material_instance": "aspas"}
							}
						},
						{
							"origin": [1, 17, -7],
							"size": [10, 4, 0],
							"pivot": [2, 19, -7],
							"rotation": [-25, 0, 0],
							"uv": {
								"north": {"uv": [34, 10], "uv_size": [10, 4], "material_instance": "aspas"},
								"east": {"uv": [22, 0], "uv_size": [0, 4.17391], "material_instance": "aspas"},
								"up": {"uv": [22, 0], "uv_size": [11.25, 0], "material_instance": "aspas"},
								"down": {"uv": [22, 0], "uv_size": [11.25, 0], "material_instance": "aspas"}
							}
						},
						{
							"origin": [-1.97787, 8.09111, -7.01032],
							"size": [4, 10, 0],
							"pivot": [0, 17, -7],
							"rotation": [0, -25, 0],
							"uv": {
								"north": {"uv": [26, 6], "uv_size": [4, 10], "material_instance": "aspas"},
								"east": {"uv": [22, 0], "uv_size": [0, 10.43478], "material_instance": "aspas"},
								"up": {"uv": [22, 0], "uv_size": [4.5, 0], "material_instance": "aspas"},
								"down": {"uv": [22, 0], "uv_size": [4.5, 0], "material_instance": "aspas"}
							}
						},
						{
							"origin": [-11, 17, -7],
							"size": [10, 4, 0],
							"pivot": [-2, 19, -7],
							"rotation": [25, 0, 0],
							"uv": {
								"north": {"uv": [34, 6], "uv_size": [10, 4], "material_instance": "aspas"},
								"east": {"uv": [22, 0], "uv_size": [0, 4.17391], "material_instance": "aspas"},
								"up": {"uv": [22, 0], "uv_size": [11.25, 0], "material_instance": "aspas"},
								"down": {"uv": [22, 0], "uv_size": [11.25, 0], "material_instance": "aspas"}
							}
						}
					]
				},
				{
					"name": "Aspas3",
					"parent": "Aspas",
					"pivot": [0, 19, -7],
					"rotation": [0, 0, -45],
					"cubes": [
						{
							"origin": [-1, 18, -9],
							"size": [2, 2, 17],
							"uv": {
								"north": {"uv": [48, 4], "uv_size": [2, 2], "material_instance": "aspas"},
								"east": {"uv": [44, 0], "uv_size": [17, 2], "material_instance": "aspas"},
								"south": {"uv": [50, 4], "uv_size": [2, 2], "material_instance": "aspas"},
								"west": {"uv": [44, 2], "uv_size": [17, 2], "material_instance": "aspas"},
								"up": {"uv": [44, 4], "uv_size": [2, 17], "material_instance": "aspas"},
								"down": {"uv": [46, 21], "uv_size": [2, -17], "material_instance": "aspas"}
							}
						},
						{
							"origin": [-2, 17, -8],
							"size": [4, 4, 2],
							"uv": {
								"north": {"uv": [48, 16], "uv_size": [4, 4], "material_instance": "aspas"},
								"east": {"uv": [48, 20], "uv_size": [2, 4], "material_instance": "aspas"},
								"south": {"uv": [52, 16], "uv_size": [4, 4], "material_instance": "aspas"},
								"west": {"uv": [50, 20], "uv_size": [2, 4], "material_instance": "aspas"},
								"up": {"uv": [56, 22], "uv_size": [-4, -2], "material_instance": "aspas"},
								"down": {"uv": [52, 24], "uv_size": [4, -2], "material_instance": "aspas"}
							}
						},
						{
							"origin": [-2.01686, 19.85873, -7.00786],
							"size": [4, 10, 0],
							"pivot": [0, 20, -7],
							"rotation": [0, 25, 0],
							"uv": {
								"north": {"uv": [52, 6], "uv_size": [4, 10], "material_instance": "aspas"},
								"east": {"uv": [44, 0], "uv_size": [0, 10.43478], "material_instance": "aspas"},
								"up": {"uv": [44, 0], "uv_size": [4.5, 0], "material_instance": "aspas"},
								"down": {"uv": [44, 0], "uv_size": [4.5, 0], "material_instance": "aspas"}
							}
						},
						{
							"origin": [1, 17, -7],
							"size": [10, 4, 0],
							"pivot": [2, 19, -7],
							"rotation": [-25, 0, 0],
							"uv": {
								"north": {"uv": [56, 10], "uv_size": [10, 4], "material_instance": "aspas"},
								"east": {"uv": [44, 0], "uv_size": [0, 4.17391], "material_instance": "aspas"},
								"up": {"uv": [44, 0], "uv_size": [11.25, 0], "material_instance": "aspas"},
								"down": {"uv": [44, 0], "uv_size": [11.25, 0], "material_instance": "aspas"}
							}
						},
						{
							"origin": [-1.97787, 8.09111, -7.01032],
							"size": [4, 10, 0],
							"pivot": [0, 17, -7],
							"rotation": [0, -25, 0],
							"uv": {
								"north": {"uv": [48, 6], "uv_size": [4, 10], "material_instance": "aspas"},
								"east": {"uv": [44, 0], "uv_size": [0, 10.43478], "material_instance": "aspas"},
								"up": {"uv": [44, 0], "uv_size": [4.5, 0], "material_instance": "aspas"},
								"down": {"uv": [44, 0], "uv_size": [4.5, 0], "material_instance": "aspas"}
							}
						},
						{
							"origin": [-11, 17, -7],
							"size": [10, 4, 0],
							"pivot": [-2, 19, -7],
							"rotation": [25, 0, 0],
							"uv": {
								"north": {"uv": [56, 6], "uv_size": [10, 4], "material_instance": "aspas"},
								"east": {"uv": [44, 0], "uv_size": [0, 4.17391], "material_instance": "aspas"},
								"up": {"uv": [44, 0], "uv_size": [11.25, 0], "material_instance": "aspas"},
								"down": {"uv": [44, 0], "uv_size": [11.25, 0], "material_instance": "aspas"}
							}
						}
					]
				},
				{
					"name": "Aspas4",
					"parent": "Aspas",
					"pivot": [0, 19, -7],
					"rotation": [0, 0, -67.5],
					"cubes": [
						{
							"origin": [-1, 18, -9],
							"size": [2, 2, 17],
							"uv": {
								"north": {"uv": [4, 28], "uv_size": [2, 2], "material_instance": "aspas"},
								"east": {"uv": [0, 24], "uv_size": [17, 2], "material_instance": "aspas"},
								"south": {"uv": [6, 28], "uv_size": [2, 2], "material_instance": "aspas"},
								"west": {"uv": [0, 26], "uv_size": [17, 2], "material_instance": "aspas"},
								"up": {"uv": [0, 28], "uv_size": [2, 17], "material_instance": "aspas"},
								"down": {"uv": [2, 45], "uv_size": [2, -17], "material_instance": "aspas"}
							}
						},
						{
							"origin": [-2, 17, -8],
							"size": [4, 4, 2],
							"uv": {
								"north": {"uv": [4, 40], "uv_size": [4, 4], "material_instance": "aspas"},
								"east": {"uv": [4, 44], "uv_size": [2, 4], "material_instance": "aspas"},
								"south": {"uv": [8, 40], "uv_size": [4, 4], "material_instance": "aspas"},
								"west": {"uv": [6, 44], "uv_size": [2, 4], "material_instance": "aspas"},
								"up": {"uv": [12, 46], "uv_size": [-4, -2], "material_instance": "aspas"},
								"down": {"uv": [8, 48], "uv_size": [4, -2], "material_instance": "aspas"}
							}
						},
						{
							"origin": [-2.01686, 19.85873, -7.00786],
							"size": [4, 10, 0],
							"pivot": [0, 20, -7],
							"rotation": [0, 25, 0],
							"uv": {
								"north": {"uv": [8, 30], "uv_size": [4, 10], "material_instance": "aspas"},
								"east": {"uv": [0, 24], "uv_size": [0, 10.43478], "material_instance": "aspas"},
								"up": {"uv": [0, 24], "uv_size": [4.5, 0], "material_instance": "aspas"},
								"down": {"uv": [0, 24], "uv_size": [4.5, 0], "material_instance": "aspas"}
							}
						},
						{
							"origin": [1, 17, -7],
							"size": [10, 4, 0],
							"pivot": [2, 19, -7],
							"rotation": [-25, 0, 0],
							"uv": {
								"north": {"uv": [12, 34], "uv_size": [10, 4], "material_instance": "aspas"},
								"east": {"uv": [0, 24], "uv_size": [0, 4.17391], "material_instance": "aspas"},
								"up": {"uv": [0, 24], "uv_size": [11.25, 0], "material_instance": "aspas"},
								"down": {"uv": [0, 24], "uv_size": [11.25, 0], "material_instance": "aspas"}
							}
						},
						{
							"origin": [-1.97787, 8.09111, -7.01032],
							"size": [4, 10, 0],
							"pivot": [0, 17, -7],
							"rotation": [0, -25, 0],
							"uv": {
								"north": {"uv": [4, 30], "uv_size": [4, 10], "material_instance": "aspas"},
								"east": {"uv": [0, 24], "uv_size": [0, 10.43478], "material_instance": "aspas"},
								"up": {"uv": [0, 24], "uv_size": [4.5, 0], "material_instance": "aspas"},
								"down": {"uv": [0, 24], "uv_size": [4.5, 0], "material_instance": "aspas"}
							}
						},
						{
							"origin": [-11, 17, -7],
							"size": [10, 4, 0],
							"pivot": [-2, 19, -7],
							"rotation": [25, 0, 0],
							"uv": {
								"north": {"uv": [12, 30], "uv_size": [10, 4], "material_instance": "aspas"},
								"east": {"uv": [0, 24], "uv_size": [0, 4.17391], "material_instance": "aspas"},
								"up": {"uv": [0, 24], "uv_size": [11.25, 0], "material_instance": "aspas"},
								"down": {"uv": [0, 24], "uv_size": [11.25, 0], "material_instance": "aspas"}
							}
						}
					]
				},
				{
					"name": "Aspas5",
					"parent": "Aspas",
					"pivot": [0, 19, -7],
					"rotation": [0, 0, -90],
					"cubes": [
						{
							"origin": [-1, 18, -9],
							"size": [2, 2, 17],
							"uv": {
								"north": {"uv": [26, 28], "uv_size": [2, 2], "material_instance": "aspas"},
								"east": {"uv": [22, 24], "uv_size": [17, 2], "material_instance": "aspas"},
								"south": {"uv": [28, 28], "uv_size": [2, 2], "material_instance": "aspas"},
								"west": {"uv": [22, 26], "uv_size": [17, 2], "material_instance": "aspas"},
								"up": {"uv": [22, 28], "uv_size": [2, 17], "material_instance": "aspas"},
								"down": {"uv": [24, 45], "uv_size": [2, -17], "material_instance": "aspas"}
							}
						},
						{
							"origin": [-2, 17, -8],
							"size": [4, 4, 2],
							"uv": {
								"north": {"uv": [26, 40], "uv_size": [4, 4], "material_instance": "aspas"},
								"east": {"uv": [26, 44], "uv_size": [2, 4], "material_instance": "aspas"},
								"south": {"uv": [30, 40], "uv_size": [4, 4], "material_instance": "aspas"},
								"west": {"uv": [28, 44], "uv_size": [2, 4], "material_instance": "aspas"},
								"up": {"uv": [34, 46], "uv_size": [-4, -2], "material_instance": "aspas"},
								"down": {"uv": [30, 48], "uv_size": [4, -2], "material_instance": "aspas"}
							}
						},
						{
							"origin": [-2.01686, 19.85873, -7.00786],
							"size": [4, 10, 0],
							"pivot": [0, 20, -7],
							"rotation": [0, 25, 0],
							"uv": {
								"north": {"uv": [30, 30], "uv_size": [4, 10], "material_instance": "aspas"},
								"east": {"uv": [22, 24], "uv_size": [0, 10.43478], "material_instance": "aspas"},
								"up": {"uv": [22, 24], "uv_size": [4.5, 0], "material_instance": "aspas"},
								"down": {"uv": [22, 24], "uv_size": [4.5, 0], "material_instance": "aspas"}
							}
						},
						{
							"origin": [1, 17, -7],
							"size": [10, 4, 0],
							"pivot": [2, 19, -7],
							"rotation": [-25, 0, 0],
							"uv": {
								"north": {"uv": [34, 34], "uv_size": [10, 4], "material_instance": "aspas"},
								"east": {"uv": [22, 24], "uv_size": [0, 4.17391], "material_instance": "aspas"},
								"up": {"uv": [22, 24], "uv_size": [11.25, 0], "material_instance": "aspas"},
								"down": {"uv": [22, 24], "uv_size": [11.25, 0], "material_instance": "aspas"}
							}
						},
						{
							"origin": [-1.97787, 8.09111, -7.01032],
							"size": [4, 10, 0],
							"pivot": [0, 17, -7],
							"rotation": [0, -25, 0],
							"uv": {
								"north": {"uv": [26, 30], "uv_size": [4, 10], "material_instance": "aspas"},
								"east": {"uv": [22, 24], "uv_size": [0, 10.43478], "material_instance": "aspas"},
								"up": {"uv": [22, 24], "uv_size": [4.5, 0], "material_instance": "aspas"},
								"down": {"uv": [22, 24], "uv_size": [4.5, 0], "material_instance": "aspas"}
							}
						},
						{
							"origin": [-11, 17, -7],
							"size": [10, 4, 0],
							"pivot": [-2, 19, -7],
							"rotation": [25, 0, 0],
							"uv": {
								"north": {"uv": [34, 30], "uv_size": [10, 4], "material_instance": "aspas"},
								"east": {"uv": [22, 24], "uv_size": [0, 4.17391], "material_instance": "aspas"},
								"up": {"uv": [22, 24], "uv_size": [11.25, 0], "material_instance": "aspas"},
								"down": {"uv": [22, 24], "uv_size": [11.25, 0], "material_instance": "aspas"}
							}
						}
					]
				},
				{
					"name": "Aspas6",
					"parent": "Aspas",
					"pivot": [0, 19, -7],
					"rotation": [0, 0, -112.5],
					"cubes": [
						{
							"origin": [-1, 18, -9],
							"size": [2, 2, 17],
							"uv": {
								"north": {"uv": [48, 28], "uv_size": [2, 2], "material_instance": "aspas"},
								"east": {"uv": [44, 24], "uv_size": [17, 2], "material_instance": "aspas"},
								"south": {"uv": [50, 28], "uv_size": [2, 2], "material_instance": "aspas"},
								"west": {"uv": [44, 26], "uv_size": [17, 2], "material_instance": "aspas"},
								"up": {"uv": [44, 28], "uv_size": [2, 17], "material_instance": "aspas"},
								"down": {"uv": [46, 45], "uv_size": [2, -17], "material_instance": "aspas"}
							}
						},
						{
							"origin": [-2, 17, -8],
							"size": [4, 4, 2],
							"uv": {
								"north": {"uv": [48, 40], "uv_size": [4, 4], "material_instance": "aspas"},
								"east": {"uv": [48, 44], "uv_size": [2, 4], "material_instance": "aspas"},
								"south": {"uv": [52, 40], "uv_size": [4, 4], "material_instance": "aspas"},
								"west": {"uv": [50, 44], "uv_size": [2, 4], "material_instance": "aspas"},
								"up": {"uv": [56, 46], "uv_size": [-4, -2], "material_instance": "aspas"},
								"down": {"uv": [52, 48], "uv_size": [4, -2], "material_instance": "aspas"}
							}
						},
						{
							"origin": [-2.01686, 19.85873, -7.00786],
							"size": [4, 10, 0],
							"pivot": [0, 20, -7],
							"rotation": [0, 25, 0],
							"uv": {
								"north": {"uv": [52, 30], "uv_size": [4, 10], "material_instance": "aspas"},
								"east": {"uv": [44, 24], "uv_size": [0, 10.43478], "material_instance": "aspas"},
								"up": {"uv": [44, 24], "uv_size": [4.5, 0], "material_instance": "aspas"},
								"down": {"uv": [44, 24], "uv_size": [4.5, 0], "material_instance": "aspas"}
							}
						},
						{
							"origin": [1, 17, -7],
							"size": [10, 4, 0],
							"pivot": [2, 19, -7],
							"rotation": [-25, 0, 0],
							"uv": {
								"north": {"uv": [56, 34], "uv_size": [10, 4], "material_instance": "aspas"},
								"east": {"uv": [44, 24], "uv_size": [0, 4.17391], "material_instance": "aspas"},
								"up": {"uv": [44, 24], "uv_size": [11.25, 0], "material_instance": "aspas"},
								"down": {"uv": [44, 24], "uv_size": [11.25, 0], "material_instance": "aspas"}
							}
						},
						{
							"origin": [-1.97787, 8.09111, -7.01032],
							"size": [4, 10, 0],
							"pivot": [0, 17, -7],
							"rotation": [0, -25, 0],
							"uv": {
								"north": {"uv": [48, 30], "uv_size": [4, 10], "material_instance": "aspas"},
								"east": {"uv": [44, 24], "uv_size": [0, 10.43478], "material_instance": "aspas"},
								"up": {"uv": [44, 24], "uv_size": [4.5, 0], "material_instance": "aspas"},
								"down": {"uv": [44, 24], "uv_size": [4.5, 0], "material_instance": "aspas"}
							}
						},
						{
							"origin": [-11, 17, -7],
							"size": [10, 4, 0],
							"pivot": [-2, 19, -7],
							"rotation": [25, 0, 0],
							"uv": {
								"north": {"uv": [56, 30], "uv_size": [10, 4], "material_instance": "aspas"},
								"east": {"uv": [44, 24], "uv_size": [0, 4.17391], "material_instance": "aspas"},
								"up": {"uv": [44, 24], "uv_size": [11.25, 0], "material_instance": "aspas"},
								"down": {"uv": [44, 24], "uv_size": [11.25, 0], "material_instance": "aspas"}
							}
						}
					]
				},
				{
					"name": "Aspas7",
					"parent": "Aspas",
					"pivot": [0, 19, -7],
					"rotation": [0, 0, -135],
					"cubes": [
						{
							"origin": [-1, 18, -9],
							"size": [2, 2, 17],
							"uv": {
								"north": {"uv": [4, 52], "uv_size": [2, 2], "material_instance": "aspas"},
								"east": {"uv": [0, 48], "uv_size": [17, 2], "material_instance": "aspas"},
								"south": {"uv": [6, 52], "uv_size": [2, 2], "material_instance": "aspas"},
								"west": {"uv": [0, 50], "uv_size": [17, 2], "material_instance": "aspas"},
								"up": {"uv": [0, 52], "uv_size": [2, 17], "material_instance": "aspas"},
								"down": {"uv": [2, 69], "uv_size": [2, -17], "material_instance": "aspas"}
							}
						},
						{
							"origin": [-2, 17, -8],
							"size": [4, 4, 2],
							"uv": {
								"north": {"uv": [4, 64], "uv_size": [4, 4], "material_instance": "aspas"},
								"east": {"uv": [4, 68], "uv_size": [2, 4], "material_instance": "aspas"},
								"south": {"uv": [8, 64], "uv_size": [4, 4], "material_instance": "aspas"},
								"west": {"uv": [6, 68], "uv_size": [2, 4], "material_instance": "aspas"},
								"up": {"uv": [12, 70], "uv_size": [-4, -2], "material_instance": "aspas"},
								"down": {"uv": [8, 72], "uv_size": [4, -2], "material_instance": "aspas"}
							}
						},
						{
							"origin": [-2.01686, 19.85873, -7.00786],
							"size": [4, 10, 0],
							"pivot": [0, 20, -7],
							"rotation": [0, 25, 0],
							"uv": {
								"north": {"uv": [8, 54], "uv_size": [4, 10], "material_instance": "aspas"},
								"east": {"uv": [0, 48], "uv_size": [0, 10.43478], "material_instance": "aspas"},
								"up": {"uv": [0, 48], "uv_size": [4.5, 0], "material_instance": "aspas"},
								"down": {"uv": [0, 48], "uv_size": [4.5, 0], "material_instance": "aspas"}
							}
						},
						{
							"origin": [1, 17, -7],
							"size": [10, 4, 0],
							"pivot": [2, 19, -7],
							"rotation": [-25, 0, 0],
							"uv": {
								"north": {"uv": [12, 58], "uv_size": [10, 4], "material_instance": "aspas"},
								"east": {"uv": [0, 48], "uv_size": [0, 4.17391], "material_instance": "aspas"},
								"up": {"uv": [0, 48], "uv_size": [11.25, 0], "material_instance": "aspas"},
								"down": {"uv": [0, 48], "uv_size": [11.25, 0], "material_instance": "aspas"}
							}
						},
						{
							"origin": [-1.97787, 8.09111, -7.01032],
							"size": [4, 10, 0],
							"pivot": [0, 17, -7],
							"rotation": [0, -25, 0],
							"uv": {
								"north": {"uv": [4, 54], "uv_size": [4, 10], "material_instance": "aspas"},
								"east": {"uv": [0, 48], "uv_size": [0, 10.43478], "material_instance": "aspas"},
								"up": {"uv": [0, 48], "uv_size": [4.5, 0], "material_instance": "aspas"},
								"down": {"uv": [0, 48], "uv_size": [4.5, 0], "material_instance": "aspas"}
							}
						},
						{
							"origin": [-11, 17, -7],
							"size": [10, 4, 0],
							"pivot": [-2, 19, -7],
							"rotation": [25, 0, 0],
							"uv": {
								"north": {"uv": [12, 54], "uv_size": [10, 4], "material_instance": "aspas"},
								"east": {"uv": [0, 48], "uv_size": [0, 4.17391], "material_instance": "aspas"},
								"up": {"uv": [0, 48], "uv_size": [11.25, 0], "material_instance": "aspas"},
								"down": {"uv": [0, 48], "uv_size": [11.25, 0], "material_instance": "aspas"}
							}
						}
					]
				},
				{
					"name": "Aspas8",
					"parent": "Aspas",
					"pivot": [0, 19, -7],
					"rotation": [0, 0, -157.5],
					"cubes": [
						{
							"origin": [-1, 18, -9],
							"size": [2, 2, 17],
							"uv": {
								"north": {"uv": [26, 52], "uv_size": [2, 2], "material_instance": "aspas"},
								"east": {"uv": [22, 48], "uv_size": [17, 2], "material_instance": "aspas"},
								"south": {"uv": [28, 52], "uv_size": [2, 2], "material_instance": "aspas"},
								"west": {"uv": [22, 50], "uv_size": [17, 2], "material_instance": "aspas"},
								"up": {"uv": [22, 52], "uv_size": [2, 17], "material_instance": "aspas"},
								"down": {"uv": [24, 69], "uv_size": [2, -17], "material_instance": "aspas"}
							}
						},
						{
							"origin": [-2, 17, -8],
							"size": [4, 4, 2],
							"uv": {
								"north": {"uv": [26, 64], "uv_size": [4, 4], "material_instance": "aspas"},
								"east": {"uv": [26, 68], "uv_size": [2, 4], "material_instance": "aspas"},
								"south": {"uv": [30, 64], "uv_size": [4, 4], "material_instance": "aspas"},
								"west": {"uv": [28, 68], "uv_size": [2, 4], "material_instance": "aspas"},
								"up": {"uv": [34, 70], "uv_size": [-4, -2], "material_instance": "aspas"},
								"down": {"uv": [30, 72], "uv_size": [4, -2], "material_instance": "aspas"}
							}
						},
						{
							"origin": [-2.01686, 19.85873, -7.00786],
							"size": [4, 10, 0],
							"pivot": [0, 20, -7],
							"rotation": [0, 25, 0],
							"uv": {
								"north": {"uv": [30, 54], "uv_size": [4, 10], "material_instance": "aspas"},
								"east": {"uv": [22, 48], "uv_size": [0, 10.43478], "material_instance": "aspas"},
								"up": {"uv": [22, 48], "uv_size": [4.5, 0], "material_instance": "aspas"},
								"down": {"uv": [22, 48], "uv_size": [4.5, 0], "material_instance": "aspas"}
							}
						},
						{
							"origin": [1, 17, -7],
							"size": [10, 4, 0],
							"pivot": [2, 19, -7],
							"rotation": [-25, 0, 0],
							"uv": {
								"north": {"uv": [34, 58], "uv_size": [10, 4], "material_instance": "aspas"},
								"east": {"uv": [22, 48], "uv_size": [0, 4.17391], "material_instance": "aspas"},
								"up": {"uv": [22, 48], "uv_size": [11.25, 0], "material_instance": "aspas"},
								"down": {"uv": [22, 48], "uv_size": [11.25, 0], "material_instance": "aspas"}
							}
						},
						{
							"origin": [-1.97787, 8.09111, -7.01032],
							"size": [4, 10, 0],
							"pivot": [0, 17, -7],
							"rotation": [0, -25, 0],
							"uv": {
								"north": {"uv": [26, 54], "uv_size": [4, 10], "material_instance": "aspas"},
								"east": {"uv": [22, 48], "uv_size": [0, 10.43478], "material_instance": "aspas"},
								"up": {"uv": [22, 48], "uv_size": [4.5, 0], "material_instance": "aspas"},
								"down": {"uv": [22, 48], "uv_size": [4.5, 0], "material_instance": "aspas"}
							}
						},
						{
							"origin": [-11, 17, -7],
							"size": [10, 4, 0],
							"pivot": [-2, 19, -7],
							"rotation": [25, 0, 0],
							"uv": {
								"north": {"uv": [34, 54], "uv_size": [10, 4], "material_instance": "aspas"},
								"east": {"uv": [22, 48], "uv_size": [0, 4.17391], "material_instance": "aspas"},
								"up": {"uv": [22, 48], "uv_size": [11.25, 0], "material_instance": "aspas"},
								"down": {"uv": [22, 48], "uv_size": [11.25, 0], "material_instance": "aspas"}
							}
						}
					]
				}
			]
		}
	]
}