{
	"format_version": "1.12.0",
	"minecraft:geometry": [
		{
			"description": {
				"identifier": "geometry.utilitycraft_wither_crop",
				"texture_width": 64,
				"texture_height": 64,
				"visible_bounds_width": 2,
				"visible_bounds_height": 2.5,
				"visible_bounds_offset": [
					0,
					0.75,
					0
				]
			},
			"bones": [
				{
					"name": "bb_main2",
					"pivot": [
						0,
						0,
						0
					],
					"cubes": [
						{
							"origin": [
								-8,
								5,
								-8
							],
							"size": [
								16,
								16,
								16
							],
							"inflate": -5.9,
							"uv": {
								"north": {
									"uv": [
										16,
										48
									],
									"uv_size": [
										16,
										16
									]
								},
								"east": {
									"uv": [
										0,
										48
									],
									"uv_size": [
										16,
										16
									]
								},
								"south": {
									"uv": [
										48,
										48
									],
									"uv_size": [
										16,
										16
									]
								},
								"west": {
									"uv": [
										32,
										48
									],
									"uv_size": [
										16,
										16
									]
								},
								"up": {
									"uv": [
										16,
										32
									],
									"uv_size": [
										16,
										16
									]
								},
								"down": {
									"uv": [
										32,
										48
									],
									"uv_size": [
										16,
										-16
									]
								}
							}
						},
						{
							"origin": [
								-1,
								11,
								-1
							],
							"size": [
								2,
								2,
								2
							],
							"uv": {
								"north": {
									"uv": [
										4,
										36
									],
									"uv_size": [
										4,
										4
									]
								},
								"east": {
									"uv": [
										8,
										36
									],
									"uv_size": [
										4,
										4
									]
								},
								"south": {
									"uv": [
										12,
										36
									],
									"uv_size": [
										4,
										4
									]
								},
								"west": {
									"uv": [
										0,
										36
									],
									"uv_size": [
										4,
										4
									]
								},
								"up": {
									"uv": [
										8,
										36
									],
									"uv_size": [
										-4,
										-4
									]
								},
								"down": {
									"uv": [
										12,
										36
									],
									"uv_size": [
										-4,
										-4
									]
								}
							}
						}
					]
				},
				{
					"name": "bb_main",
					"pivot": [
						0,
						0,
						0
					],
					"cubes": [
						{
							"origin": [
								-8,
								0,
								0
							],
							"size": [
								16,
								16,
								0
							],
							"pivot": [
								0,
								0,
								0
							],
							"rotation": [
								0,
								-45,
								0
							],
							"uv": {
								"east": {
									"uv": [
										0,
										0
									],
									"uv_size": [
										0,
										16
									]
								},
								"south": {
									"uv": [
										32,
										0
									],
									"uv_size": [
										32,
										32
									]
								},
								"west": {
									"uv": [
										0,
										0
									],
									"uv_size": [
										0,
										16
									]
								},
								"up": {
									"uv": [
										0,
										0
									],
									"uv_size": [
										16,
										0
									]
								},
								"down": {
									"uv": [
										0,
										0
									],
									"uv_size": [
										16,
										0
									]
								}
							}
						},
						{
							"origin": [
								-8,
								0,
								0
							],
							"size": [
								16,
								16,
								0
							],
							"pivot": [
								0,
								0,
								0
							],
							"rotation": [
								0,
								45,
								0
							],
							"uv": {
								"north": {
									"uv": [
										0,
										0
									],
									"uv_size": [
										32,
										32
									]
								},
								"east": {
									"uv": [
										0,
										0
									],
									"uv_size": [
										0,
										16
									]
								},
								"west": {
									"uv": [
										0,
										0
									],
									"uv_size": [
										0,
										16
									]
								},
								"up": {
									"uv": [
										0,
										0
									],
									"uv_size": [
										16,
										0
									]
								},
								"down": {
									"uv": [
										0,
										0
									],
									"uv_size": [
										16,
										0
									]
								}
							}
						}
					]
				}
			]
		}
	]
}