{
	"format_version": "1.12.0",
	"minecraft:geometry": [
		{
			"description": {
				"identifier": "geometry.utilitycraft_wood_sieve",
				"texture_width": 120,
				"texture_height": 15,
				"visible_bounds_width": 2,
				"visible_bounds_height": 2.5,
				"visible_bounds_offset": [0, 0.75, 0]
			},
			"bones": [
				{
					"name": "sieve",
					"pivot": [0, 0, 0],
					"cubes": [
						{
							"origin": [-6, 10, -6],
							"size": [12, 5, 12],
							"uv": {
								"north": {"uv": [30, 0], "uv_size": [22.5, 4.6875], "material_instance": "normal"},
								"east": {"uv": [30, 0], "uv_size": [22.5, 4.6875], "material_instance": "normal"},
								"south": {"uv": [30, 0], "uv_size": [22.5, 4.6875], "material_instance": "normal"},
								"west": {"uv": [30, 0], "uv_size": [22.5, 4.6875], "material_instance": "normal"}
							}
						},
						{
							"origin": [5.1, 0, 5.1],
							"size": [1, 15, 1],
							"uv": {
								"north": {"uv": [0, 0], "uv_size": [1.87501, 14.0625], "material_instance": "normal"},
								"east": {"uv": [0, 0], "uv_size": [1.87501, 14.0625], "material_instance": "normal"},
								"south": {"uv": [0, 0], "uv_size": [1.87501, 14.0625], "material_instance": "normal"},
								"west": {"uv": [0, 0], "uv_size": [1.87501, 14.0625], "material_instance": "normal"},
								"up": {"uv": [1.87501, 1.875], "uv_size": [-1.87499, -0.9375], "material_instance": "normal"},
								"down": {"uv": [1.87501, 10.3125], "uv_size": [-1.87499, -0.9375], "material_instance": "normal"}
							}
						},
						{
							"origin": [-6.1, 0, 5.1],
							"size": [1, 15, 1],
							"uv": {
								"north": {"uv": [0, 0], "uv_size": [1.87501, 14.0625], "material_instance": "normal"},
								"east": {"uv": [0, 0], "uv_size": [1.87501, 14.0625], "material_instance": "normal"},
								"south": {"uv": [0, 0], "uv_size": [1.87501, 14.0625], "material_instance": "normal"},
								"west": {"uv": [0, 0], "uv_size": [1.87501, 14.0625], "material_instance": "normal"},
								"up": {"uv": [1.87501, 1.875], "uv_size": [-1.87499, -0.9375], "material_instance": "normal"},
								"down": {"uv": [1.87501, 10.3125], "uv_size": [-1.87499, -0.9375], "material_instance": "normal"}
							}
						},
						{
							"origin": [-6.1, 0, -6.1],
							"size": [1, 15, 1],
							"uv": {
								"north": {"uv": [0, 0], "uv_size": [1.87501, 14.0625], "material_instance": "normal"},
								"east": {"uv": [0, 0], "uv_size": [1.87501, 14.0625], "material_instance": "normal"},
								"south": {"uv": [0, 0], "uv_size": [1.87501, 14.0625], "material_instance": "normal"},
								"west": {"uv": [0, 0], "uv_size": [1.87501, 14.0625], "material_instance": "normal"},
								"up": {"uv": [1.87501, 1.875], "uv_size": [-1.87499, -0.9375], "material_instance": "normal"},
								"down": {"uv": [1.87501, 10.3125], "uv_size": [-1.87499, -0.9375], "material_instance": "normal"}
							}
						},
						{
							"origin": [5.1, 0, -6.1],
							"size": [1, 15, 1],
							"uv": {
								"north": {"uv": [0, 0], "uv_size": [1.87501, 14.0625], "material_instance": "normal"},
								"east": {"uv": [0, 0], "uv_size": [1.87501, 14.0625], "material_instance": "normal"},
								"south": {"uv": [0, 0], "uv_size": [1.87501, 14.0625], "material_instance": "normal"},
								"west": {"uv": [0, 0], "uv_size": [1.87501, 14.0625], "material_instance": "normal"},
								"up": {"uv": [1.87501, 1.875], "uv_size": [-1.87499, -0.9375], "material_instance": "normal"},
								"down": {"uv": [1.87501, 10.3125], "uv_size": [-1.87499, -0.9375], "material_instance": "normal"}
							}
						},
						{
							"origin": [-7, 10, -7],
							"size": [14, 5, 14],
							"uv": {
								"north": {"uv": [30, 0], "uv_size": [26.25, 4.6875], "material_instance": "normal"},
								"east": {"uv": [30, 0], "uv_size": [26.25, 4.6875], "material_instance": "normal"},
								"south": {"uv": [30, 0], "uv_size": [26.25, 4.6875], "material_instance": "normal"},
								"west": {"uv": [30, 0], "uv_size": [26.25, 4.6875], "material_instance": "normal"},
								"up": {"uv": [30, 13.125], "uv_size": [-26.25, -13.125], "material_instance": "normal"},
								"down": {"uv": [30, 13.125], "uv_size": [-26.25, -13.125], "material_instance": "normal"}
							}
						}
					]
				},
				{
					"name": "block4",
					"pivot": [0, 18, 0],
					"cubes": [
						{
							"origin": [-6, 12, -6],
							"size": [12, 4, 12],
							"uv": {
								"north": {"uv": [0, 0], "uv_size": [90, 3.75], "material_instance": "block"},
								"east": {"uv": [0, 0], "uv_size": [90, 3.75], "material_instance": "block"},
								"south": {"uv": [0, 0], "uv_size": [90, 3.75], "material_instance": "block"},
								"west": {"uv": [0, 0], "uv_size": [90, 3.75], "material_instance": "block"},
								"up": {"uv": [120, 15], "uv_size": [-120, -15], "material_instance": "block"},
								"down": {"uv": [90, 11.25], "uv_size": [-90, -11.25], "material_instance": "block"}
							}
						}
					]
				},
				{
					"name": "block3",
					"pivot": [0, 11, 0],
					"cubes": [
						{
							"origin": [-6, 11, -6],
							"size": [12, 4, 12],
							"uv": {
								"north": {"uv": [0, 0], "uv_size": [90, 3.75], "material_instance": "block"},
								"east": {"uv": [0, 0], "uv_size": [90, 3.75], "material_instance": "block"},
								"south": {"uv": [0, 0], "uv_size": [90, 3.75], "material_instance": "block"},
								"west": {"uv": [0, 0], "uv_size": [90, 3.75], "material_instance": "block"},
								"up": {"uv": [120, 15], "uv_size": [-120, -15], "material_instance": "block"},
								"down": {"uv": [90, 11.25], "uv_size": [-90, -11.25], "material_instance": "block"}
							}
						}
					]
				},
				{
					"name": "block2",
					"pivot": [0, 10, 0],
					"cubes": [
						{
							"origin": [-6, 10, -6],
							"size": [12, 4, 12],
							"uv": {
								"north": {"uv": [0, 0], "uv_size": [90, 3.75], "material_instance": "block"},
								"east": {"uv": [0, 0], "uv_size": [90, 3.75], "material_instance": "block"},
								"south": {"uv": [0, 0], "uv_size": [90, 3.75], "material_instance": "block"},
								"west": {"uv": [0, 0], "uv_size": [90, 3.75], "material_instance": "block"},
								"up": {"uv": [120, 15], "uv_size": [-120, -15], "material_instance": "block"},
								"down": {"uv": [90, 11.25], "uv_size": [-90, -11.25], "material_instance": "block"}
							}
						}
					]
				},
				{
					"name": "block1",
					"pivot": [0, 9, 0],
					"cubes": [
						{
							"origin": [-6, 11, -6],
							"size": [12, 2, 12],
							"uv": {
								"north": {"uv": [0, 0], "uv_size": [90, 1.875], "material_instance": "block"},
								"east": {"uv": [0, 0], "uv_size": [90, 1.875], "material_instance": "block"},
								"south": {"uv": [0, 0], "uv_size": [90, 1.875], "material_instance": "block"},
								"west": {"uv": [0, 0], "uv_size": [90, 1.875], "material_instance": "block"},
								"up": {"uv": [120, 15], "uv_size": [-120, -15], "material_instance": "block"},
								"down": {"uv": [90, 11.25], "uv_size": [-90, -11.25], "material_instance": "block"}
							}
						}
					]
				},
				{
					"name": "string_mesh",
					"pivot": [0, -0.5, 0],
					"cubes": [
						{
							"origin": [-6, 12.5, -6],
							"size": [12, 0.2, 12],
							"uv": {
								"north": {"uv": [0, 0], "uv_size": [0, 0]},
								"east": {"uv": [0, 0], "uv_size": [0, 0]},
								"south": {"uv": [0, 0], "uv_size": [0, 0]},
								"west": {"uv": [0, 0], "uv_size": [0, 0]},
								"up": {"uv": [15, 0], "uv_size": [-15, 15], "material_instance": "mesh"},
								"down": {"uv": [0, 0], "uv_size": [0, 0]}
							}
						}
					]
				},
				{
					"name": "flint_mesh",
					"pivot": [0, -0.5, 0],
					"cubes": [
						{
							"origin": [-6, 12.5, -6],
							"size": [12, 0.2, 12],
							"uv": {
								"up": {"uv": [30, 0], "uv_size": [-15, 15], "material_instance": "mesh"}
							}
						}
					]
				},
				{
					"name": "copper_mesh",
					"pivot": [0, -0.5, 0],
					"cubes": [
						{
							"origin": [-6, 12.5, -6],
							"size": [12, 0.2, 12],
							"uv": {
								"up": {"uv": [45, 0], "uv_size": [-15, 15], "material_instance": "mesh"}
							}
						}
					]
				},
				{
					"name": "iron_mesh",
					"pivot": [0, -0.5, 0],
					"cubes": [
						{
							"origin": [-6, 12.5, -6],
							"size": [12, 0.2, 12],
							"uv": {
								"up": {"uv": [60, 0], "uv_size": [-15, 15], "material_instance": "mesh"}
							}
						}
					]
				},
				{
					"name": "golden_mesh",
					"pivot": [0, -0.5, 0],
					"cubes": [
						{
							"origin": [-6, 12.5, -6],
							"size": [12, 0.2, 12],
							"uv": {
								"up": {"uv": [75, 0], "uv_size": [-15, 15], "material_instance": "mesh"}
							}
						}
					]
				},
				{
					"name": "emerald_mesh",
					"pivot": [0, -0.5, 0],
					"cubes": [
						{
							"origin": [-6, 12.5, -6],
							"size": [12, 0.2, 12],
							"uv": {
								"up": {"uv": [90, 0], "uv_size": [-15, 15], "material_instance": "mesh"}
							}
						}
					]
				},
				{
					"name": "diamond_mesh",
					"pivot": [0, -0.5, 0],
					"cubes": [
						{
							"origin": [-6, 12.5, -6],
							"size": [12, 0.2, 12],
							"uv": {
								"up": {"uv": [105, 0], "uv_size": [-15, 15], "material_instance": "mesh"}
							}
						}
					]
				},
				{
					"name": "netherite_mesh",
					"pivot": [0, -0.5, 0],
					"cubes": [
						{
							"origin": [-6, 12.5, -6],
							"size": [12, 0.2, 12],
							"uv": {
								"up": {"uv": [120, 0], "uv_size": [-15, 15], "material_instance": "mesh"}
							}
						}
					]
				}
			]
		}
	]
}