{
	"format_version": "1.12.0",
	"minecraft:geometry": [
		{
			"description": {
				"identifier": "geometry.utilitycraft_workbench",
				"texture_width": 64,
				"texture_height": 64,
				"visible_bounds_width": 2,
				"visible_bounds_height": 2.5,
				"visible_bounds_offset": [0, 0.75, 0]
			},
			"bones": [
				{
					"name": "workbench",
					"pivot": [0, 6, 0]
				},
				{
					"name": "Sierra",
					"parent": "workbench",
					"pivot": [-4, 11, 0],
					"cubes": [
						{
							"origin": [-6, 11, 0],
							"size": [5, 5, 0],
							"uv": {
								"north": {"uv": [0, 36], "uv_size": [5, 5]},
								"east": {"uv": [0, 0], "uv_size": [0, 5]},
								"south": {"uv": [5, 36], "uv_size": [5, 5]},
								"west": {"uv": [0, 0], "uv_size": [0, 5]},
								"up": {"uv": [0, 0], "uv_size": [5, 0]},
								"down": {"uv": [0, 0], "uv_size": [5, 0]}
							}
						},
						{
							"origin": [-5, 10, -2],
							"size": [2, 4, 4],
							"uv": {
								"north": {"uv": [10, 36], "uv_size": [2, 4]},
								"east": {"uv": [31, 36], "uv_size": [4, 4]},
								"south": {"uv": [10, 40], "uv_size": [2, 4]},
								"west": {"uv": [35, 36], "uv_size": [4, 4]},
								"up": {"uv": [34, 40], "uv_size": [2, 4]},
								"down": {"uv": [36, 44], "uv_size": [2, -4]}
							}
						},
						{
							"origin": [-6, 10, -1.5],
							"size": [1, 3, 3],
							"uv": {
								"north": {"uv": [28, 42], "uv_size": [1, 3]},
								"east": {"uv": [38, 31], "uv_size": [3, 3]},
								"south": {"uv": [29, 42], "uv_size": [1, 3]},
								"west": {"uv": [39, 19], "uv_size": [3, 3]},
								"up": {"uv": [30, 42], "uv_size": [1, 3]},
								"down": {"uv": [42, 37], "uv_size": [1, -3]}
							}
						},
						{
							"origin": [-3, 10, -1.5],
							"size": [1, 1, 3],
							"uv": {
								"north": {"uv": [33, 43], "uv_size": [1, 1]},
								"east": {"uv": [42, 23], "uv_size": [3, 1]},
								"south": {"uv": [43, 34], "uv_size": [1, 1]},
								"west": {"uv": [42, 24], "uv_size": [3, 1]},
								"up": {"uv": [42, 37], "uv_size": [1, 3]},
								"down": {"uv": [42, 43], "uv_size": [1, -3]}
							}
						},
						{
							"origin": [-7, 9, -2],
							"size": [2, 1, 4],
							"uv": {
								"north": {"uv": [2, 43], "uv_size": [2, 1]},
								"east": {"uv": [2, 42], "uv_size": [4, 1]},
								"south": {"uv": [4, 43], "uv_size": [2, 1]},
								"west": {"uv": [12, 42], "uv_size": [4, 1]},
								"up": {"uv": [38, 40], "uv_size": [2, 4]},
								"down": {"uv": [40, 44], "uv_size": [2, -4]}
							}
						}
					]
				},
				{
					"name": "Pinza",
					"parent": "workbench",
					"pivot": [4, 10, 0],
					"cubes": [
						{
							"origin": [2.5, 14.5, -1.5],
							"size": [2, 1, 1],
							"uv": {
								"north": {"uv": [12, 43], "uv_size": [2, 1]},
								"east": {"uv": [43, 35], "uv_size": [1, 1]},
								"south": {"uv": [43, 13], "uv_size": [2, 1]},
								"west": {"uv": [43, 36], "uv_size": [1, 1]},
								"up": {"uv": [14, 43], "uv_size": [2, 1]},
								"down": {"uv": [43, 15], "uv_size": [2, -1]}
							}
						},
						{
							"origin": [2.5, 14.5, 0.5],
							"size": [2, 1, 1],
							"uv": {
								"north": {"uv": [43, 28], "uv_size": [2, 1]},
								"east": {"uv": [43, 37], "uv_size": [1, 1]},
								"south": {"uv": [43, 29], "uv_size": [2, 1]},
								"west": {"uv": [43, 38], "uv_size": [1, 1]},
								"up": {"uv": [31, 43], "uv_size": [2, 1]},
								"down": {"uv": [43, 32], "uv_size": [2, -1]}
							}
						},
						{
							"origin": [2.5, 12, -3],
							"size": [2, 3, 2],
							"uv": {
								"north": {"uv": [8, 41], "uv_size": [2, 3]},
								"east": {"uv": [18, 41], "uv_size": [2, 3]},
								"south": {"uv": [20, 41], "uv_size": [2, 3]},
								"west": {"uv": [22, 41], "uv_size": [2, 3]},
								"up": {"uv": [6, 42], "uv_size": [2, 2]},
								"down": {"uv": [16, 44], "uv_size": [2, -2]}
							}
						},
						{
							"origin": [2.5, 12, 1],
							"size": [2, 3, 2],
							"uv": {
								"north": {"uv": [24, 41], "uv_size": [2, 3]},
								"east": {"uv": [26, 41], "uv_size": [2, 3]},
								"south": {"uv": [41, 31], "uv_size": [2, 3]},
								"west": {"uv": [0, 42], "uv_size": [2, 3]},
								"up": {"uv": [42, 19], "uv_size": [2, 2]},
								"down": {"uv": [42, 23], "uv_size": [2, -2]}
							}
						},
						{
							"origin": [2, 9, -5.5],
							"size": [3, 3, 0],
							"uv": {
								"north": {"uv": [39, 22], "uv_size": [3, 3]},
								"east": {"uv": [0, 0], "uv_size": [0, 3]},
								"south": {"uv": [39, 34], "uv_size": [3, 3]},
								"west": {"uv": [0, 0], "uv_size": [0, 3]},
								"up": {"uv": [0, 0], "uv_size": [3, 0]},
								"down": {"uv": [0, 0], "uv_size": [3, 0]}
							}
						},
						{
							"origin": [3, 10, -6],
							"size": [1, 1, 2],
							"uv": {
								"north": {"uv": [43, 39], "uv_size": [1, 1]},
								"east": {"uv": [43, 32], "uv_size": [2, 1]},
								"south": {"uv": [43, 40], "uv_size": [1, 1]},
								"west": {"uv": [43, 33], "uv_size": [2, 1]},
								"up": {"uv": [31, 34], "uv_size": [1, 2]},
								"down": {"uv": [38, 36], "uv_size": [1, -2]}
							}
						},
						{
							"origin": [1, 9, -3.5],
							"size": [5, 2, 7],
							"uv": {
								"north": {"uv": [38, 13], "uv_size": [5, 2]},
								"east": {"uv": [38, 1], "uv_size": [7, 2]},
								"south": {"uv": [38, 28], "uv_size": [5, 2]},
								"west": {"uv": [38, 3], "uv_size": [7, 2]},
								"up": {"uv": [18, 34], "uv_size": [5, 7]},
								"down": {"uv": [23, 41], "uv_size": [5, -7]}
							}
						},
						{
							"origin": [2, 9, -4],
							"size": [3, 3, 8],
							"uv": {
								"north": {"uv": [39, 37], "uv_size": [3, 3]},
								"east": {"uv": [28, 16], "uv_size": [8, 3]},
								"south": {"uv": [31, 40], "uv_size": [3, 3]},
								"west": {"uv": [36, 16], "uv_size": [8, 3]},
								"up": {"uv": [28, 34], "uv_size": [3, 8]},
								"down": {"uv": [36, 27], "uv_size": [3, -8]}
							}
						}
					]
				},
				{
					"name": "Base",
					"parent": "workbench",
					"pivot": [0, 4, 0],
					"cubes": [
						{
							"origin": [-7, 8, -5],
							"size": [14, 1, 10],
							"uv": {
								"north": {"uv": [36, 27], "uv_size": [14, 1]},
								"east": {"uv": [38, 11], "uv_size": [10, 1]},
								"south": {"uv": [38, 0], "uv_size": [14, 1]},
								"west": {"uv": [38, 12], "uv_size": [10, 1]},
								"up": {"uv": [0, 0], "uv_size": [14, 10]},
								"down": {"uv": [0, 20], "uv_size": [14, -10]}
							}
						},
						{
							"origin": [-6, 7, -4],
							"size": [12, 1, 8],
							"uv": {
								"north": {"uv": [38, 7], "uv_size": [12, 1]},
								"east": {"uv": [28, 19], "uv_size": [8, 1]},
								"south": {"uv": [38, 8], "uv_size": [12, 1]},
								"west": {"uv": [39, 25], "uv_size": [8, 1]},
								"up": {"uv": [0, 20], "uv_size": [12, 8]},
								"down": {"uv": [12, 28], "uv_size": [12, -8]}
							}
						},
						{
							"origin": [-5, 2, -3],
							"size": [10, 8, 6],
							"uv": {
								"north": {"uv": [28, 0], "uv_size": [10, 8]},
								"east": {"uv": [32, 28], "uv_size": [6, 8]},
								"south": {"uv": [28, 8], "uv_size": [10, 8]},
								"west": {"uv": [12, 34], "uv_size": [6, 8]},
								"up": {"uv": [12, 28], "uv_size": [10, 6]},
								"down": {"uv": [22, 34], "uv_size": [10, -6]}
							}
						},
						{
							"origin": [-6, 1, -4],
							"size": [12, 1, 8],
							"uv": {
								"north": {"uv": [38, 9], "uv_size": [12, 1]},
								"east": {"uv": [39, 26], "uv_size": [8, 1]},
								"south": {"uv": [38, 10], "uv_size": [12, 1]},
								"west": {"uv": [0, 41], "uv_size": [8, 1]},
								"up": {"uv": [24, 20], "uv_size": [12, 8]},
								"down": {"uv": [0, 36], "uv_size": [12, -8]}
							}
						},
						{
							"origin": [-7, 0, -5],
							"size": [14, 1, 10],
							"uv": {
								"north": {"uv": [38, 5], "uv_size": [14, 1]},
								"east": {"uv": [38, 15], "uv_size": [10, 1]},
								"south": {"uv": [38, 6], "uv_size": [14, 1]},
								"west": {"uv": [38, 30], "uv_size": [10, 1]},
								"up": {"uv": [14, 0], "uv_size": [14, 10]},
								"down": {"uv": [14, 20], "uv_size": [14, -10]}
							}
						}
					]
				}
			]
		}
	]
}