{
	"format_version": "1.12.0",
	"minecraft:geometry": [
		{
			"description": {
				"identifier": "geometry.utilitycraft_xp_spout",
				"texture_width": 16,
				"texture_height": 16,
				"visible_bounds_width": 4,
				"visible_bounds_height": 2.5,
				"visible_bounds_offset": [0, 0.75, 0]
			},
			"bones": [
				{
					"name": "bb_main",
					"pivot": [0, 0, 0],
					"cubes": [
						{
							"origin": [-1.5, 10.5, 9.5],
							"size": [3, 3, 0.5],
							"uv": {
								"north": {"uv": [0, 14], "uv_size": [2, 2]},
								"east": {"uv": [0, 6], "uv_size": [1, 3]},
								"south": {"uv": [0, 14], "uv_size": [2, 2]},
								"west": {"uv": [1, 6], "uv_size": [1, 3]},
								"up": {"uv": [0, 15], "uv_size": [3, 1]},
								"down": {"uv": [0, 16], "uv_size": [3, -1]}
							}
						},
						{
							"origin": [-0.5, 13, 6.5],
							"size": [1, 0.5, 1],
							"uv": {
								"north": {"uv": [4, 3], "uv_size": [-2, -1]},
								"east": {"uv": [4, 3], "uv_size": [-2, -1]},
								"south": {"uv": [4, 3], "uv_size": [-2, -1]},
								"west": {"uv": [4, 3], "uv_size": [-2, -1]},
								"up": {"uv": [2, 2], "uv_size": [2, 2]},
								"down": {"uv": [2, 2], "uv_size": [2, 1]}
							}
						},
						{
							"origin": [0.5, 13.25, 6.75],
							"size": [1, 0.25, 0.5],
							"pivot": [0.75, 12.5, 7],
							"rotation": [0, 0, -17.5],
							"uv": {
								"north": {"uv": [4, 2], "uv_size": [-1, -1]},
								"east": {"uv": [4, 2], "uv_size": [-1, -1]},
								"south": {"uv": [4, 2], "uv_size": [-1, -1]},
								"west": {"uv": [4, 2], "uv_size": [-1, -1]},
								"up": {"uv": [3, 1], "uv_size": [1, 1]},
								"down": {"uv": [3, 1], "uv_size": [1, 1]}
							}
						},
						{
							"origin": [1.15, 13.425, 6.75],
							"size": [2, 0.25, 0.5],
							"uv": {
								"north": {"uv": [4, 2], "uv_size": [-1, -1]},
								"east": {"uv": [4, 2], "uv_size": [-1, -1]},
								"south": {"uv": [4, 2], "uv_size": [-1, -1]},
								"west": {"uv": [4, 2], "uv_size": [-1, -1]},
								"up": {"uv": [3, 1], "uv_size": [1, 1]},
								"down": {"uv": [3, 1], "uv_size": [1, 1]}
							}
						},
						{
							"origin": [-0.75, 11.25, 6],
							"size": [1.5, 1.75, 2],
							"uv": {
								"north": {"uv": [0, 14], "uv_size": [2, 2]},
								"east": {"uv": [0, 14], "uv_size": [3, 2]},
								"south": {"uv": [0, 14], "uv_size": [2, 2]},
								"west": {"uv": [3, 14], "uv_size": [3, 2]},
								"up": {"uv": [0, 12], "uv_size": [2, 3]},
								"down": {"uv": [0, 12], "uv_size": [2, 3]}
							}
						},
						{
							"origin": [-0.5, 11.7, 4.75],
							"size": [1, 0.75, 1.25],
							"uv": {
								"north": {"uv": [1, 15], "uv_size": [-1, -1]},
								"east": {"uv": [1, 15], "uv_size": [-1, -1]},
								"south": {"uv": [1, 15], "uv_size": [-1, -1]},
								"west": {"uv": [1, 15], "uv_size": [-1, -1]},
								"up": {"uv": [0, 14], "uv_size": [1, 1]},
								"down": {"uv": [6, 10], "uv_size": [-4, 5]}
							}
						},
						{
							"origin": [-0.5, 11.5, 8],
							"size": [1, 1, 1.5],
							"uv": {
								"east": {"uv": [0, 14], "uv_size": [2, 1]},
								"west": {"uv": [0, 14], "uv_size": [1, 1]},
								"up": {"uv": [1, 15], "uv_size": [-1, -2]},
								"down": {"uv": [0, 16], "uv_size": [2, -1]}
							}
						},
						{
							"origin": [-0.5, 0.5, 14],
							"size": [1, 11, 1],
							"uv": {
								"north": {"uv": [1, 0], "uv_size": [1, 11]},
								"east": {"uv": [0, 0], "uv_size": [1, 11]},
								"south": {"uv": [0, 4], "uv_size": [1, 11]},
								"west": {"uv": [1, 5], "uv_size": [1, 11]},
								"up": {"uv": [4, 8], "uv_size": [1, 1]},
								"down": {"uv": [0, 2], "uv_size": [1, -1]}
							}
						},
						{
							"origin": [-0.5, 11.5, 10],
							"size": [1, 1, 5],
							"uv": {
								"north": {"uv": [4, 14], "uv_size": [5, 1]},
								"east": {"uv": [0, 15], "uv_size": [5, 1]},
								"south": {"uv": [0, 14], "uv_size": [1, 1]},
								"west": {"uv": [5, 15], "uv_size": [5, 1]},
								"up": {"uv": [0, 10], "uv_size": [1, 5]},
								"down": {"uv": [0, 10], "uv_size": [1, 5]}
							}
						}
					]
				}
			]
		}
	]
}