	{
	"format_version": "1.19.20",
	"minecraft:entity": {
		"description": {
			"identifier": "utilitycraft:jungle_tree",
			"is_spawnable": false,
			"is_summonable": true,
			"is_experimental": false
		},
		"component_groups": {
			"despawn": {
				"minecraft:instant_despawn": {
					"remove_child_entities": false
				}
			},
			"normal": {
				"minecraft:scale": {
					"value": 1.42069
				}
			},
			"small": {
				"minecraft:scale": {
					"value": 0.25
				}
			}
		},
		"components": {
			"minecraft:collision_box": {
				"height": 0.8,
				"width": 0
			},
			"minecraft:physics": {
				"has_collision": false,
				"has_gravity": false
			},
			"minecraft:damage_sensor": {
				"triggers": [
					{
						"cause": "all",
						"deals_damage": false
					}
				]
			},
			"minecraft:inside_block_notifier": {
				"block_list": [
					{
						"exited_block_event": {
							"event": "despawn"
						},
						"block": {
							"name": "utilitycraft:bonsai"
						}
					}
				]
			},
			"minecraft:environment_sensor": {
				"triggers": [
					{
						"filters": {
							"test": "has_tag",
							"value": "despawn",
							"operator": "==",
							"subject": "self"
						},
						"event": "despawn"
					}
				]
			},
			"minecraft:knockback_resistance": {
				"value": 10000
			},
			"minecraft:scale": {
				"value": 0.25
			}
		},
		"events": {
			"despawn": {
				"add": {
					"component_groups": [
						"despawn"
					]
				}
			},
			"normal": {
				"add": {
					"component_groups": [
						"normal"
					]
				}
			},
			"small": {
				"add": {
					"component_groups": [
						"small"
					]
				}
			}
		}
	}
}