[
    {
        "flipbook_texture": "textures/blocks/fan/fan_front_animated",
        "atlas_tile": "utilitycraft_fan_front_still",
        "ticks_per_frame": 1
    },
    {
        "flipbook_texture": "textures/blocks/ender_hopper/ender_hopper_animated",
        "atlas_tile": "utilitycraft_ender_hopper_animated",
        "ticks_per_frame": 5
    },
    {
        "flipbook_texture": "textures/blocks/generators/wind_turbine_aspas",
        "atlas_tile": "utilitycraft_wind_turbine",
        "ticks_per_frame": 1
    },
    {
        "flipbook_texture": "textures/blocks/mob_grinding_aspas",
        "atlas_tile": "utilitycraft_mob_grinder_aspas",
        "ticks_per_frame": 1
    }
]