{
	"resource_pack_name": "UtilityCraft",
	"texture_name": "atlas.items",
	"texture_data": {
		"utilitycraft_netherite_aiot": {
			"textures": "textures/items/tools/netherite_aiot"
		},
		"utilitycraft_netherite_paxel": {
			"textures": "textures/items/tools/netherite_paxel"
		},
		"utilitycraft_diamond_aiot": {
			"textures": "textures/items/tools/diamond_aiot"
		},
		"utilitycraft_steel_aiot": {
			"textures": "textures/items/tools/steel_aiot"
		},
		"utilitycraft_iron_aiot": {
			"textures": "textures/items/tools/iron_aiot"
		},
		"utilitycraft_stone_aiot": {
			"textures": "textures/items/tools/stone_aiot"
		},
		"utilitycraft_wood_aiot": {
			"textures": "textures/items/tools/wooden_aiot"
		},
		"utilitycraft_diamond_paxel": {
			"textures": "textures/items/tools/diamond_paxel"
		},
		"utilitycraft_steel_paxel": {
			"textures": "textures/items/tools/steel_paxel"
		},
		"utilitycraft_iron_paxel": {
			"textures": "textures/items/tools/iron_paxel"
		},
		"utilitycraft_gold_aiot": {
			"textures": "textures/items/tools/golden_aiot"
		},
		"utilitycraft_gold_paxel": {
			"textures": "textures/items/tools/golden_paxel"
		},
		"utilitycraft_stone_paxel": {
			"textures": "textures/items/tools/stone_paxel"
		},
		"utilitycraft_wood_paxel": {
			"textures": "textures/items/tools/wooden_paxel"
		},
		"utilitycraft_advanced_netherite_axe": {
			"textures": "textures/items/old/Advanced Netherite Axe"
		},
		"utilitycraft_advanced_diamond_axe": {
			"textures": "textures/items/old/Advanced Diamond Axe"
		},
		"utilitycraft_advanced_iron_axe": {
			"textures": "textures/items/old/Advanced Iron Axe"
		},
		"utilitycraft_advanced_netherite_pickaxe": {
			"textures": "textures/items/old/Advanced Netherite Pickaxe"
		},
		"utilitycraft_advanced_diamond_pickaxe": {
			"textures": "textures/items/old/Advanced Diamond Pickaxe"
		},
		"utilitycraft_advanced_iron_pickaxe": {
			"textures": "textures/items/old/Advanced Iron Pickaxe"
		},
		"utilitycraft_advanced_netherite_shovel": {
			"textures": "textures/items/old/Advanced Netherite Shovel"
		},
		"utilitycraft_advanced_diamond_shovel": {
			"textures": "textures/items/old/Advanced Diamond Shovel"
		},
		"utilitycraft_advanced_iron_shovel": {
			"textures": "textures/items/old/Advanced Iron Shovel"
		},
		"utilitycraft_netherite_hammer": {
			"textures": "textures/items/tools/netherite_hammer"
		},
		"utilitycraft_diamond_hammer": {
			"textures": "textures/items/tools/diamond_hammer"
		},
		"utilitycraft_steel_hammer": {
			"textures": "textures/items/tools/steel_hammer"
		},
		"utilitycraft_iron_hammer": {
			"textures": "textures/items/tools/iron_hammer"
		},
		"utilitycraft_golden_hammer": {
			"textures": "textures/items/tools/golden_hammer"
		},
		"utilitycraft_wooden_hammer": {
			"textures": "textures/items/tools/wooden_hammer"
		},
		"utilitycraft_copper_hammer": {
			"textures": "textures/items/tools/copper_hammer"
		},
		"utilitycraft_copper_aiot": {
			"textures": "textures/items/tools/copper_aiot"
		},
		"utilitycraft_copper_paxel": {
			"textures": "textures/items/tools/copper_paxel"
		},
		"utilitycraft_steel_sword": {
			"textures": "textures/items/tools/steel_sword"
		},
		"utilitycraft_steel_shovel": {
			"textures": "textures/items/tools/steel_shovel"
		},
		"utilitycraft_steel_pickaxe": {
			"textures": "textures/items/tools/steel_pickaxe"
		},
		"utilitycraft_steel_axe": {
			"textures": "textures/items/tools/steel_axe"
		},
		"utilitycraft_steel_hoe": {
			"textures": "textures/items/tools/steel_hoe"
		},
		"utilitycraft_smelting_pickaxe": {
			"textures": "textures/items/tools/smelting_pickaxe"
		},
		"utilitycraft_lucky_pickaxe": {
			"textures": "textures/items/tools/lucky_pickaxe"
		},
		"utilitycraft_lucky_pickaxe_item": {
			"textures": "textures/items/tools/lucky_pickaxe"
		},
		"utilitycraft_advanced_drill": {
			"textures": "textures/items/tools/advanced_drill"
		},
		"utilitycraft_drill": {
			"textures": "textures/items/tools/drill"
		},
		"utilitycraft_bionic_arm": {
			"textures": "textures/items/tools/drill"
		},
		"utilitycraft_clock": {
			"textures": "textures/items/old/magic_clock"
		},
		"utilitycraft_advanced_netherite_hoe": {
			"textures": "textures/items/old/Advanced Netherite Hoe"
		},
		"utilitycraft_advanced_diamond_hoe": {
			"textures": "textures/items/old/Advanced Diamond Hoe"
		},
		"utilitycraft_advanced_iron_hoe": {
			"textures": "textures/items/old/Advanced Iron Hoe"
		},
		"utilitycraft_base_seeds": {
			"textures": "textures/items/seeds/base_seeds"
		},
		"utilitycraft_diamond_seeds": {
			"textures": "textures/items/seeds/diamond_seeds"
		},
		"utilitycraft_iron_seeds": {
			"textures": "textures/items/seeds/iron_seeds"
		},
		"utilitycraft_lapis_seeds": {
			"textures": "textures/items/seeds/lapis_seeds"
		},
		"utilitycraft_gold_seeds": {
			"textures": "textures/items/seeds/gold_seeds"
		},
		"utilitycraft_redstone_seeds": {
			"textures": "textures/items/seeds/redstone_seeds"
		},
		"utilitycraft_coal_seeds": {
			"textures": "textures/items/seeds/coal_seeds"
		},
		"utilitycraft_emerald_seeds": {
			"textures": "textures/items/seeds/emerald_seeds"
		},
		"utilitycraft_netherite_seeds": {
			"textures": "textures/items/seeds/netherite_seeds"
		},
		"utilitycraft_blaze_seeds": {
			"textures": "textures/items/seeds/blaze_seeds"
		},
		"utilitycraft_wither_seeds": {
			"textures": "textures/items/seeds/wither_seeds"
		},
		"utilitycraft_wrench": {
			"textures": "textures/items/tools/wrench"
		},
		"utilitycraft_nether_star_seeds": {
			"textures": "textures/items/seeds/nether_star_seeds"
		},
		"utilitycraft_shulker_seeds": {
			"textures": "textures/items/seeds/shulker_seeds"
		},
		"utilitycraft_totem_seeds": {
			"textures": "textures/items/seeds/totem_seeds"
		},
		"utilitycraft_obsidian_seeds": {
			"textures": "textures/items/seeds/obsidian_seeds"
		},
		"utilitycraft_enderpearl_seeds": {
			"textures": "textures/items/seeds/ender_pearl_seeds"
		},
		"utilitycraft_amethyst_seeds": {
			"textures": "textures/items/seeds/amethyst_seeds"
		},
		"utilitycraft_glowstone_seeds": {
			"textures": "textures/items/seeds/glowstone_seeds"
		},
		"utilitycraft_honey_seeds": {
			"textures": "textures/items/seeds/honey_seeds"
		},
		"utilitycraft_quartz_seeds": {
			"textures": "textures/items/seeds/quartz_seeds"
		},
		"utilitycraft_slime_seeds": {
			"textures": "textures/items/seeds/slime_seeds"
		},
		"utilitycraft_honey_ball": {
			"textures": "textures/items/old/honeyball"
		},
		"utilitycraft_grenade": {
			"textures": "textures/items/tools/grenade"
		},
		"utilitycraft_bomb": {
			"textures": "textures/items/tools/bomb"
		},
		"utilitycraft_dynamite": {
			"textures": "textures/items/tools/dynamite"
		},
		"utilitycraft_water_seeds": {
			"textures": "textures/items/seeds/water_seeds"
		},
		"utilitycraft_lava_seeds": {
			"textures": "textures/items/seeds/lava_seeds"
		},
		"utilitycraft_prismarine_crystals_seeds": {
			"textures": "textures/items/seeds/prismarine_crystals_seeds"
		},
		"utilitycraft_prismarine_shards_seeds": {
			"textures": "textures/items/seeds/prismarine_shards_seeds"
		},
		"utilitycraft_glass_seeds": {
			"textures": "textures/items/seeds/glass_seeds"
		},
		"utilitycraft_lavaball": {
			"textures": "textures/items/misc/lavaball"
		},
		"utilitycraft_waterball": {
			"textures": "textures/items/misc/waterball"
		},
		"utilitycraft_amogus": {
			"textures": "textures/items/misc/amogus"
		},
		"utilitycraft_string_mesh": {
			"textures": "textures/items/meshes/string_mesh"
		},
		"utilitycraft_iron_mesh": {
			"textures": "textures/items/meshes/iron_mesh"
		},
		"utilitycraft_diamond_mesh": {
			"textures": "textures/items/meshes/diamond_mesh"
		},
		"utilitycraft_netherite_mesh": {
			"textures": "textures/items/meshes/netherite_mesh"
		},
		"utilitycraft_copper_seeds": {
			"textures": "textures/items/seeds/copper_seeds"
		},
		"utilitycraft_ghast_seeds": {
			"textures": "textures/items/seeds/ghast_seeds"
		},
		"utilitycraft_gunpowder_seeds": {
			"textures": "textures/items/seeds/gunpowder_seeds"
		},
		"utilitycraft_leather_seeds": {
			"textures": "textures/items/seeds/leather_seeds"
		},
		"utilitycraft_wool_seeds": {
			"textures": "textures/items/seeds/wool_seeds"
		},
		"utilitycraft_apple_sapling": {
			"textures": "textures/items/misc/apple_tree"
		},
		"utilitycraft_gold_upgrade": {
			"textures": "textures/items/old/gold_upgrade"
		},
		"utilitycraft_emerald_upgrade": {
			"textures": "textures/items/old/emerald_upgrade"
		},
		"utilitycraft_diamond_upgrade": {
			"textures": "textures/items/old/diamond_upgrade"
		},
		"utilitycraft_lucky_sword": {
			"textures": "textures/items/tools/lucky_sword"
		},
		"utilitycraft_lucky_sword_item": {
			"textures": "textures/items/tools/lucky_sword"
		},
		"utilitycraft_stone_hammer": {
			"textures": "textures/items/tools/stone_hammer"
		},
		"utilitycraft_soul": {
			"textures": "textures/items/old/soul"
		},
		"utilitycraft_soul_vessel": {
			"textures": "textures/items/old/soul_vessel"
		},
		"utilitycraft_zombie_essence": {
			"textures": "textures/items/essences/zombie_essence"
		},
		"utilitycraft_essence_vessel": {
			"textures": "textures/items/essences/essence_vessel"
		},
		"utilitycraft_smeltflare": {
			"textures": "textures/items/misc/smeltflare"
		},
		"utilitycraft_skeleton_essence": {
			"textures": "textures/items/essences/skeleton_essence"
		},
		"utilitycraft_pig_essence": {
			"textures": "textures/items/essences/pig_essence"
		},
		"utilitycraft_creeper_essence": {
			"textures": "textures/items/essences/creeper_essence"
		},
		"utilitycraft_spider_essence": {
			"textures": "textures/items/essences/spider_essence"
		},
		"utilitycraft_cow_essence": {
			"textures": "textures/items/essences/cow_essence"
		},
		"utilitycraft_sheep_essence": {
			"textures": "textures/items/essences/sheep_essence"
		},
		"utilitycraft_slime_essence": {
			"textures": "textures/items/essences/slime_essence"
		},
		"utilitycraft_ore_igniter": {
			"textures": "textures/items/old/ore_igniter"
		},
		"utilitycraft_dyes_seeds": {
			"textures": "textures/items/seeds/dye_seeds"
		},
		"utilitycraft_infinite_enderpearl": {
			"textures": "textures/items/old/infinite_enderpearl"
		},
		"utilitycraft_black_amogus": {
			"textures": "textures/items/misc/black_amogus"
		},
		"utilitycraft_speed_upgrade": {
			"textures": "textures/items/machinery/speed_upgrade"
		},
		"utilitycraft_range_upgrade": {
			"textures": "textures/items/machinery/range_upgrade"
		},
		"utilitycraft_steel": {
			"textures": "textures/items/ores/steel_ingot"
		},
		"utilitycraft_raw_leather": {
			"textures": "textures/items/misc/raw_leather"
		},
		"utilitycraft_blaze_essence": {
			"textures": "textures/items/essences/blaze_essence"
		},
		"utilitycraft_chicken_essence": {
			"textures": "textures/items/essences/chicken_essence"
		},
		"utilitycraft_enderman_essence": {
			"textures": "textures/items/essences/enderman_essence"
		},
		"utilitycraft_hoglin_essence": {
			"textures": "textures/items/essences/hoglin_essence"
		},
		"utilitycraft_magma_cube_essence": {
			"textures": "textures/items/essences/magma_cube_essence"
		},
		"utilitycraft_mooshroom_essence": {
			"textures": "textures/items/essences/mooshroom_essence"
		},
		"utilitycraft_wither_skeleton_essence": {
			"textures": "textures/items/essences/wither_skeleton_essence"
		},
		"utilitycraft_antidote_potion": {
			"textures": "textures/items/misc/antidote_potion"
		},
		"utilitycraft_antidote_potion_splash": {
			"textures": "textures/items/misc/antidote_potion_splash"
		},
		"utilitycraft_quantity_upgrade": {
			"textures": "textures/items/machinery/quantity_upgrade"
		},
		"utilitycraft_energy_upgrade": {
			"textures": "textures/items/machinery/energy_upgrade"
		},
		"utilitycraft_base_upgrade": {
			"textures": "textures/items/machinery/base_upgrade"
		},
		"utilitycraft_ultimate_upgrade": {
			"textures": "textures/items/machinery/ultimate_upgrade"
		},
		"utilitycraft_damage_upgrade": {
			"textures": "textures/items/machinery/damage_upgrade"
		},
		"utilitycraft_accelerator_clock": {
			"textures": "textures/items/misc/accelerator_clock"
		},
		"utilitycraft_raw_steel": {
			"textures": "textures/items/ores/raw_steel"
		},
		"utilitycraft_steel_dust": {
			"textures": "textures/items/dusts/steel_dust"
		},
		"utilitycraft_steel_nugget": {
			"textures": "textures/items/ores/steel_nugget"
		},
		"utilitycraft_steel_plate": {
			"textures": "textures/items/plates/steel_plate"
		},
		"utilitycraft_info": {
			"textures": "textures/items/progress_bars/info"
		},
		"utilitycraft_energy_bar_0": {
			"textures": "textures/items/progress_bars/energy_bar_0"
		},
		"utilitycraft_energy_bar_1": {
			"textures": "textures/items/progress_bars/energy_bar_1"
		},
		"utilitycraft_energy_bar_2": {
			"textures": "textures/items/progress_bars/energy_bar_2"
		},
		"utilitycraft_energy_bar_3": {
			"textures": "textures/items/progress_bars/energy_bar_3"
		},
		"utilitycraft_energy_bar_4": {
			"textures": "textures/items/progress_bars/energy_bar_4"
		},
		"utilitycraft_energy_bar_5": {
			"textures": "textures/items/progress_bars/energy_bar_5"
		},
		"utilitycraft_energy_bar_6": {
			"textures": "textures/items/progress_bars/energy_bar_6"
		},
		"utilitycraft_energy_bar_7": {
			"textures": "textures/items/progress_bars/energy_bar_7"
		},
		"utilitycraft_energy_bar_8": {
			"textures": "textures/items/progress_bars/energy_bar_8"
		},
		"utilitycraft_energy_bar_9": {
			"textures": "textures/items/progress_bars/energy_bar_9"
		},
		"utilitycraft_energy_bar_10": {
			"textures": "textures/items/progress_bars/energy_bar_10"
		},
		"utilitycraft_energy_bar_11": {
			"textures": "textures/items/progress_bars/energy_bar_11"
		},
		"utilitycraft_energy_bar_12": {
			"textures": "textures/items/progress_bars/energy_bar_12"
		},
		"utilitycraft_energy_bar_13": {
			"textures": "textures/items/progress_bars/energy_bar_13"
		},
		"utilitycraft_energy_bar_14": {
			"textures": "textures/items/progress_bars/energy_bar_14"
		},
		"utilitycraft_energy_bar_15": {
			"textures": "textures/items/progress_bars/energy_bar_15"
		},
		"utilitycraft_energy_bar_16": {
			"textures": "textures/items/progress_bars/energy_bar_16"
		},
		"utilitycraft:energy_00": {
			"textures": "textures/ui/energy_bar/energy_frame_00"
		},
		"utilitycraft:energy_01": {
			"textures": "textures/ui/energy_bar/energy_frame_01"
		},
		"utilitycraft:energy_02": {
			"textures": "textures/ui/energy_bar/energy_frame_02"
		},
		"utilitycraft:energy_03": {
			"textures": "textures/ui/energy_bar/energy_frame_03"
		},
		"utilitycraft:energy_04": {
			"textures": "textures/ui/energy_bar/energy_frame_04"
		},
		"utilitycraft:energy_05": {
			"textures": "textures/ui/energy_bar/energy_frame_05"
		},
		"utilitycraft:energy_06": {
			"textures": "textures/ui/energy_bar/energy_frame_06"
		},
		"utilitycraft:energy_07": {
			"textures": "textures/ui/energy_bar/energy_frame_07"
		},
		"utilitycraft:energy_08": {
			"textures": "textures/ui/energy_bar/energy_frame_08"
		},
		"utilitycraft:energy_09": {
			"textures": "textures/ui/energy_bar/energy_frame_09"
		},
		"utilitycraft:energy_10": {
			"textures": "textures/ui/energy_bar/energy_frame_10"
		},
		"utilitycraft:energy_11": {
			"textures": "textures/ui/energy_bar/energy_frame_11"
		},
		"utilitycraft:energy_12": {
			"textures": "textures/ui/energy_bar/energy_frame_12"
		},
		"utilitycraft:energy_13": {
			"textures": "textures/ui/energy_bar/energy_frame_13"
		},
		"utilitycraft:energy_14": {
			"textures": "textures/ui/energy_bar/energy_frame_14"
		},
		"utilitycraft:energy_15": {
			"textures": "textures/ui/energy_bar/energy_frame_15"
		},
		"utilitycraft:energy_16": {
			"textures": "textures/ui/energy_bar/energy_frame_16"
		},
		"utilitycraft:energy_17": {
			"textures": "textures/ui/energy_bar/energy_frame_17"
		},
		"utilitycraft:energy_18": {
			"textures": "textures/ui/energy_bar/energy_frame_18"
		},
		"utilitycraft:energy_19": {
			"textures": "textures/ui/energy_bar/energy_frame_19"
		},
		"utilitycraft:energy_20": {
			"textures": "textures/ui/energy_bar/energy_frame_20"
		},
		"utilitycraft:energy_21": {
			"textures": "textures/ui/energy_bar/energy_frame_21"
		},
		"utilitycraft:energy_22": {
			"textures": "textures/ui/energy_bar/energy_frame_22"
		},
		"utilitycraft:energy_23": {
			"textures": "textures/ui/energy_bar/energy_frame_23"
		},
		"utilitycraft:energy_24": {
			"textures": "textures/ui/energy_bar/energy_frame_24"
		},
		"utilitycraft:energy_25": {
			"textures": "textures/ui/energy_bar/energy_frame_25"
		},
		"utilitycraft:energy_26": {
			"textures": "textures/ui/energy_bar/energy_frame_26"
		},
		"utilitycraft:energy_27": {
			"textures": "textures/ui/energy_bar/energy_frame_27"
		},
		"utilitycraft:energy_28": {
			"textures": "textures/ui/energy_bar/energy_frame_28"
		},
		"utilitycraft:energy_29": {
			"textures": "textures/ui/energy_bar/energy_frame_29"
		},
		"utilitycraft:energy_30": {
			"textures": "textures/ui/energy_bar/energy_frame_30"
		},
		"utilitycraft:energy_31": {
			"textures": "textures/ui/energy_bar/energy_frame_31"
		},
		"utilitycraft:energy_32": {
			"textures": "textures/ui/energy_bar/energy_frame_32"
		},
		"utilitycraft:energy_33": {
			"textures": "textures/ui/energy_bar/energy_frame_33"
		},
		"utilitycraft:energy_34": {
			"textures": "textures/ui/energy_bar/energy_frame_34"
		},
		"utilitycraft:energy_35": {
			"textures": "textures/ui/energy_bar/energy_frame_35"
		},
		"utilitycraft:energy_36": {
			"textures": "textures/ui/energy_bar/energy_frame_36"
		},
		"utilitycraft:energy_37": {
			"textures": "textures/ui/energy_bar/energy_frame_37"
		},
		"utilitycraft:energy_38": {
			"textures": "textures/ui/energy_bar/energy_frame_38"
		},
		"utilitycraft:energy_39": {
			"textures": "textures/ui/energy_bar/energy_frame_39"
		},
		"utilitycraft:energy_40": {
			"textures": "textures/ui/energy_bar/energy_frame_40"
		},
		"utilitycraft:energy_41": {
			"textures": "textures/ui/energy_bar/energy_frame_41"
		},
		"utilitycraft:energy_42": {
			"textures": "textures/ui/energy_bar/energy_frame_42"
		},
		"utilitycraft:energy_43": {
			"textures": "textures/ui/energy_bar/energy_frame_43"
		},
		"utilitycraft:energy_44": {
			"textures": "textures/ui/energy_bar/energy_frame_44"
		},
		"utilitycraft:energy_45": {
			"textures": "textures/ui/energy_bar/energy_frame_45"
		},
		"utilitycraft:energy_46": {
			"textures": "textures/ui/energy_bar/energy_frame_46"
		},
		"utilitycraft:energy_47": {
			"textures": "textures/ui/energy_bar/energy_frame_47"
		},
		"utilitycraft:energy_48": {
			"textures": "textures/ui/energy_bar/energy_frame_48"
		},
		"utilitycraft:empty_fluid_bar": {
			"textures": "textures/ui/empty_fluid_bar"
		},
		"utilitycraft:lava_00": {
			"textures": "textures/ui/lava_bar/lava_frame_00"
		},
		"utilitycraft:lava_01": {
			"textures": "textures/ui/lava_bar/lava_frame_01"
		},
		"utilitycraft:lava_02": {
			"textures": "textures/ui/lava_bar/lava_frame_02"
		},
		"utilitycraft:lava_03": {
			"textures": "textures/ui/lava_bar/lava_frame_03"
		},
		"utilitycraft:lava_04": {
			"textures": "textures/ui/lava_bar/lava_frame_04"
		},
		"utilitycraft:lava_05": {
			"textures": "textures/ui/lava_bar/lava_frame_05"
		},
		"utilitycraft:lava_06": {
			"textures": "textures/ui/lava_bar/lava_frame_06"
		},
		"utilitycraft:lava_07": {
			"textures": "textures/ui/lava_bar/lava_frame_07"
		},
		"utilitycraft:lava_08": {
			"textures": "textures/ui/lava_bar/lava_frame_08"
		},
		"utilitycraft:lava_09": {
			"textures": "textures/ui/lava_bar/lava_frame_09"
		},
		"utilitycraft:lava_10": {
			"textures": "textures/ui/lava_bar/lava_frame_10"
		},
		"utilitycraft:lava_11": {
			"textures": "textures/ui/lava_bar/lava_frame_11"
		},
		"utilitycraft:lava_12": {
			"textures": "textures/ui/lava_bar/lava_frame_12"
		},
		"utilitycraft:lava_13": {
			"textures": "textures/ui/lava_bar/lava_frame_13"
		},
		"utilitycraft:lava_14": {
			"textures": "textures/ui/lava_bar/lava_frame_14"
		},
		"utilitycraft:lava_15": {
			"textures": "textures/ui/lava_bar/lava_frame_15"
		},
		"utilitycraft:lava_16": {
			"textures": "textures/ui/lava_bar/lava_frame_16"
		},
		"utilitycraft:lava_17": {
			"textures": "textures/ui/lava_bar/lava_frame_17"
		},
		"utilitycraft:lava_18": {
			"textures": "textures/ui/lava_bar/lava_frame_18"
		},
		"utilitycraft:lava_19": {
			"textures": "textures/ui/lava_bar/lava_frame_19"
		},
		"utilitycraft:lava_20": {
			"textures": "textures/ui/lava_bar/lava_frame_20"
		},
		"utilitycraft:lava_21": {
			"textures": "textures/ui/lava_bar/lava_frame_21"
		},
		"utilitycraft:lava_22": {
			"textures": "textures/ui/lava_bar/lava_frame_22"
		},
		"utilitycraft:lava_23": {
			"textures": "textures/ui/lava_bar/lava_frame_23"
		},
		"utilitycraft:lava_24": {
			"textures": "textures/ui/lava_bar/lava_frame_24"
		},
		"utilitycraft:lava_25": {
			"textures": "textures/ui/lava_bar/lava_frame_25"
		},
		"utilitycraft:lava_26": {
			"textures": "textures/ui/lava_bar/lava_frame_26"
		},
		"utilitycraft:lava_27": {
			"textures": "textures/ui/lava_bar/lava_frame_27"
		},
		"utilitycraft:lava_28": {
			"textures": "textures/ui/lava_bar/lava_frame_28"
		},
		"utilitycraft:lava_29": {
			"textures": "textures/ui/lava_bar/lava_frame_29"
		},
		"utilitycraft:lava_30": {
			"textures": "textures/ui/lava_bar/lava_frame_30"
		},
		"utilitycraft:lava_31": {
			"textures": "textures/ui/lava_bar/lava_frame_31"
		},
		"utilitycraft:lava_32": {
			"textures": "textures/ui/lava_bar/lava_frame_32"
		},
		"utilitycraft:lava_33": {
			"textures": "textures/ui/lava_bar/lava_frame_33"
		},
		"utilitycraft:lava_34": {
			"textures": "textures/ui/lava_bar/lava_frame_34"
		},
		"utilitycraft:lava_35": {
			"textures": "textures/ui/lava_bar/lava_frame_35"
		},
		"utilitycraft:lava_36": {
			"textures": "textures/ui/lava_bar/lava_frame_36"
		},
		"utilitycraft:lava_37": {
			"textures": "textures/ui/lava_bar/lava_frame_37"
		},
		"utilitycraft:lava_38": {
			"textures": "textures/ui/lava_bar/lava_frame_38"
		},
		"utilitycraft:lava_39": {
			"textures": "textures/ui/lava_bar/lava_frame_39"
		},
		"utilitycraft:lava_40": {
			"textures": "textures/ui/lava_bar/lava_frame_40"
		},
		"utilitycraft:lava_41": {
			"textures": "textures/ui/lava_bar/lava_frame_41"
		},
		"utilitycraft:lava_42": {
			"textures": "textures/ui/lava_bar/lava_frame_42"
		},
		"utilitycraft:lava_43": {
			"textures": "textures/ui/lava_bar/lava_frame_43"
		},
		"utilitycraft:lava_44": {
			"textures": "textures/ui/lava_bar/lava_frame_44"
		},
		"utilitycraft:lava_45": {
			"textures": "textures/ui/lava_bar/lava_frame_45"
		},
		"utilitycraft:lava_46": {
			"textures": "textures/ui/lava_bar/lava_frame_46"
		},
		"utilitycraft:lava_47": {
			"textures": "textures/ui/lava_bar/lava_frame_47"
		},
		"utilitycraft:lava_48": {
			"textures": "textures/ui/lava_bar/lava_frame_48"
		},
		"utilitycraft:water_00": {
			"textures": "textures/ui/water_bar/water_frame_00"
		},
		"utilitycraft:water_01": {
			"textures": "textures/ui/water_bar/water_frame_01"
		},
		"utilitycraft:water_02": {
			"textures": "textures/ui/water_bar/water_frame_02"
		},
		"utilitycraft:water_03": {
			"textures": "textures/ui/water_bar/water_frame_03"
		},
		"utilitycraft:water_04": {
			"textures": "textures/ui/water_bar/water_frame_04"
		},
		"utilitycraft:water_05": {
			"textures": "textures/ui/water_bar/water_frame_05"
		},
		"utilitycraft:water_06": {
			"textures": "textures/ui/water_bar/water_frame_06"
		},
		"utilitycraft:water_07": {
			"textures": "textures/ui/water_bar/water_frame_07"
		},
		"utilitycraft:water_08": {
			"textures": "textures/ui/water_bar/water_frame_08"
		},
		"utilitycraft:water_09": {
			"textures": "textures/ui/water_bar/water_frame_09"
		},
		"utilitycraft:water_10": {
			"textures": "textures/ui/water_bar/water_frame_10"
		},
		"utilitycraft:water_11": {
			"textures": "textures/ui/water_bar/water_frame_11"
		},
		"utilitycraft:water_12": {
			"textures": "textures/ui/water_bar/water_frame_12"
		},
		"utilitycraft:water_13": {
			"textures": "textures/ui/water_bar/water_frame_13"
		},
		"utilitycraft:water_14": {
			"textures": "textures/ui/water_bar/water_frame_14"
		},
		"utilitycraft:water_15": {
			"textures": "textures/ui/water_bar/water_frame_15"
		},
		"utilitycraft:water_16": {
			"textures": "textures/ui/water_bar/water_frame_16"
		},
		"utilitycraft:water_17": {
			"textures": "textures/ui/water_bar/water_frame_17"
		},
		"utilitycraft:water_18": {
			"textures": "textures/ui/water_bar/water_frame_18"
		},
		"utilitycraft:water_19": {
			"textures": "textures/ui/water_bar/water_frame_19"
		},
		"utilitycraft:water_20": {
			"textures": "textures/ui/water_bar/water_frame_20"
		},
		"utilitycraft:water_21": {
			"textures": "textures/ui/water_bar/water_frame_21"
		},
		"utilitycraft:water_22": {
			"textures": "textures/ui/water_bar/water_frame_22"
		},
		"utilitycraft:water_23": {
			"textures": "textures/ui/water_bar/water_frame_23"
		},
		"utilitycraft:water_24": {
			"textures": "textures/ui/water_bar/water_frame_24"
		},
		"utilitycraft:water_25": {
			"textures": "textures/ui/water_bar/water_frame_25"
		},
		"utilitycraft:water_26": {
			"textures": "textures/ui/water_bar/water_frame_26"
		},
		"utilitycraft:water_27": {
			"textures": "textures/ui/water_bar/water_frame_27"
		},
		"utilitycraft:water_28": {
			"textures": "textures/ui/water_bar/water_frame_28"
		},
		"utilitycraft:water_29": {
			"textures": "textures/ui/water_bar/water_frame_29"
		},
		"utilitycraft:water_30": {
			"textures": "textures/ui/water_bar/water_frame_30"
		},
		"utilitycraft:water_31": {
			"textures": "textures/ui/water_bar/water_frame_31"
		},
		"utilitycraft:water_32": {
			"textures": "textures/ui/water_bar/water_frame_32"
		},
		"utilitycraft:water_33": {
			"textures": "textures/ui/water_bar/water_frame_33"
		},
		"utilitycraft:water_34": {
			"textures": "textures/ui/water_bar/water_frame_34"
		},
		"utilitycraft:water_35": {
			"textures": "textures/ui/water_bar/water_frame_35"
		},
		"utilitycraft:water_36": {
			"textures": "textures/ui/water_bar/water_frame_36"
		},
		"utilitycraft:water_37": {
			"textures": "textures/ui/water_bar/water_frame_37"
		},
		"utilitycraft:water_38": {
			"textures": "textures/ui/water_bar/water_frame_38"
		},
		"utilitycraft:water_39": {
			"textures": "textures/ui/water_bar/water_frame_39"
		},
		"utilitycraft:water_40": {
			"textures": "textures/ui/water_bar/water_frame_40"
		},
		"utilitycraft:water_41": {
			"textures": "textures/ui/water_bar/water_frame_41"
		},
		"utilitycraft:water_42": {
			"textures": "textures/ui/water_bar/water_frame_42"
		},
		"utilitycraft:water_43": {
			"textures": "textures/ui/water_bar/water_frame_43"
		},
		"utilitycraft:water_44": {
			"textures": "textures/ui/water_bar/water_frame_44"
		},
		"utilitycraft:water_45": {
			"textures": "textures/ui/water_bar/water_frame_45"
		},
		"utilitycraft:water_46": {
			"textures": "textures/ui/water_bar/water_frame_46"
		},
		"utilitycraft:water_47": {
			"textures": "textures/ui/water_bar/water_frame_47"
		},
		"utilitycraft:water_48": {
			"textures": "textures/ui/water_bar/water_frame_48"
		},
		"utilitycraft:xp_00": {
			"textures": "textures/ui/xp_bar/xp_frame_00"
		},
		"utilitycraft:xp_01": {
			"textures": "textures/ui/xp_bar/xp_frame_01"
		},
		"utilitycraft:xp_02": {
			"textures": "textures/ui/xp_bar/xp_frame_02"
		},
		"utilitycraft:xp_03": {
			"textures": "textures/ui/xp_bar/xp_frame_03"
		},
		"utilitycraft:xp_04": {
			"textures": "textures/ui/xp_bar/xp_frame_04"
		},
		"utilitycraft:xp_05": {
			"textures": "textures/ui/xp_bar/xp_frame_05"
		},
		"utilitycraft:xp_06": {
			"textures": "textures/ui/xp_bar/xp_frame_06"
		},
		"utilitycraft:xp_07": {
			"textures": "textures/ui/xp_bar/xp_frame_07"
		},
		"utilitycraft:xp_08": {
			"textures": "textures/ui/xp_bar/xp_frame_08"
		},
		"utilitycraft:xp_09": {
			"textures": "textures/ui/xp_bar/xp_frame_09"
		},
		"utilitycraft:xp_10": {
			"textures": "textures/ui/xp_bar/xp_frame_10"
		},
		"utilitycraft:xp_11": {
			"textures": "textures/ui/xp_bar/xp_frame_11"
		},
		"utilitycraft:xp_12": {
			"textures": "textures/ui/xp_bar/xp_frame_12"
		},
		"utilitycraft:xp_13": {
			"textures": "textures/ui/xp_bar/xp_frame_13"
		},
		"utilitycraft:xp_14": {
			"textures": "textures/ui/xp_bar/xp_frame_14"
		},
		"utilitycraft:xp_15": {
			"textures": "textures/ui/xp_bar/xp_frame_15"
		},
		"utilitycraft:xp_16": {
			"textures": "textures/ui/xp_bar/xp_frame_16"
		},
		"utilitycraft:xp_17": {
			"textures": "textures/ui/xp_bar/xp_frame_17"
		},
		"utilitycraft:xp_18": {
			"textures": "textures/ui/xp_bar/xp_frame_18"
		},
		"utilitycraft:xp_19": {
			"textures": "textures/ui/xp_bar/xp_frame_19"
		},
		"utilitycraft:xp_20": {
			"textures": "textures/ui/xp_bar/xp_frame_20"
		},
		"utilitycraft:xp_21": {
			"textures": "textures/ui/xp_bar/xp_frame_21"
		},
		"utilitycraft:xp_22": {
			"textures": "textures/ui/xp_bar/xp_frame_22"
		},
		"utilitycraft:xp_23": {
			"textures": "textures/ui/xp_bar/xp_frame_23"
		},
		"utilitycraft:xp_24": {
			"textures": "textures/ui/xp_bar/xp_frame_24"
		},
		"utilitycraft:xp_25": {
			"textures": "textures/ui/xp_bar/xp_frame_25"
		},
		"utilitycraft:xp_26": {
			"textures": "textures/ui/xp_bar/xp_frame_26"
		},
		"utilitycraft:xp_27": {
			"textures": "textures/ui/xp_bar/xp_frame_27"
		},
		"utilitycraft:xp_28": {
			"textures": "textures/ui/xp_bar/xp_frame_28"
		},
		"utilitycraft:xp_29": {
			"textures": "textures/ui/xp_bar/xp_frame_29"
		},
		"utilitycraft:xp_30": {
			"textures": "textures/ui/xp_bar/xp_frame_30"
		},
		"utilitycraft:xp_31": {
			"textures": "textures/ui/xp_bar/xp_frame_31"
		},
		"utilitycraft:xp_32": {
			"textures": "textures/ui/xp_bar/xp_frame_32"
		},
		"utilitycraft:xp_33": {
			"textures": "textures/ui/xp_bar/xp_frame_33"
		},
		"utilitycraft:xp_34": {
			"textures": "textures/ui/xp_bar/xp_frame_34"
		},
		"utilitycraft:xp_35": {
			"textures": "textures/ui/xp_bar/xp_frame_35"
		},
		"utilitycraft:xp_36": {
			"textures": "textures/ui/xp_bar/xp_frame_36"
		},
		"utilitycraft:xp_37": {
			"textures": "textures/ui/xp_bar/xp_frame_37"
		},
		"utilitycraft:xp_38": {
			"textures": "textures/ui/xp_bar/xp_frame_38"
		},
		"utilitycraft:xp_39": {
			"textures": "textures/ui/xp_bar/xp_frame_39"
		},
		"utilitycraft:xp_40": {
			"textures": "textures/ui/xp_bar/xp_frame_40"
		},
		"utilitycraft:xp_41": {
			"textures": "textures/ui/xp_bar/xp_frame_41"
		},
		"utilitycraft:xp_42": {
			"textures": "textures/ui/xp_bar/xp_frame_42"
		},
		"utilitycraft:xp_43": {
			"textures": "textures/ui/xp_bar/xp_frame_43"
		},
		"utilitycraft:xp_44": {
			"textures": "textures/ui/xp_bar/xp_frame_44"
		},
		"utilitycraft:xp_45": {
			"textures": "textures/ui/xp_bar/xp_frame_45"
		},
		"utilitycraft:xp_46": {
			"textures": "textures/ui/xp_bar/xp_frame_46"
		},
		"utilitycraft:xp_47": {
			"textures": "textures/ui/xp_bar/xp_frame_47"
		},
		"utilitycraft:xp_48": {
			"textures": "textures/ui/xp_bar/xp_frame_48"
		},
		"utilitycraft:milk_00": {
			"textures": "textures/ui/milk_bar/milk_frame_00"
		},
		"utilitycraft:milk_01": {
			"textures": "textures/ui/milk_bar/milk_frame_01"
		},
		"utilitycraft:milk_02": {
			"textures": "textures/ui/milk_bar/milk_frame_02"
		},
		"utilitycraft:milk_03": {
			"textures": "textures/ui/milk_bar/milk_frame_03"
		},
		"utilitycraft:milk_04": {
			"textures": "textures/ui/milk_bar/milk_frame_04"
		},
		"utilitycraft:milk_05": {
			"textures": "textures/ui/milk_bar/milk_frame_05"
		},
		"utilitycraft:milk_06": {
			"textures": "textures/ui/milk_bar/milk_frame_06"
		},
		"utilitycraft:milk_07": {
			"textures": "textures/ui/milk_bar/milk_frame_07"
		},
		"utilitycraft:milk_08": {
			"textures": "textures/ui/milk_bar/milk_frame_08"
		},
		"utilitycraft:milk_09": {
			"textures": "textures/ui/milk_bar/milk_frame_09"
		},
		"utilitycraft:milk_10": {
			"textures": "textures/ui/milk_bar/milk_frame_10"
		},
		"utilitycraft:milk_11": {
			"textures": "textures/ui/milk_bar/milk_frame_11"
		},
		"utilitycraft:milk_12": {
			"textures": "textures/ui/milk_bar/milk_frame_12"
		},
		"utilitycraft:milk_13": {
			"textures": "textures/ui/milk_bar/milk_frame_13"
		},
		"utilitycraft:milk_14": {
			"textures": "textures/ui/milk_bar/milk_frame_14"
		},
		"utilitycraft:milk_15": {
			"textures": "textures/ui/milk_bar/milk_frame_15"
		},
		"utilitycraft:milk_16": {
			"textures": "textures/ui/milk_bar/milk_frame_16"
		},
		"utilitycraft:milk_17": {
			"textures": "textures/ui/milk_bar/milk_frame_17"
		},
		"utilitycraft:milk_18": {
			"textures": "textures/ui/milk_bar/milk_frame_18"
		},
		"utilitycraft:milk_19": {
			"textures": "textures/ui/milk_bar/milk_frame_19"
		},
		"utilitycraft:milk_20": {
			"textures": "textures/ui/milk_bar/milk_frame_20"
		},
		"utilitycraft:milk_21": {
			"textures": "textures/ui/milk_bar/milk_frame_21"
		},
		"utilitycraft:milk_22": {
			"textures": "textures/ui/milk_bar/milk_frame_22"
		},
		"utilitycraft:milk_23": {
			"textures": "textures/ui/milk_bar/milk_frame_23"
		},
		"utilitycraft:milk_24": {
			"textures": "textures/ui/milk_bar/milk_frame_24"
		},
		"utilitycraft:milk_25": {
			"textures": "textures/ui/milk_bar/milk_frame_25"
		},
		"utilitycraft:milk_26": {
			"textures": "textures/ui/milk_bar/milk_frame_26"
		},
		"utilitycraft:milk_27": {
			"textures": "textures/ui/milk_bar/milk_frame_27"
		},
		"utilitycraft:milk_28": {
			"textures": "textures/ui/milk_bar/milk_frame_28"
		},
		"utilitycraft:milk_29": {
			"textures": "textures/ui/milk_bar/milk_frame_29"
		},
		"utilitycraft:milk_30": {
			"textures": "textures/ui/milk_bar/milk_frame_30"
		},
		"utilitycraft:milk_31": {
			"textures": "textures/ui/milk_bar/milk_frame_31"
		},
		"utilitycraft:milk_32": {
			"textures": "textures/ui/milk_bar/milk_frame_32"
		},
		"utilitycraft:milk_33": {
			"textures": "textures/ui/milk_bar/milk_frame_33"
		},
		"utilitycraft:milk_34": {
			"textures": "textures/ui/milk_bar/milk_frame_34"
		},
		"utilitycraft:milk_35": {
			"textures": "textures/ui/milk_bar/milk_frame_35"
		},
		"utilitycraft:milk_36": {
			"textures": "textures/ui/milk_bar/milk_frame_36"
		},
		"utilitycraft:milk_37": {
			"textures": "textures/ui/milk_bar/milk_frame_37"
		},
		"utilitycraft:milk_38": {
			"textures": "textures/ui/milk_bar/milk_frame_38"
		},
		"utilitycraft:milk_39": {
			"textures": "textures/ui/milk_bar/milk_frame_39"
		},
		"utilitycraft:milk_40": {
			"textures": "textures/ui/milk_bar/milk_frame_40"
		},
		"utilitycraft:milk_41": {
			"textures": "textures/ui/milk_bar/milk_frame_41"
		},
		"utilitycraft:milk_42": {
			"textures": "textures/ui/milk_bar/milk_frame_42"
		},
		"utilitycraft:milk_43": {
			"textures": "textures/ui/milk_bar/milk_frame_43"
		},
		"utilitycraft:milk_44": {
			"textures": "textures/ui/milk_bar/milk_frame_44"
		},
		"utilitycraft:milk_45": {
			"textures": "textures/ui/milk_bar/milk_frame_45"
		},
		"utilitycraft:milk_46": {
			"textures": "textures/ui/milk_bar/milk_frame_46"
		},
		"utilitycraft:milk_47": {
			"textures": "textures/ui/milk_bar/milk_frame_47"
		},
		"utilitycraft:milk_48": {
			"textures": "textures/ui/milk_bar/milk_frame_48"
		},
		"utilitycraft_fuel_bar_0": {
			"textures": "textures/items/progress_bars/flame_0"
		},
		"utilitycraft_fuel_bar_1": {
			"textures": "textures/items/progress_bars/flame_1"
		},
		"utilitycraft_fuel_bar_2": {
			"textures": "textures/items/progress_bars/flame_2"
		},
		"utilitycraft_fuel_bar_3": {
			"textures": "textures/items/progress_bars/flame_3"
		},
		"utilitycraft_fuel_bar_4": {
			"textures": "textures/items/progress_bars/flame_4"
		},
		"utilitycraft_fuel_bar_5": {
			"textures": "textures/items/progress_bars/flame_5"
		},
		"utilitycraft_fuel_bar_6": {
			"textures": "textures/items/progress_bars/flame_6"
		},
		"utilitycraft_fuel_bar_7": {
			"textures": "textures/items/progress_bars/flame_7"
		},
		"utilitycraft_fuel_bar_8": {
			"textures": "textures/items/progress_bars/flame_8"
		},
		"utilitycraft_fuel_bar_9": {
			"textures": "textures/items/progress_bars/flame_9"
		},
		"utilitycraft_fuel_bar_10": {
			"textures": "textures/items/progress_bars/flame_10"
		},
		"utilitycraft_fuel_bar_11": {
			"textures": "textures/items/progress_bars/flame_11"
		},
		"utilitycraft_fuel_bar_12": {
			"textures": "textures/items/progress_bars/flame_12"
		},
		"utilitycraft_fuel_bar_13": {
			"textures": "textures/items/progress_bars/flame_13"
		},
		"utilitycraft_fuel_bar_14": {
			"textures": "textures/items/progress_bars/fuel_bar_14"
		},
		"utilitycraft_fuel_bar_15": {
			"textures": "textures/items/progress_bars/fuel_bar_15"
		},
		"utilitycraft_fuel_bar_16": {
			"textures": "textures/items/progress_bars/fuel_bar_16"
		},
		"utilitycraft_lava_bar_0": {
			"textures": "textures/items/progress_bars/lava_bar_0"
		},
		"utilitycraft_lava_bar_1": {
			"textures": "textures/items/progress_bars/lava_bar_1"
		},
		"utilitycraft_lava_bar_2": {
			"textures": "textures/items/progress_bars/lava_bar_2"
		},
		"utilitycraft_lava_bar_3": {
			"textures": "textures/items/progress_bars/lava_bar_3"
		},
		"utilitycraft_lava_bar_4": {
			"textures": "textures/items/progress_bars/lava_bar_4"
		},
		"utilitycraft_lava_bar_5": {
			"textures": "textures/items/progress_bars/lava_bar_5"
		},
		"utilitycraft_lava_bar_6": {
			"textures": "textures/items/progress_bars/lava_bar_6"
		},
		"utilitycraft_lava_bar_7": {
			"textures": "textures/items/progress_bars/lava_bar_7"
		},
		"utilitycraft_lava_bar_8": {
			"textures": "textures/items/progress_bars/lava_bar_8"
		},
		"utilitycraft_lava_bar_9": {
			"textures": "textures/items/progress_bars/lava_bar_9"
		},
		"utilitycraft_lava_bar_10": {
			"textures": "textures/items/progress_bars/lava_bar_10"
		},
		"utilitycraft_lava_bar_11": {
			"textures": "textures/items/progress_bars/lava_bar_11"
		},
		"utilitycraft_lava_bar_12": {
			"textures": "textures/items/progress_bars/lava_bar_12"
		},
		"utilitycraft_lava_bar_13": {
			"textures": "textures/items/progress_bars/lava_bar_13"
		},
		"utilitycraft_lava_bar_14": {
			"textures": "textures/items/progress_bars/lava_bar_14"
		},
		"utilitycraft_lava_bar_15": {
			"textures": "textures/items/progress_bars/lava_bar_15"
		},
		"utilitycraft_lava_bar_16": {
			"textures": "textures/items/progress_bars/lava_bar_16"
		},
		"utilitycraft_arrow_indicator": {
			"textures": "textures/items/progress_bars/arrow_indicator"
		},
		"utilitycraft_water_bar_0": {
			"textures": "textures/items/progress_bars/water_bar_0"
		},
		"utilitycraft_water_bar_1": {
			"textures": "textures/items/progress_bars/water_bar_1"
		},
		"utilitycraft_water_bar_2": {
			"textures": "textures/items/progress_bars/water_bar_2"
		},
		"utilitycraft_water_bar_3": {
			"textures": "textures/items/progress_bars/water_bar_3"
		},
		"utilitycraft_water_bar_4": {
			"textures": "textures/items/progress_bars/water_bar_4"
		},
		"utilitycraft_water_bar_5": {
			"textures": "textures/items/progress_bars/water_bar_5"
		},
		"utilitycraft_water_bar_6": {
			"textures": "textures/items/progress_bars/water_bar_6"
		},
		"utilitycraft_water_bar_7": {
			"textures": "textures/items/progress_bars/water_bar_7"
		},
		"utilitycraft_water_bar_8": {
			"textures": "textures/items/progress_bars/water_bar_8"
		},
		"utilitycraft_water_bar_9": {
			"textures": "textures/items/progress_bars/water_bar_9"
		},
		"utilitycraft_water_bar_10": {
			"textures": "textures/items/progress_bars/water_bar_10"
		},
		"utilitycraft_water_bar_11": {
			"textures": "textures/items/progress_bars/water_bar_11"
		},
		"utilitycraft_water_bar_12": {
			"textures": "textures/items/progress_bars/water_bar_12"
		},
		"utilitycraft_water_bar_13": {
			"textures": "textures/items/progress_bars/water_bar_13"
		},
		"utilitycraft_water_bar_14": {
			"textures": "textures/items/progress_bars/water_bar_14"
		},
		"utilitycraft_water_bar_15": {
			"textures": "textures/items/progress_bars/water_bar_15"
		},
		"utilitycraft_water_bar_16": {
			"textures": "textures/items/progress_bars/water_bar_16"
		},
		"utilitycraft_arrow_right_0": {
			"textures": "textures/items/progress_bars/arrow_right_0"
		},
		"utilitycraft_arrow_right_1": {
			"textures": "textures/items/progress_bars/arrow_right_1"
		},
		"utilitycraft_arrow_right_2": {
			"textures": "textures/items/progress_bars/arrow_right_2"
		},
		"utilitycraft_arrow_right_3": {
			"textures": "textures/items/progress_bars/arrow_right_3"
		},
		"utilitycraft_arrow_right_4": {
			"textures": "textures/items/progress_bars/arrow_right_4"
		},
		"utilitycraft_arrow_right_5": {
			"textures": "textures/items/progress_bars/arrow_right_5"
		},
		"utilitycraft_arrow_right_6": {
			"textures": "textures/items/progress_bars/arrow_right_6"
		},
		"utilitycraft_arrow_right_7": {
			"textures": "textures/items/progress_bars/arrow_right_7"
		},
		"utilitycraft_arrow_right_8": {
			"textures": "textures/items/progress_bars/arrow_right_8"
		},
		"utilitycraft_arrow_right_9": {
			"textures": "textures/items/progress_bars/arrow_right_9"
		},
		"utilitycraft_arrow_right_10": {
			"textures": "textures/items/progress_bars/arrow_right_10"
		},
		"utilitycraft_arrow_right_11": {
			"textures": "textures/items/progress_bars/arrow_right_11"
		},
		"utilitycraft_arrow_right_12": {
			"textures": "textures/items/progress_bars/arrow_right_12"
		},
		"utilitycraft_arrow_right_13": {
			"textures": "textures/items/progress_bars/arrow_right_13"
		},
		"utilitycraft_arrow_right_14": {
			"textures": "textures/items/progress_bars/arrow_right_14"
		},
		"utilitycraft_arrow_right_15": {
			"textures": "textures/items/progress_bars/arrow_right_15"
		},
		"utilitycraft_arrow_right_16": {
			"textures": "textures/items/progress_bars/arrow_right_16"
		},
		"utilitycraft_arrow_right_17": {
			"textures": "textures/ui/progress_bar/arrow_right_17"
		},
		"utilitycraft_arrow_right_18": {
			"textures": "textures/ui/progress_bar/arrow_right_18"
		},
		"utilitycraft_arrow_right_19": {
			"textures": "textures/ui/progress_bar/arrow_right_19"
		},
		"utilitycraft_arrow_right_20": {
			"textures": "textures/ui/progress_bar/arrow_right_20"
		},
		"utilitycraft_arrow_right_21": {
			"textures": "textures/ui/progress_bar/arrow_right_21"
		},
		"utilitycraft_arrow_right_22": {
			"textures": "textures/ui/progress_bar/arrow_right_22"
		},
		"utilitycraft_way_chip": {
			"textures": "textures/items/machinery/Way_Chip_Anchored_V2"
		},
		"utilitycraft_amethyst_dust": {
			"textures": "textures/items/dusts/amethyst_dust"
		},
		"utilitycraft_diamond_dust": {
			"textures": "textures/items/dusts/diamond_dust"
		},
		"utilitycraft_emerald_dust": {
			"textures": "textures/items/dusts/emerald_dust"
		},
		"utilitycraft_obsidian_dust": {
			"textures": "textures/items/dusts/obsidian_dust"
		},
		"utilitycraft_quartz_dust": {
			"textures": "textures/items/dusts/quartz_dust"
		},
		"utilitycraft_copper_dust": {
			"textures": "textures/items/dusts/copper_dust"
		},
		"utilitycraft_gold_dust": {
			"textures": "textures/items/dusts/gold_dust"
		},
		"utilitycraft_iron_dust": {
			"textures": "textures/items/dusts/iron_dust"
		},
		"utilitycraft_netherite_dust": {
			"textures": "textures/items/dusts/netherite_dust"
		},
		"utilitycraft_netherite_scrap_dust": {
			"textures": "textures/items/dusts/netherite_scrap_dust"
		},
		"utilitycraft_charcoal_dust": {
			"textures": "textures/items/dusts/charcoal_dust"
		},
		"utilitycraft_coal_dust": {
			"textures": "textures/items/dusts/coal_dust"
		},
		"utilitycraft_crying_obsidian_dust": {
			"textures": "textures/items/dusts/crying_obsidian_dust"
		},
		"utilitycraft_refined_obsidian_dust": {
			"textures": "textures/items/dusts/refined_obsidian_dust"
		},
		"utilitycraft_filter_upgrade": {
			"textures": "textures/items/machinery/filter_upgrade"
		},
		"utilitycraft_raw_copper_dust": {
			"textures": "textures/items/dusts/raw_copper_dust"
		},
		"utilitycraft_raw_gold_dust": {
			"textures": "textures/items/dusts/raw_gold_dust"
		},
		"utilitycraft_raw_iron_dust": {
			"textures": "textures/items/dusts/raw_iron_dust"
		},
		"utilitycraft_chip": {
			"textures": "textures/items/machinery/chip"
		},
		"utilitycraft_basic_chip": {
			"textures": "textures/items/machinery/basic_chip"
		},
		"utilitycraft_advanced_chip": {
			"textures": "textures/items/machinery/advanced_chip"
		},
		"utilitycraft_expert_chip": {
			"textures": "textures/items/machinery/expert_chip"
		},
		"utilitycraft_ultimate_chip": {
			"textures": "textures/items/machinery/ultimate_chip"
		},
		"utilitycraft_energized_iron_ingot": {
			"textures": "textures/items/ores/energized_iron_ingot"
		},
		"utilitycraft_energized_iron_dust": {
			"textures": "textures/items/dusts/energized_iron_dust"
		},
		"utilitycraft_energized_iron_nugget": {
			"textures": "textures/items/ores/energized_iron_nugget"
		},
		"utilitycraft_energized_iron_plate": {
			"textures": "textures/items/plates/energized_iron_plate"
		},
		"utilitycraft_raw_energized_iron": {
			"textures": "textures/items/ores/brute_energized_iron"
		},
		"utilitycraft_energized_iron_block": {
			"textures": "textures/blocks/Block_of_energized_iron"
		},
		"utilitycraft_copper_plate": {
			"textures": "textures/items/plates/copper_plate"
		},
		"utilitycraft_gold_plate": {
			"textures": "textures/items/plates/gold_plate"
		},
		"utilitycraft_iron_plate": {
			"textures": "textures/items/plates/iron_plate"
		},
		"utilitycraft_netherite_nugget": {
			"textures": "textures/items/ores/netherite_nugget"
		},
		"utilitycraft_netherite_plate": {
			"textures": "textures/items/plates/netherite_plate"
		},
		"utilitycraft_arrow_indicator_90": {
			"textures": "textures/items/misc/arrow_indicator_90"
		},
		"utilitycraft_ender_pearl_dust": {
			"textures": "textures/items/dusts/ender_pearl_dust"
		},
		"utilitycraft_emerald_mesh": {
			"textures": "textures/items/meshes/emerald_mesh"
		},
		"utilitycraft_fint_mesh": {
			"textures": "textures/items/meshes/flint_mesh"
		},
		"utilitycraft_golden_mesh": {
			"textures": "textures/items/meshes/golden_mesh"
		},
		"utilitycraft_ancient_debris_chunk": {
			"textures": "textures/items/pebbles/ancient_debris_chunk"
		},
		"utilitycraft_andesite_pebble": {
			"textures": "textures/items/pebbles/andresite_pebble"
		},
		"utilitycraft_basalt_pebble": {
			"textures": "textures/items/pebbles/basalt_pebble"
		},
		"utilitycraft_blackstone_pebble": {
			"textures": "textures/items/pebbles/blackstone_pebble"
		},
		"utilitycraft_crushed_netherrack_handful": {
			"textures": "textures/items/pebbles/crushed_netherrack_handful"
		},
		"utilitycraft_calcite_pebble": {
			"textures": "textures/items/pebbles/calcite_pebble"
		},
		"utilitycraft_coal_chunk": {
			"textures": "textures/items/pebbles/coal_chunk"
		},
		"utilitycraft_copper_chunk": {
			"textures": "textures/items/pebbles/copper_chunk"
		},
		"utilitycraft_crushed_deepslate_handful": {
			"textures": "textures/items/pebbles/crushed_deepslate_handful"
		},
		"utilitycraft_crushed_endstone_handful": {
			"textures": "textures/items/pebbles/crushed_endstone_handful"
		},
		"utilitycraft_deepslate_coal_chunk": {
			"textures": "textures/items/pebbles/deepslate_coal_chunk"
		},
		"utilitycraft_deepslate_diamond_chunk": {
			"textures": "textures/items/pebbles/deepslate_diamond_chunk"
		},
		"utilitycraft_deepslate_emerald_chunk": {
			"textures": "textures/items/pebbles/Deepslate_emerald_chunk"
		},
		"utilitycraft_deepslate_gold_chunk": {
			"textures": "textures/items/pebbles/deepslate_gold_chunk"
		},
		"utilitycraft_deepslate_iron_chunk": {
			"textures": "textures/items/pebbles/deepslate_iron_chunk"
		},
		"utilitycraft_deepslate_lapislazuli_chunk": {
			"textures": "textures/items/pebbles/deepslate_lapislazuli_chunk"
		},
		"utilitycraft_deepslate_pebble": {
			"textures": "textures/items/pebbles/deepslate_pebble"
		},
		"utilitycraft_deepslate_redstone_chunk": {
			"textures": "textures/items/pebbles/deepslate_redstone_chunk"
		},
		"utilitycraft_diamond_chunk": {
			"textures": "textures/items/pebbles/diamond_chunk"
		},
		"utilitycraft_diamond_shard": {
			"textures": "textures/items/pebbles/diamond_shard"
		},
		"utilitycraft_diorite_pebble": {
			"textures": "textures/items/pebbles/diorite_pebble"
		},
		"utilitycraft_dirt_handful": {
			"textures": "textures/items/pebbles/dirt_handful"
		},
		"utilitycraft_dripstone_pebble": {
			"textures": "textures/items/pebbles/dripstone_pebble"
		},
		"utilitycraft_emerald_chunk": {
			"textures": "textures/items/pebbles/emerald_chunk"
		},
		"utilitycraft_emerald_shard": {
			"textures": "textures/items/pebbles/emerald_shard"
		},
		"utilitycraft_endstone_pebble": {
			"textures": "textures/items/pebbles/Endstone_pebble"
		},
		"utilitycraft_geode": {
			"textures": "textures/items/pebbles/geode"
		},
		"utilitycraft_gilded_blackstone_pebble": {
			"textures": "textures/items/pebbles/gilded_blackstone_pebble"
		},
		"utilitycraft_gold_chunk": {
			"textures": "textures/items/pebbles/gold_chunk"
		},
		"utilitycraft_granite_pebble": {
			"textures": "textures/items/pebbles/granite_pebble"
		},
		"utilitycraft_gravel_fragments": {
			"textures": "textures/items/pebbles/gravel_fragments"
		},
		"utilitycraft_iron_chunk": {
			"textures": "textures/items/pebbles/iron_chunk"
		},
		"utilitycraft_lapislazuli_chunk": {
			"textures": "textures/items/pebbles/lapislazuli_chunk"
		},
		"utilitycraft_mud_ball": {
			"textures": "textures/items/pebbles/mud_ball"
		},
		"utilitycraft_nether_gold_chunk": {
			"textures": "textures/items/pebbles/nether_gold_chunk"
		},
		"utilitycraft_nether_quartz_chunk": {
			"textures": "textures/items/pebbles/nether_quartz_chunk"
		},
		"utilitycraft_nether_star_fragment": {
			"textures": "textures/items/pebbles/Nether_star_fragment"
		},
		"utilitycraft_netherrack_pebble": {
			"textures": "textures/items/pebbles/Netherrack_pebble"
		},
		"utilitycraft_red_sand_handful": {
			"textures": "textures/items/pebbles/red_sand_handful"
		},
		"utilitycraft_redstone_chunk": {
			"textures": "textures/items/pebbles/redstone_chunk"
		},
		"utilitycraft_sand_handful": {
			"textures": "textures/items/pebbles/sand_handful"
		},
		"utilitycraft_shulker_shell_shard": {
			"textures": "textures/items/pebbles/shulker_shell_shard"
		},
		"utilitycraft_souls_handful": {
			"textures": "textures/items/pebbles/souls_handful"
		},
		"utilitycraft_stone_pebble": {
			"textures": "textures/items/pebbles/stone_pebble"
		},
		"utilitycraft_totem_shard": {
			"textures": "textures/items/pebbles/totem_shard"
		},
		"utilitycraft_tuff_pebble": {
			"textures": "textures/items/pebbles/tuff_pebble"
		},
		"utilitycraft_wither_skull_shard": {
			"textures": "textures/items/pebbles/wither_skull_shard"
		},
		"utilitycraft_flint_knife": {
			"textures": "textures/items/tools/flint_knife"
		},
		"utilitycraft_fiber": {
			"textures": "textures/items/misc/fiber"
		},
		"utilitycraft_mortar": {
			"textures": "textures/items/tools/morter"
		},
		"utilitycraft_blueprint_paper": {
			"textures": "textures/items/machinery/blueprint_paper"
		},
		"utilitycraft_blueprint": {
			"textures": "textures/items/machinery/blueprint_used"
		},
		"utilitycraft_crushed_kelp": {
			"textures": "textures/items/misc/crushed_kelp"
		},
		"utilitycraft_copper_mesh": {
			"textures": "textures/items/meshes/copper_mesh"
		},
		"utilitycraft_bag_of_beetroot_seeds": {
			"textures": "textures/items/compressed_items/bag_of_beetroot_seeds"
		},
		"utilitycraft_bag_of_black_dye": {
			"textures": "textures/items/compressed_items/bag_of_black_dye"
		},
		"utilitycraft_bag_of_blaze_powder": {
			"textures": "textures/items/compressed_items/bag_of_blaze_powder"
		},
		"utilitycraft_bag_of_blue_dye": {
			"textures": "textures/items/compressed_items/bag_of_blue_dye"
		},
		"utilitycraft_bag_of_brown_dye": {
			"textures": "textures/items/compressed_items/bag_of_brown_dye"
		},
		"utilitycraft_bag_of_cocoa_beans": {
			"textures": "textures/items/compressed_items/bag_of_cocoa_beans"
		},
		"utilitycraft_bag_of_cyan_dye": {
			"textures": "textures/items/compressed_items/bag_of_cyan_dye"
		},
		"utilitycraft_bag_of_feathers": {
			"textures": "textures/items/compressed_items/bag_of_feathers"
		},
		"utilitycraft_bag_of_magenta_dye": {
			"textures": "textures/items/compressed_items/bag_of_magenta_dye"
		},
		"utilitycraft_bag_of_glowstone_dust": {
			"textures": "textures/items/compressed_items/bag_of_glowstone_dust"
		},
		"utilitycraft_bag_of_gray_dye": {
			"textures": "textures/items/compressed_items/bag_of_gray_dye"
		},
		"utilitycraft_bag_of_green_dye": {
			"textures": "textures/items/compressed_items/bag_of_green_dye"
		},
		"utilitycraft_bag_of_gunpowder": {
			"textures": "textures/items/compressed_items/bag_of_gunpowder"
		},
		"utilitycraft_bag_of_light_blue_dye": {
			"textures": "textures/items/compressed_items/bag_of_light_blue_dye"
		},
		"utilitycraft_bag_of_light_gray_dye": {
			"textures": "textures/items/compressed_items/bag_of_light_gray_dye"
		},
		"utilitycraft_bag_of_lime_dye": {
			"textures": "textures/items/compressed_items/bag_of_lime_dye"
		},
		"utilitycraft_bag_of_orange_dye": {
			"textures": "textures/items/compressed_items/bag_of_orange_dye"
		},
		"utilitycraft_bag_of_pink_dye": {
			"textures": "textures/items/compressed_items/bag_of_pink_dye"
		},
		"utilitycraft_bag_of_pitcher_pod": {
			"textures": "textures/items/compressed_items/bag_of_pitcher_pod"
		},
		"utilitycraft_bag_of_pumpkin_seeds": {
			"textures": "textures/items/compressed_items/bag_of_pumpkin_seeds"
		},
		"utilitycraft_bag_of_purple_dye": {
			"textures": "textures/items/compressed_items/bag_of_purple_dye"
		},
		"utilitycraft_bag_of_red_dye": {
			"textures": "textures/items/compressed_items/bag_of_red_dye"
		},
		"utilitycraft_bag_of_sugar": {
			"textures": "textures/items/compressed_items/bag_of_sugar"
		},
		"utilitycraft_bag_of_torchflower_seeds": {
			"textures": "textures/items/compressed_items/bag_of_torchflower_seeds"
		},
		"utilitycraft_bag_of_melon_seeds": {
			"textures": "textures/items/compressed_items/bag_of_melon_seeds"
		},
		"utilitycraft_bag_of_wheat_seeds": {
			"textures": "textures/items/compressed_items/bag_of_wheat_seeds"
		},
		"utilitycraft_bag_of_white_dye": {
			"textures": "textures/items/compressed_items/bag_of_white_dye"
		},
		"utilitycraft_bag_of_yellow_dye": {
			"textures": "textures/items/compressed_items/bag_of_yellow_dye"
		},
		"utilitycraft_bundle_of_blaze_rods": {
			"textures": "textures/items/compressed_items/bundle_of_blaze_rods"
		},
		"utilitycraft_bundle_of_breeze_rods": {
			"textures": "textures/items/compressed_items/bundle_of_breeze_rods"
		},
		"utilitycraft_bundle_of_sticks": {
			"textures": "textures/items/compressed_items/bundle_of_sticks"
		},
		"utilitycraft_jar_of_cookies": {
			"textures": "textures/items/compressed_items/jar_of_cookies"
		},
		"utilitycraft_jar_of_ghast_tears": {
			"textures": "textures/items/compressed_items/jar_of_ghast_tears"
		},
		"utilitycraft_jar_of_glow_ink": {
			"textures": "textures/items/compressed_items/jar_of_glow_ink"
		},
		"utilitycraft_jar_of_ink": {
			"textures": "textures/items/compressed_items/jar_of_ink"
		},
		"utilitycraft_ream_of_paper": {
			"textures": "textures/items/compressed_items/ream_of_paper"
		},
		"utilitycraft_spool_of_strings": {
			"textures": "textures/items/compressed_items/spool_of_strings"
		},
		"utilitycraft_vase_of_fermented_spider_eyes": {
			"textures": "textures/items/compressed_items/vase_of_fermented_spider_eyes"
		},
		"utilitycraft_vase_of_spider_eye": {
			"textures": "textures/items/compressed_items/vase_of_spider_eye"
		}
	}
}