{
	"num_mip_levels": 4,
	"padding": 8,
	"resource_pack_name": "UtilityCraft 3.0",
	"texture_name": "atlas.terrain",
	"texture_data": {
		"utilitycraft_wood_sieve": {
			"textures": "textures/blocks/sieve/wood_sieve"
		},
		"utilitycraft_wood_sieve_meshes": {
			"textures": "textures/blocks/sieve/sieve_meshes"
		},
		"utilitycraft_empty": {
			"textures": "textures/blocks/sieve/empty"
		},
		"utilitycraft_lucky_pickaxe_item": {
			"textures": "textures/blocks/Lucky Pickaxe"
		},
		"utilitycraft_cobble_gen_copper": {
			"textures": "textures/blocks/cobblestone_generators/cobble_gen_copper"
		},
		"utilitycraft_cobble_gen_iron": {
			"textures": "textures/blocks/cobblestone_generators/cobble_gen"
		},
		"utilitycraft_cobble_gen_gold": {
			"textures": "textures/blocks/cobblestone_generators/cobble_gen_gold"
		},
		"utilitycraft_cobble_gen_emerald": {
			"textures": "textures/blocks/cobblestone_generators/cobble_gen_emerald"
		},
		"utilitycraft_cobble_gen_diamond": {
			"textures": "textures/blocks/cobblestone_generators/cobble_gen_diamond"
		},
		"utilitycraft_cobble_gen_netherite": {
			"textures": "textures/blocks/cobblestone_generators/cobble_gen_netherite"
		},
		"utilitycraft_elevator": {
			"textures": "textures/blocks/elevator"
		},
		"utilitycraft_blank_bonsai": {
			"textures": "textures/blocks/bonsais/bonsai"
		},
		"utilitycraft_asphalt": {
			"textures": "textures/blocks/asphalt"
		},
		"utilitycraft_drill_place": {
			"textures": "textures/blocks/Drill"
		},
		"utilitycraft_chunk_loader": {
			"textures": "textures/blocks/cobblestone_generators/chunk_loader"
		},
		"utilitycraft_block_breaker": {
			"textures": "textures/blocks/block_breaker/block_breaker"
		},
		"utilitycraft_block_breaker_speed1": {
			"textures": "textures/blocks/block_breaker/block_breaker_speed1"
		},
		"utilitycraft_block_breaker_speed2": {
			"textures": "textures/blocks/block_breaker/block_breaker_speed2"
		},
		"utilitycraft_block_breaker_speed3": {
			"textures": "textures/blocks/block_breaker/block_breaker_speed3"
		},
		"utilitycraft_block_breaker_speed4": {
			"textures": "textures/blocks/block_breaker/block_breaker_speed4"
		},
		"utilitycraft_sieve": {
			"textures": "textures/blocks/sieve"
		},
		"utilitycraft_sieve_string": {
			"textures": "textures/blocks/sieve_string"
		},
		"utilitycraft_sieve_iron": {
			"textures": "textures/blocks/sieve_iron"
		},
		"utilitycraft_sieve_diamond": {
			"textures": "textures/blocks/sieve_diamond"
		},
		"utilitycraft_sieve_netherite": {
			"textures": "textures/blocks/sieve_netherite"
		},
		"utilitycraft_crushed_netherrack": {
			"textures": "textures/blocks/crushed_netherrack"
		},
		"utilitycraft_utility_table": {
			"textures": "textures/blocks/utility_table"
		},
		"utilitycraft_conveyor_1": {
			"textures": "textures/blocks/conveyor_1"
		},
		"utilitycraft_conveyor_inclined": {
			"textures": "textures/blocks/conveyor_inclined"
		},
		"utilitycraft_conveyor_inclined_2": {
			"textures": "textures/blocks/conveyor_inclined"
		},
		"utilitycraft_xp_magnet": {
			"textures": "textures/blocks/xp_magnet"
		},
		"utilitycraft_xp_magnet_off": {
			"textures": "textures/blocks/xp_magnet_off"
		},
		"utilitycraft_fan_front_still": {
			"textures": "textures/blocks/fan/fan_front_still"
		},
		"utilitycraft_fan": {
			"textures": "textures/blocks/fan/fan"
		},
		"utilitycraft_fan_range1": {
			"textures": "textures/blocks/fan/fan_range1"
		},
		"utilitycraft_fan_range2": {
			"textures": "textures/blocks/fan/fan_range2"
		},
		"utilitycraft_fan_range3": {
			"textures": "textures/blocks/fan/fan_range3"
		},
		"utilitycraft_fan_range4": {
			"textures": "textures/blocks/fan/fan_range4"
		},
		"utilitycraft_mob_grinder": {
			"textures": "textures/blocks/mob_grinder"
		},
		"utilitycraft_mob_grinder_aspas": {
			"textures": "textures/blocks/mob_grinding_aspas"
		},
		"utilitycraft_mob_grinder_aspas_still": {
			"textures": "textures/blocks/mob_grinding_aspas_still"
		},
		"utilitycraft_mob_trap": {
			"textures": "textures/blocks/mob_trap_1"
		},
		"utilitycraft_mob_trap_2": {
			"textures": "textures/blocks/mob_trap_2"
		},
		"utilitycraft_mechanical_spawner_zombie": {
			"textures": "textures/blocks/mech-spawners/mechanical_spawner_zombie"
		},
		"utilitycraft_mechanical_spawner_skeleton": {
			"textures": "textures/blocks/mech-spawners/mechanical_spawner_skeleton"
		},
		"utilitycraft_mechanical_spawner_creeper": {
			"textures": "textures/blocks/mech-spawners/mechanical_spawner_creeper"
		},
		"utilitycraft_mechanical_spawner_spider": {
			"textures": "textures/blocks/mech-spawners/mechanical_spawner_spider"
		},
		"utilitycraft_mechanical_spawner_pig": {
			"textures": "textures/blocks/mech-spawners/mechanical_spawner_pig"
		},
		"utilitycraft_mechanical_spawner_cow": {
			"textures": "textures/blocks/mech-spawners/mechanical_spawner_cow"
		},
		"utilitycraft_mechanical_spawner_slime": {
			"textures": "textures/blocks/mech-spawners/mechanical_spawner_slime"
		},
		"utilitycraft_mechanical_spawner_sheep": {
			"textures": "textures/blocks/mech-spawners/mechanical_spawner_sheep"
		},
		"utilitycraft_mechanical_spawner_blaze": {
			"textures": "textures/blocks/mech-spawners/mechanical_spawner_blaze"
		},
		"utilitycraft_mechanical_spawner_chicken": {
			"textures": "textures/blocks/mech-spawners/mechanical_spawner_chicken"
		},
		"utilitycraft_mechanical_spawner_cmoosh": {
			"textures": "textures/blocks/mech-spawners/mechanical_spawner_cow_mooshroom"
		},
		"utilitycraft_mechanical_spawner_enderman": {
			"textures": "textures/blocks/mech-spawners/mechanical_spawner_enderman"
		},
		"utilitycraft_mechanical_spawner_hoglin": {
			"textures": "textures/blocks/mech-spawners/mechanical_spawner_hoglin"
		},
		"utilitycraft_mechanical_spawner_magma_cube": {
			"textures": "textures/blocks/mech-spawners/mechanical_spawner_magma_cube"
		},
		"utilitycraft_mechanical_spawner_wither_skeleton": {
			"textures": "textures/blocks/mech-spawners/mechanical_spawner_wither_skeleton"
		},
		"utilitycraft_spawner_core": {
			"textures": "textures/blocks/mech-spawners/spawner_core"
		},
		"utilitycraft_mechanical_spawner": {
			"textures": "textures/blocks/mech-spawners/mechanical_spawner"
		},
		"utilitycraft_mechanical_spawner_speed1": {
			"textures": "textures/blocks/mech-spawners/mechanical_spawner_speed1"
		},
		"utilitycraft_mechanical_spawner_speed2": {
			"textures": "textures/blocks/mech-spawners/mechanical_spawner_speed2"
		},
		"utilitycraft_mechanical_spawner_speed3": {
			"textures": "textures/blocks/mech-spawners/mechanical_spawner_speed3"
		},
		"utilitycraft_mechanical_spawner_speed4": {
			"textures": "textures/blocks/mech-spawners/mechanical_spawner_speed4"
		},
		"utilitycraft_mechanical_spawner_quantity1": {
			"textures": "textures/blocks/mech-spawners/mechanical_spawner_quantity1"
		},
		"utilitycraft_mechanical_spawner_quantity2": {
			"textures": "textures/blocks/mech-spawners/mechanical_spawner_quantity2"
		},
		"utilitycraft_mechanical_spawner_quantity3": {
			"textures": "textures/blocks/mech-spawners/mechanical_spawner_quantity3"
		},
		"utilitycraft_mechanical_spawner_quantity4": {
			"textures": "textures/blocks/mech-spawners/mechanical_spawner_quantity4"
		},
		"utilitycraft_mechanical_spawner_speed1_quantity1": {
			"textures": "textures/blocks/mech-spawners/mechanical_spawner_speed1_quantity1"
		},
		"utilitycraft_mechanical_spawner_speed1_quantity2": {
			"textures": "textures/blocks/mech-spawners/mechanical_spawner_speed1_quantity2"
		},
		"utilitycraft_mechanical_spawner_speed1_quantity3": {
			"textures": "textures/blocks/mech-spawners/mechanical_spawner_speed1_quantity3"
		},
		"utilitycraft_mechanical_spawner_speed1_quantity4": {
			"textures": "textures/blocks/mech-spawners/mechanical_spawner_speed1_quantity4"
		},
		"utilitycraft_mechanical_spawner_speed2_quantity1": {
			"textures": "textures/blocks/mech-spawners/mechanical_spawner_speed2_quantity1"
		},
		"utilitycraft_mechanical_spawner_speed2_quantity2": {
			"textures": "textures/blocks/mech-spawners/mechanical_spawner_speed2_quantity2"
		},
		"utilitycraft_mechanical_spawner_speed2_quantity3": {
			"textures": "textures/blocks/mech-spawners/mechanical_spawner_speed2_quantity3"
		},
		"utilitycraft_mechanical_spawner_speed2_quantity4": {
			"textures": "textures/blocks/mech-spawners/mechanical_spawner_speed2_quantity4"
		},
		"utilitycraft_mechanical_spawner_speed3_quantity1": {
			"textures": "textures/blocks/mech-spawners/mechanical_spawner_speed3_quantity1"
		},
		"utilitycraft_mechanical_spawner_speed3_quantity2": {
			"textures": "textures/blocks/mech-spawners/mechanical_spawner_speed3_quantity2"
		},
		"utilitycraft_mechanical_spawner_speed3_quantity3": {
			"textures": "textures/blocks/mech-spawners/mechanical_spawner_speed3_quantity3"
		},
		"utilitycraft_mechanical_spawner_speed3_quantity4": {
			"textures": "textures/blocks/mech-spawners/mechanical_spawner_speed3_quantity4"
		},
		"utilitycraft_mechanical_spawner_speed4_quantity1": {
			"textures": "textures/blocks/mech-spawners/mechanical_spawner_speed4_quantity1"
		},
		"utilitycraft_mechanical_spawner_speed4_quantity2": {
			"textures": "textures/blocks/mech-spawners/mechanical_spawner_speed4_quantity2"
		},
		"utilitycraft_mechanical_spawner_speed4_quantity3": {
			"textures": "textures/blocks/mech-spawners/mechanical_spawner_speed4_quantity3"
		},
		"utilitycraft_mechanical_spawner_speed4_quantity4": {
			"textures": "textures/blocks/mech-spawners/mechanical_spawner_speed4_quantity4"
		},
		"utilitycraft_mechanical_spawner_empty": {
			"textures": "textures/blocks/mech-spawners/mechanical_spawner_empty"
		},
		"utilitycraft_infinite_block_water": {
			"textures": "textures/blocks/infinite_water_block"
		},
		"utilitycraft_crusher": {
			"textures": "textures/blocks/crusher/crusher"
		},
		"utilitycraft_crusher_speed1": {
			"textures": "textures/blocks/crusher/crusher_speed1"
		},
		"utilitycraft_crusher_speed2": {
			"textures": "textures/blocks/crusher/crusher_speed2"
		},
		"utilitycraft_crusher_speed3": {
			"textures": "textures/blocks/crusher/crusher_speed3"
		},
		"utilitycraft_crusher_speed4": {
			"textures": "textures/blocks/crusher/crusher_speed4"
		},
		"utilitycraft_harvester": {
			"textures": "textures/blocks/harvester/harvester"
		},
		"utilitycraft_harvester_range1": {
			"textures": "textures/blocks/harvester/harvester_range1"
		},
		"utilitycraft_harvester_range2": {
			"textures": "textures/blocks/harvester/harvester_range2"
		},
		"utilitycraft_harvester_range3": {
			"textures": "textures/blocks/harvester/harvester_range3"
		},
		"utilitycraft_harvester_range4": {
			"textures": "textures/blocks/harvester/harvester_range4"
		},
		"utilitycraft_harvester_speed1_range1": {
			"textures": "textures/blocks/harvester/harvester_speed1_range1"
		},
		"utilitycraft_harvester_speed1_range2": {
			"textures": "textures/blocks/harvester/harvester_speed1_range2"
		},
		"utilitycraft_harvester_speed1_range3": {
			"textures": "textures/blocks/harvester/harvester_speed1_range3"
		},
		"utilitycraft_harvester_speed1_range4": {
			"textures": "textures/blocks/harvester/harvester_speed1_range4"
		},
		"utilitycraft_harvester_speed1": {
			"textures": "textures/blocks/harvester/harvester_speed1"
		},
		"utilitycraft_harvester_speed2_range1": {
			"textures": "textures/blocks/harvester/harvester_speed2_range1"
		},
		"utilitycraft_harvester_speed2_range2": {
			"textures": "textures/blocks/harvester/harvester_speed2_range2"
		},
		"utilitycraft_harvester_speed2_range3": {
			"textures": "textures/blocks/harvester/harvester_speed2_range3"
		},
		"utilitycraft_harvester_speed2_range4": {
			"textures": "textures/blocks/harvester/harvester_speed2_range4"
		},
		"utilitycraft_harvester_speed2": {
			"textures": "textures/blocks/harvester/harvester_speed2"
		},
		"utilitycraft_harvester_speed3_range1": {
			"textures": "textures/blocks/harvester/harvester_speed3_range1"
		},
		"utilitycraft_harvester_speed3_range2": {
			"textures": "textures/blocks/harvester/harvester_speed3_range2"
		},
		"utilitycraft_harvester_speed3_range3": {
			"textures": "textures/blocks/harvester/harvester_speed3_range3"
		},
		"utilitycraft_harvester_speed3_range4": {
			"textures": "textures/blocks/harvester/harvester_speed3_range4"
		},
		"utilitycraft_harvester_speed3": {
			"textures": "textures/blocks/harvester/harvester_speed3"
		},
		"utilitycraft_harvester_speed4_range1": {
			"textures": "textures/blocks/harvester/harvester_speed4_range1"
		},
		"utilitycraft_harvester_speed4_range2": {
			"textures": "textures/blocks/harvester/harvester_speed4_range2"
		},
		"utilitycraft_harvester_speed4_range3": {
			"textures": "textures/blocks/harvester/harvester_speed4_range3"
		},
		"utilitycraft_harvester_speed4_range4": {
			"textures": "textures/blocks/harvester/harvester_speed4_range4"
		},
		"utilitycraft_harvester_speed4": {
			"textures": "textures/blocks/harvester/harvester_speed4"
		},
		"utilitycraft_autosieve": {
			"textures": "textures/blocks/autosieve/autosieve"
		},
		"utilitycraft_autosieve_speed1": {
			"textures": "textures/blocks/autosieve/autosieve_speed1"
		},
		"utilitycraft_autosieve_speed2": {
			"textures": "textures/blocks/autosieve/autosieve_speed2"
		},
		"utilitycraft_autosieve_speed3": {
			"textures": "textures/blocks/autosieve/autosieve_speed3"
		},
		"utilitycraft_autosieve_speed4": {
			"textures": "textures/blocks/autosieve/autosieve_speed4"
		},
		"utilitycraft_big_torch": {
			"textures": "textures/blocks/big_torch"
		},
		"utilitycraft_flint_block": {
			"textures": "textures/blocks/flint_block"
		},
		"utilitycraft_lantern": {
			"textures": "textures/blocks/utilitycraft_lantern"
		},
		"utilitycraft_workbench": {
			"textures": "textures/blocks/workbench"
		},
		"utilitycraft_base0": {
			"textures": "textures/blocks/bountiful_crops/crops/crop_0"
		},
		"utilitycraft_base1": {
			"textures": "textures/blocks/bountiful_crops/crops/crop_1"
		},
		"utilitycraft_base2": {
			"textures": "textures/blocks/bountiful_crops/crops/crop_2"
		},
		"utilitycraft_base3": {
			"textures": "textures/blocks/bountiful_crops/crops/crop_3"
		},
		"utilitycraft_amethyst_crop0": {
			"textures": "textures/blocks/bountiful_crops/crops/amethystCrop/amethyst_crop_0"
		},
		"utilitycraft_amethyst_crop1": {
			"textures": "textures/blocks/bountiful_crops/crops/amethystCrop/amethyst_crop_1"
		},
		"utilitycraft_blaze_crop0": {
			"textures": "textures/blocks/bountiful_crops/crops/blazeCrop/blaze_crop_0"
		},
		"utilitycraft_blaze_crop1": {
			"textures": "textures/blocks/bountiful_crops/crops/blazeCrop/blaze_crop_1"
		},
		"utilitycraft_coal_crop0": {
			"textures": "textures/blocks/bountiful_crops/crops/coalCrop/coal_crop_0"
		},
		"utilitycraft_coal_crop1": {
			"textures": "textures/blocks/bountiful_crops/crops/coalCrop/coal_crop_1"
		},
		"utilitycraft_copper_crop0": {
			"textures": "textures/blocks/bountiful_crops/crops/copperCrop/copper_crop_0"
		},
		"utilitycraft_copper_crop1": {
			"textures": "textures/blocks/bountiful_crops/crops/copperCrop/copper_crop_1"
		},
		"utilitycraft_diamond_crop0": {
			"textures": "textures/blocks/bountiful_crops/crops/diamondCrop/diamond_crop_0"
		},
		"utilitycraft_diamond_crop1": {
			"textures": "textures/blocks/bountiful_crops/crops/diamondCrop/diamond_crop_1"
		},
		"utilitycraft_dye_crop0": {
			"textures": "textures/blocks/bountiful_crops/crops/dyeCrop/dye_crop_0"
		},
		"utilitycraft_dye_crop1": {
			"textures": "textures/blocks/bountiful_crops/crops/dyeCrop/dye_crop_1"
		},
		"utilitycraft_emerald_crop0": {
			"textures": "textures/blocks/bountiful_crops/crops/emeraldCrop/emerald_crop_0"
		},
		"utilitycraft_emerald_crop1": {
			"textures": "textures/blocks/bountiful_crops/crops/emeraldCrop/emerald_crop_1"
		},
		"utilitycraft_ender_pearl_crop0": {
			"textures": "textures/blocks/bountiful_crops/crops/ender_pearlCrop/ender_pearl_crop_0"
		},
		"utilitycraft_ender_pearl_crop1": {
			"textures": "textures/blocks/bountiful_crops/crops/ender_pearlCrop/ender_pearl_crop_1"
		},
		"utilitycraft_ghast_crop0": {
			"textures": "textures/blocks/bountiful_crops/crops/ghastCrop/ghast_crop_0"
		},
		"utilitycraft_ghast_crop1": {
			"textures": "textures/blocks/bountiful_crops/crops/ghastCrop/ghast_crop_1"
		},
		"utilitycraft_glass_crop0": {
			"textures": "textures/blocks/bountiful_crops/crops/glassCrop/glass_crop_0"
		},
		"utilitycraft_glass_crop1": {
			"textures": "textures/blocks/bountiful_crops/crops/glassCrop/glass_crop_1"
		},
		"utilitycraft_glowstone_crop0": {
			"textures": "textures/blocks/bountiful_crops/crops/glowstoneCrop/glowstone_crop_0"
		},
		"utilitycraft_glowstone_crop1": {
			"textures": "textures/blocks/bountiful_crops/crops/glowstoneCrop/glowstone_crop_1"
		},
		"utilitycraft_gold_crop0": {
			"textures": "textures/blocks/bountiful_crops/crops/goldCrop/gold_crop_0"
		},
		"utilitycraft_gold_crop1": {
			"textures": "textures/blocks/bountiful_crops/crops/goldCrop/gold_crop_1"
		},
		"utilitycraft_gunpowder_crop0": {
			"textures": "textures/blocks/bountiful_crops/crops/gunpowderCrop/gunpowder_crop_0"
		},
		"utilitycraft_gunpowder_crop1": {
			"textures": "textures/blocks/bountiful_crops/crops/gunpowderCrop/gunpowder_crop_1"
		},
		"utilitycraft_honey_crop0": {
			"textures": "textures/blocks/bountiful_crops/crops/honeyCrop/honey_crop_0"
		},
		"utilitycraft_honey_crop1": {
			"textures": "textures/blocks/bountiful_crops/crops/honeyCrop/honey_crop_1"
		},
		"utilitycraft_iron_crop0": {
			"textures": "textures/blocks/bountiful_crops/crops/ironCrop/iron_crop_0"
		},
		"utilitycraft_iron_crop1": {
			"textures": "textures/blocks/bountiful_crops/crops/ironCrop/iron_crop_1"
		},
		"utilitycraft_lapis_crop0": {
			"textures": "textures/blocks/bountiful_crops/crops/lapisCrop/lapis_crop_0"
		},
		"utilitycraft_lapis_crop1": {
			"textures": "textures/blocks/bountiful_crops/crops/lapisCrop/lapis_crop_1"
		},
		"utilitycraft_lava_crop0": {
			"textures": "textures/blocks/bountiful_crops/crops/lavaCrop/lava_crop_0"
		},
		"utilitycraft_lava_crop1": {
			"textures": "textures/blocks/bountiful_crops/crops/lavaCrop/lava_crop_1"
		},
		"utilitycraft_leather_crop0": {
			"textures": "textures/blocks/bountiful_crops/crops/leatherCrop/leather_crop_0"
		},
		"utilitycraft_leather_crop1": {
			"textures": "textures/blocks/bountiful_crops/crops/leatherCrop/leather_crop_1"
		},
		"utilitycraft_nether_star_crop0": {
			"textures": "textures/blocks/bountiful_crops/crops/nether_starCrop/nether_star_crop_0"
		},
		"utilitycraft_nether_star_crop1": {
			"textures": "textures/blocks/bountiful_crops/crops/nether_starCrop/nether_star_crop_1"
		},
		"utilitycraft_netherite_crop0": {
			"textures": "textures/blocks/bountiful_crops/crops/netheriteCrop/netherite_crop_0"
		},
		"utilitycraft_netherite_crop1": {
			"textures": "textures/blocks/bountiful_crops/crops/netheriteCrop/netherite_crop_1"
		},
		"utilitycraft_obsidian_crop0": {
			"textures": "textures/blocks/bountiful_crops/crops/obsidianCrop/obsidian_crop_0"
		},
		"utilitycraft_obsidian_crop1": {
			"textures": "textures/blocks/bountiful_crops/crops/obsidianCrop/obsidian_crop_1"
		},
		"utilitycraft_prismarine_crystal_crop0": {
			"textures": "textures/blocks/bountiful_crops/crops/prismarineCRCrop/prismarine_crystals_crop_0"
		},
		"utilitycraft_prismarine_crystal_crop1": {
			"textures": "textures/blocks/bountiful_crops/crops/prismarineCRCrop/prismarine_crystals_crop_1"
		},
		"utilitycraft_prismarine_shards_crop0": {
			"textures": "textures/blocks/bountiful_crops/crops/prismarineSHCrop/prismarine_shards_crop_0"
		},
		"utilitycraft_prismarine_shards_crop1": {
			"textures": "textures/blocks/bountiful_crops/crops/prismarineSHCrop/prismarine_shards_crop_1"
		},
		"utilitycraft_quartz_crop0": {
			"textures": "textures/blocks/bountiful_crops/crops/quartzCrop/quartz_crop_0"
		},
		"utilitycraft_quartz_crop1": {
			"textures": "textures/blocks/bountiful_crops/crops/quartzCrop/quartz_crop_1"
		},
		"utilitycraft_redstone_crop0": {
			"textures": "textures/blocks/bountiful_crops/crops/redstoneCrop/redstone_crop_0"
		},
		"utilitycraft_redstone_crop1": {
			"textures": "textures/blocks/bountiful_crops/crops/redstoneCrop/redstone_crop_1"
		},
		"utilitycraft_shulker_crop0": {
			"textures": "textures/blocks/bountiful_crops/crops/shulkerCrop/shulker_crop_0"
		},
		"utilitycraft_shulker_crop1": {
			"textures": "textures/blocks/bountiful_crops/crops/shulkerCrop/shulker_crop_1"
		},
		"utilitycraft_slime_crop0": {
			"textures": "textures/blocks/bountiful_crops/crops/slimeCrop/slime_crop_0"
		},
		"utilitycraft_slime_crop1": {
			"textures": "textures/blocks/bountiful_crops/crops/slimeCrop/slime_crop_1"
		},
		"utilitycraft_totem_crop0": {
			"textures": "textures/blocks/bountiful_crops/crops/totemCrop/totem_crop_0"
		},
		"utilitycraft_totem_crop1": {
			"textures": "textures/blocks/bountiful_crops/crops/totemCrop/totem_crop_1"
		},
		"utilitycraft_water_crop0": {
			"textures": "textures/blocks/bountiful_crops/crops/waterCrop/water_crop_0"
		},
		"utilitycraft_water_crop1": {
			"textures": "textures/blocks/bountiful_crops/crops/waterCrop/water_crop_1"
		},
		"utilitycraft_wither_crop0": {
			"textures": "textures/blocks/bountiful_crops/crops/witherCrop/wither_crop_0"
		},
		"utilitycraft_wither_crop1": {
			"textures": "textures/blocks/bountiful_crops/crops/witherCrop/wither_crop_1"
		},
		"utilitycraft_wither_crop2": {
			"textures": "textures/blocks/bountiful_crops/crops/witherCrop/wither_crop_2"
		},
		"utilitycraft_wither_crop3": {
			"textures": "textures/blocks/bountiful_crops/crops/witherCrop/wither_crop_3"
		},
		"utilitycraft_wither_crop4": {
			"textures": "textures/blocks/bountiful_crops/crops/witherCrop/wither_crop_4"
		},
		"utilitycraft_wither_crop5": {
			"textures": "textures/blocks/bountiful_crops/crops/witherCrop/wither_crop_5"
		},
		"utilitycraft_wool_crop0": {
			"textures": "textures/blocks/bountiful_crops/crops/woolCrop/wool_crop_0"
		},
		"utilitycraft_wool_crop1": {
			"textures": "textures/blocks/bountiful_crops/crops/woolCrop/wool_crop_1"
		},
		"utilitycraft_yellow_soil": {
			"textures": "textures/blocks/bountiful_crops/soils/soil_1"
		},
		"utilitycraft_yellow_soil_side": {
			"textures": "textures/blocks/bountiful_crops/soils/soil_side_1"
		},
		"utilitycraft_red_soil": {
			"textures": "textures/blocks/bountiful_crops/soils/soil_2"
		},
		"utilitycraft_red_soil_side": {
			"textures": "textures/blocks/bountiful_crops/soils/soil_side_2"
		},
		"utilitycraft_blue_soil": {
			"textures": "textures/blocks/bountiful_crops/soils/soil_3"
		},
		"utilitycraft_blue_soil_side": {
			"textures": "textures/blocks/bountiful_crops/soils/soil_side_3"
		},
		"utilitycraft_black_soil": {
			"textures": "textures/blocks/bountiful_crops/soils/soil_4"
		},
		"utilitycraft_black_soil_side": {
			"textures": "textures/blocks/bountiful_crops/soils/soil_side_4"
		},
		"utilitycraft_tractor_placer": {
			"textures": "textures/blocks/tractor"
		},
		"utilitycraft_ender_hopper": {
			"textures": "textures/blocks/ender_hopper/ender_hopper"
		},
		"utilitycraft_ender_hopper_range1": {
			"textures": "textures/blocks/ender_hopper/ender_hopper_range1"
		},
		"utilitycraft_ender_hopper_range2": {
			"textures": "textures/blocks/ender_hopper/ender_hopper_range2"
		},
		"utilitycraft_ender_hopper_range3": {
			"textures": "textures/blocks/ender_hopper/ender_hopper_range3"
		},
		"utilitycraft_ender_hopper_range4": {
			"textures": "textures/blocks/ender_hopper/ender_hopper_range4"
		},
		"utilitycraft_ender_hopper_animated": {
			"textures": "textures/blocks/ender_hopper/ender_hopper_still"
		},
		"utilitycraft_mechanic_hopper": {
			"textures": "textures/blocks/hoppers/mechanic_hopper"
		},
		"utilitycraft_mechanic_hopper_speed1": {
			"textures": "textures/blocks/hoppers/mechanic_hopper_speed1"
		},
		"utilitycraft_mechanic_hopper_speed2": {
			"textures": "textures/blocks/hoppers/mechanic_hopper_speed2"
		},
		"utilitycraft_mechanic_hopper_speed3": {
			"textures": "textures/blocks/hoppers/mechanic_hopper_speed3"
		},
		"utilitycraft_mechanic_hopper_speed4": {
			"textures": "textures/blocks/hoppers/mechanic_hopper_speed4"
		},
		"utilitycraft_basic_fluid_tank": {
			"textures": "textures/blocks/tanks/fluid_tank_basic"
		},
		"utilitycraft_advanced_fluid_tank": {
			"textures": "textures/blocks/tanks/fluid_tank_advanced"
		},
		"utilitycraft_expert_fluid_tank": {
			"textures": "textures/blocks/tanks/fluid_tank_expert"
		},
		"utilitycraft_ultimate_fluid_tank": {
			"textures": "textures/blocks/tanks/fluid_tank_ultimate"
		},
		"utilitycraft_xp_drain": {
			"textures": "textures/blocks/xp_drain"
		},
		"utilitycraft_xp_spout": {
			"textures": "textures/blocks/xp_spout"
		},
		"utilitycraft_pedestal": {
			"textures": "textures/blocks/pedestal"
		},
		"utilitycraft_steel_block": {
			"textures": "textures/blocks/Steel_block"
		},
		"utilitycraft_bonsai": {
			"textures": "textures/blocks/bonsais/bonsai"
		},
		"utilitycraft_bonsai_sand": {
			"textures": "textures/blocks/bonsais/bonsai_sand"
		},
		"utilitycraft_bonsai_grass": {
			"textures": "textures/blocks/bonsais/bonsai_grass"
		},
		"utilitycraft_bonsai_crimson": {
			"textures": "textures/blocks/bonsais/bonsai_crimson"
		},
		"utilitycraft_bonsai_warped": {
			"textures": "textures/blocks/bonsais/bonsai_warped"
		},
		"utilitycraft_bonsai_soulsand": {
			"textures": "textures/blocks/bonsais/bonsai_soulsand"
		},
		"utilitycraft_bonsai_endstone": {
			"textures": "textures/blocks/bonsais/bonsai_endstone"
		},
		"utilitycraft_bonsai_redsand": {
			"textures": "textures/blocks/bonsais/bonsai_redsand"
		},
		"utilitycraft_bonsai_dirt": {
			"textures": "textures/blocks/bonsais/bonsai_dirt"
		},
		"utilitycraft_bonsai_sand_farm": {
			"textures": "textures/blocks/bonsais/bonsai_sand_farm"
		},
		"utilitycraft_bonsai_grass_farm": {
			"textures": "textures/blocks/bonsais/bonsai_grass_farm"
		},
		"utilitycraft_bonsai_crimson_farm": {
			"textures": "textures/blocks/bonsais/bonsai_crimson_farm"
		},
		"utilitycraft_bonsai_warped_farm": {
			"textures": "textures/blocks/bonsais/bonsai_warped_farm"
		},
		"utilitycraft_bonsai_soulsand_farm": {
			"textures": "textures/blocks/bonsais/bonsai_soulsand_farm"
		},
		"utilitycraft_bonsai_endstone_farm": {
			"textures": "textures/blocks/bonsais/bonsai_endstone_farm"
		},
		"utilitycraft_bonsai_redsand_farm": {
			"textures": "textures/blocks/bonsais/bonsai_redsand_farm"
		},
		"utilitycraft_bonsai_dirt_farm": {
			"textures": "textures/blocks/bonsais/bonsai_dirt_farm"
		},
		"utilitycraft_bonsai_soil_1": {
			"textures": "textures/blocks/bonsais/bonsai_soil_1"
		},
		"utilitycraft_bonsai_soil_2": {
			"textures": "textures/blocks/bonsais/bonsai_soil_2"
		},
		"utilitycraft_bonsai_soil_3": {
			"textures": "textures/blocks/bonsais/bonsai_soil_3"
		},
		"utilitycraft_bonsai_soil_4": {
			"textures": "textures/blocks/bonsais/bonsai_soil_4"
		},
		"utilitycraft_battery_basic_0": {
			"textures": "textures/blocks/generators/battery_basic_0"
		},
		"utilitycraft_battery_basic_1": {
			"textures": "textures/blocks/generators/battery_basic_1"
		},
		"utilitycraft_battery_basic_2": {
			"textures": "textures/blocks/generators/battery_basic_2"
		},
		"utilitycraft_battery_basic_3": {
			"textures": "textures/blocks/generators/battery_basic_3"
		},
		"utilitycraft_battery_basic_4": {
			"textures": "textures/blocks/generators/battery_basic_4"
		},
		"utilitycraft_battery_basic_5": {
			"textures": "textures/blocks/generators/battery_basic_5"
		},
		"utilitycraft_battery_basic_6": {
			"textures": "textures/blocks/generators/battery_basic_6"
		},
		"utilitycraft_battery_advanced_0": {
			"textures": "textures/blocks/generators/battery_advanced_0"
		},
		"utilitycraft_battery_advanced_1": {
			"textures": "textures/blocks/generators/battery_advanced_1"
		},
		"utilitycraft_battery_advanced_2": {
			"textures": "textures/blocks/generators/battery_advanced_2"
		},
		"utilitycraft_battery_advanced_3": {
			"textures": "textures/blocks/generators/battery_advanced_3"
		},
		"utilitycraft_battery_advanced_4": {
			"textures": "textures/blocks/generators/battery_advanced_4"
		},
		"utilitycraft_battery_advanced_5": {
			"textures": "textures/blocks/generators/battery_advanced_5"
		},
		"utilitycraft_battery_advanced_6": {
			"textures": "textures/blocks/generators/battery_advanced_6"
		},
		"utilitycraft_battery_expert_0": {
			"textures": "textures/blocks/generators/battery_expert_0"
		},
		"utilitycraft_battery_expert_1": {
			"textures": "textures/blocks/generators/battery_expert_1"
		},
		"utilitycraft_battery_expert_2": {
			"textures": "textures/blocks/generators/battery_expert_2"
		},
		"utilitycraft_battery_expert_3": {
			"textures": "textures/blocks/generators/battery_expert_3"
		},
		"utilitycraft_battery_expert_4": {
			"textures": "textures/blocks/generators/battery_expert_4"
		},
		"utilitycraft_battery_expert_5": {
			"textures": "textures/blocks/generators/battery_expert_5"
		},
		"utilitycraft_battery_expert_6": {
			"textures": "textures/blocks/generators/battery_expert_6"
		},
		"utilitycraft_battery_ultimate_0": {
			"textures": "textures/blocks/generators/battery_ultimate_0"
		},
		"utilitycraft_battery_ultimate_1": {
			"textures": "textures/blocks/generators/battery_ultimate_1"
		},
		"utilitycraft_battery_ultimate_2": {
			"textures": "textures/blocks/generators/battery_ultimate_2"
		},
		"utilitycraft_battery_ultimate_3": {
			"textures": "textures/blocks/generators/battery_ultimate_3"
		},
		"utilitycraft_battery_ultimate_4": {
			"textures": "textures/blocks/generators/battery_ultimate_4"
		},
		"utilitycraft_battery_ultimate_5": {
			"textures": "textures/blocks/generators/battery_ultimate_5"
		},
		"utilitycraft_battery_ultimate_6": {
			"textures": "textures/blocks/generators/battery_ultimate_6"
		},
		"utilitycraft_basic_magmator_on": {
			"textures": "textures/blocks/generators/basic_magmator_on"
		},
		"utilitycraft_basic_magmator_off": {
			"textures": "textures/blocks/generators/basic_magmator_off"
		},
		"utilitycraft_advanced_magmator_on": {
			"textures": "textures/blocks/generators/advanced_magmator_on"
		},
		"utilitycraft_advanced_magmator_off": {
			"textures": "textures/blocks/generators/advanced_magmator_off"
		},
		"utilitycraft_expert_magmator_on": {
			"textures": "textures/blocks/generators/expert_magmator_on"
		},
		"utilitycraft_expert_magmator_off": {
			"textures": "textures/blocks/generators/expert_magmator_off"
		},
		"utilitycraft_ultimate_magmator_on": {
			"textures": "textures/blocks/generators/ultimate_magmator_on"
		},
		"utilitycraft_ultimate_magmator_off": {
			"textures": "textures/blocks/generators/ultimate_magmator_off"
		},
		"utilitycraft_basic_furnator_on": {
			"textures": "textures/blocks/generators/basic_furnator_on"
		},
		"utilitycraft_basic_furnator_off": {
			"textures": "textures/blocks/generators/basic_furnator_off"
		},
		"utilitycraft_advanced_furnator_on": {
			"textures": "textures/blocks/generators/advanced_furnator_on"
		},
		"utilitycraft_advanced_furnator_off": {
			"textures": "textures/blocks/generators/advanced_furnator_off"
		},
		"utilitycraft_expert_furnator_on": {
			"textures": "textures/blocks/generators/expert_furnator_on"
		},
		"utilitycraft_expert_furnator_off": {
			"textures": "textures/blocks/generators/expert_furnator_off"
		},
		"utilitycraft_ultimate_furnator_on": {
			"textures": "textures/blocks/generators/ultimate_furnator_on"
		},
		"utilitycraft_ultimate_furnator_off": {
			"textures": "textures/blocks/generators/ultimate_furnator_off"
		},
		"utilitycraft_wind_turbine": {
			"textures": "textures/blocks/generators/wind_turbine_aspas"
		},
		"utilitycraft_wind_turbine_still": {
			"textures": "textures/blocks/generators/wind_turbine_aspas_still"
		},
		"utilitycraft_basic_wind_turbine_on": {
			"textures": "textures/blocks/generators/basic_wind_turbine_on"
		},
		"utilitycraft_basic_wind_turbine_off": {
			"textures": "textures/blocks/generators/basic_wind_turbine_off"
		},
		"utilitycraft_advanced_wind_turbine_on": {
			"textures": "textures/blocks/generators/advanced_wind_turbine_on"
		},
		"utilitycraft_advanced_wind_turbine_off": {
			"textures": "textures/blocks/generators/advanced_wind_turbine_off"
		},
		"utilitycraft_expert_wind_turbine_on": {
			"textures": "textures/blocks/generators/expert_wind_turbine_on"
		},
		"utilitycraft_expert_wind_turbine_off": {
			"textures": "textures/blocks/generators/expert_wind_turbine_off"
		},
		"utilitycraft_ultimate_wind_turbine_on": {
			"textures": "textures/blocks/generators/ultimate_wind_turbine_on"
		},
		"utilitycraft_ultimate_wind_turbine_off": {
			"textures": "textures/blocks/generators/ultimate_wind_turbine_off"
		},
		"utilitycraft_basic_thermo_generator_on": {
			"textures": "textures/blocks/generators/basic_thermo_generator_on"
		},
		"utilitycraft_basic_thermo_generator_off": {
			"textures": "textures/blocks/generators/basic_thermo_generator_off"
		},
		"utilitycraft_advanced_thermo_generator_on": {
			"textures": "textures/blocks/generators/advanced_thermo_generator_on"
		},
		"utilitycraft_advanced_thermo_generator_off": {
			"textures": "textures/blocks/generators/advanced_thermo_generator_off"
		},
		"utilitycraft_expert_thermo_generator_on": {
			"textures": "textures/blocks/generators/expert_thermo_generator_on"
		},
		"utilitycraft_expert_thermo_generator_off": {
			"textures": "textures/blocks/generators/expert_thermo_generator_off"
		},
		"utilitycraft_ultimate_thermo_generator_on": {
			"textures": "textures/blocks/generators/ultimate_thermo_generator_on"
		},
		"utilitycraft_ultimate_thermo_generator_off": {
			"textures": "textures/blocks/generators/ultimate_thermo_generator_off"
		},
		"utilitycraft_basic_solar_panel_off": {
			"textures": "textures/blocks/generators/basic_solarpanel_off"
		},
		"utilitycraft_basic_solar_panel_on": {
			"textures": "textures/blocks/generators/basic_solarpanel_on"
		},
		"utilitycraft_advanced_solar_panel_off": {
			"textures": "textures/blocks/generators/advanced_solarpanel_off"
		},
		"utilitycraft_advanced_solar_panel_on": {
			"textures": "textures/blocks/generators/advanced_solarpanel_on"
		},
		"utilitycraft_expert_solar_panel_off": {
			"textures": "textures/blocks/generators/expert_solarpanel_off"
		},
		"utilitycraft_expert_solar_panel_on": {
			"textures": "textures/blocks/generators/expert_solarpanel_on"
		},
		"utilitycraft_ultimate_solar_panel_off": {
			"textures": "textures/blocks/generators/ultimate_solarpanel_off"
		},
		"utilitycraft_ultimate_solar_panel_on": {
			"textures": "textures/blocks/generators/ultimate_solarpanel_on"
		},
		"utilitycraft_waycenter": {
			"textures": "textures/blocks/Way_computer_on_3D"
		},
		"utilitycraft_waycarpet": {
			"textures": "textures/blocks/Way_carpet_3D"
		},
		"utilitycraft_energized_iron_block": {
			"textures": "textures/blocks/Block_of_energized_iron"
		},
		"utilitycraft_raw_energized_iron_block": {
			"textures": "textures/blocks/Block_of_brute_energized_iron"
		},
		"utilitycraft_raw_steel_block": {
			"textures": "textures/blocks/Block_of_raw_steel"
		},
		"utilitycraft_electro_press": {
			"textures": "textures/blocks/Autocompacter_on"
		},
		"utilitycraft_block_placer": {
			"textures": "textures/blocks/Block_placer_on"
		},
		"utilitycraft_xp_condenser": {
			"textures": "textures/blocks/XP_computer_full"
		},
		"utilitycraft_seed_synthesizer": {
			"textures": "textures/blocks/Crop_synthesizer_on"
		},
		"utilitycraft_incinerator": {
			"textures": "textures/blocks/Incinerator_on"
		},
		"utilitycraft_crusher_on": {
			"textures": "textures/blocks/Machines/Crusher_on"
		},
		"utilitycraft_crusher_off": {
			"textures": "textures/blocks/Machines/Crusher_off"
		},
		"utilitycraft_autosieve_on": {
			"textures": "textures/blocks/Machines/Autosieve_on"
		},
		"utilitycraft_autosieve_off": {
			"textures": "textures/blocks/Machines/Autosieve_off"
		},
		"utilitycraft_block_breaker_on": {
			"textures": "textures/blocks/Machines/Block_breaker_on"
		},
		"utilitycraft_block_breaker_off": {
			"textures": "textures/blocks/Machines/Block_breaker_off"
		},
		"utilitycraft_block_placer_on": {
			"textures": "textures/blocks/Machines/Block_placer_on"
		},
		"utilitycraft_block_placer_off": {
			"textures": "textures/blocks/Machines/Block_placer_off"
		},
		"utilitycraft_incinerator_on": {
			"textures": "textures/blocks/Machines/Incinerator_on"
		},
		"utilitycraft_incinerator_off": {
			"textures": "textures/blocks/Machines/Incinerator_off"
		},
		"utilitycraft_electro_press_on": {
			"textures": "textures/blocks/Machines/Autocompacter_on"
		},
		"utilitycraft_electro_press_off": {
			"textures": "textures/blocks/Machines/Autocompacter_off"
		},
		"utilitycraft_seed_synthesizer_on": {
			"textures": "textures/blocks/Machines/Crop_synthesizer_on"
		},
		"utilitycraft_seed_synthesizer_off": {
			"textures": "textures/blocks/Machines/Crop_synthesizer_off"
		},
		"utilitycraft_infuser_on": {
			"textures": "textures/blocks/Machines/Infuser_on"
		},
		"utilitycraft_infuser_off": {
			"textures": "textures/blocks/Machines/Infuser_off"
		},
		"utilitycraft_harvester_on": {
			"textures": "textures/blocks/Machines/Harvester_on"
		},
		"utilitycraft_harvester_off": {
			"textures": "textures/blocks/Machines/Harvester_off"
		},
		"utilitycraft_machine_case": {
			"textures": "textures/blocks/Machines/Machine_case"
		},
		"utilitycraft_induction_anvil": {
			"textures": "textures/blocks/Induction_anvil_off"
		},
		"utilitycraft_magmatic_chamber": {
			"textures": "textures/blocks/magmatic_chamber"
		},
		"utilitycraft_crucible": {
			"textures": "textures/blocks/crucible/utilitycraft_crucible"
		},
		"utilitycraft_crucible_lava_1": {
			"textures": "textures/blocks/crucible/utilitycraft_crucible_lava_1"
		},
		"utilitycraft_crucible_lava_2": {
			"textures": "textures/blocks/crucible/utilitycraft_crucible_lava_2"
		},
		"utilitycraft_crucible_lava_3": {
			"textures": "textures/blocks/crucible/utilitycraft_crucible_lava_3"
		},
		"utilitycraft_crucible_lava_4": {
			"textures": "textures/blocks/crucible/utilitycraft_crucible_lava_4"
		},
		"utilitycraft_crucible_cobble_1": {
			"textures": "textures/blocks/crucible/utilitycraft_crucible_cobble_1"
		},
		"utilitycraft_crucible_cobble_2": {
			"textures": "textures/blocks/crucible/utilitycraft_crucible_cobble_2"
		},
		"utilitycraft_crucible_cobble_3": {
			"textures": "textures/blocks/crucible/utilitycraft_crucible_cobble_3"
		},
		"utilitycraft_crucible_cobble_4": {
			"textures": "textures/blocks/crucible/utilitycraft_crucible_cobble_4"
		},
		"utilitycraft_mechanic_dropper": {
			"textures": "textures/blocks/Mechanical_dropper"
		},
		"utilitycraft_crushed_endstone": {
			"textures": "textures/blocks/Crushed_endstone"
		},
		"utilitycraft_crushed_cobbled_deepslate": {
			"textures": "textures/blocks/crushed_cobbled_deepslate"
		},
		"utilitycraft_fluid_pump": {
			"textures": "textures/blocks/Pump_txr"
		},
		"utilitycraft_energy_cable": {
			"textures": "textures/blocks/energy_cable"
		},
		"utilitycraft_fluid_pipe": {
			"textures": "textures/blocks/fluid_pipe"
		},
		"utilitycraft_item_conduit": {
			"textures": "textures/blocks/item_conduit"
		},
		"utilitycraft_item_exporter": {
			"textures": "textures/blocks/item_exporter"
		},
		"utilitycraft_compressed_amethyst_block": {
			"textures": "textures/blocks/compressed_blocks/compressed_amethyst_block"
		},
		"utilitycraft_compressed_amethyst_block_2": {
			"textures": "textures/blocks/compressed_blocks/compressed_amethyst_block_2"
		},
		"utilitycraft_compressed_amethyst_block_3": {
			"textures": "textures/blocks/compressed_blocks/compressed_amethyst_block_3"
		},
		"utilitycraft_compressed_amethyst_block_4": {
			"textures": "textures/blocks/compressed_blocks/compressed_amethyst_block_4"
		},
		"utilitycraft_compressed_blackstone": {
			"textures": "textures/blocks/compressed_blocks/compressed_blackstone"
		},
		"utilitycraft_compressed_blackstone_2": {
			"textures": "textures/blocks/compressed_blocks/compressed_blackstone_2"
		},
		"utilitycraft_compressed_blackstone_3": {
			"textures": "textures/blocks/compressed_blocks/compressed_blackstone_3"
		},
		"utilitycraft_compressed_blackstone_4": {
			"textures": "textures/blocks/compressed_blocks/compressed_blackstone_4"
		},
		"utilitycraft_compressed_brute_energized_iron_block": {
			"textures": "textures/blocks/compressed_blocks/compressed_brute_energized_iron_block"
		},
		"utilitycraft_compressed_brute_energized_iron_block_2": {
			"textures": "textures/blocks/compressed_blocks/compressed_brute_energized_iron_block_2"
		},
		"utilitycraft_compressed_brute_energized_iron_block_3": {
			"textures": "textures/blocks/compressed_blocks/compressed_brute_energized_iron_block_3"
		},
		"utilitycraft_compressed_brute_energized_iron_block_4": {
			"textures": "textures/blocks/compressed_blocks/compressed_brute_energized_iron_block_4"
		},
		"utilitycraft_compressed_brute_steel_block": {
			"textures": "textures/blocks/compressed_blocks/compressed_brute_steel_block"
		},
		"utilitycraft_compressed_brute_steel_block_2": {
			"textures": "textures/blocks/compressed_blocks/compressed_brute_steel_block_2"
		},
		"utilitycraft_compressed_brute_steel_block_3": {
			"textures": "textures/blocks/compressed_blocks/compressed_brute_steel_block_3"
		},
		"utilitycraft_compressed_brute_steel_block_4": {
			"textures": "textures/blocks/compressed_blocks/compressed_brute_steel_block_4"
		},
		"utilitycraft_charcoal_block": {
			"textures": "textures/blocks/compressed_blocks/charcoal_block"
		},
		"utilitycraft_compressed_charcoal_block": {
			"textures": "textures/blocks/compressed_blocks/compressed_charcoal_block"
		},
		"utilitycraft_compressed_charcoal_block_2": {
			"textures": "textures/blocks/compressed_blocks/compressed_charcoal_block_2"
		},
		"utilitycraft_compressed_charcoal_block_3": {
			"textures": "textures/blocks/compressed_blocks/compressed_charcoal_block_3"
		},
		"utilitycraft_compressed_charcoal_block_4": {
			"textures": "textures/blocks/compressed_blocks/compressed_charcoal_block_4"
		},
		"utilitycraft_compressed_coal_block": {
			"textures": "textures/blocks/compressed_blocks/compressed_coal_block"
		},
		"utilitycraft_compressed_coal_block_2": {
			"textures": "textures/blocks/compressed_blocks/compressed_coal_block_2"
		},
		"utilitycraft_compressed_coal_block_3": {
			"textures": "textures/blocks/compressed_blocks/compressed_coal_block_3"
		},
		"utilitycraft_compressed_coal_block_4": {
			"textures": "textures/blocks/compressed_blocks/compressed_coal_block_4"
		},
		"utilitycraft_compressed_cobbled_deepslate": {
			"textures": "textures/blocks/compressed_blocks/compressed_cobbled_deepslate"
		},
		"utilitycraft_compressed_cobbled_deepslate_2": {
			"textures": "textures/blocks/compressed_blocks/compressed_cobbled_deepslate_2"
		},
		"utilitycraft_compressed_cobbled_deepslate_3": {
			"textures": "textures/blocks/compressed_blocks/compressed_cobbled_deepslate_3"
		},
		"utilitycraft_compressed_cobbled_deepslate_4": {
			"textures": "textures/blocks/compressed_blocks/compressed_cobbled_deepslate_4"
		},
		"utilitycraft_compressed_cobblestone": {
			"textures": "textures/blocks/compressed_blocks/compressed_cobblestone"
		},
		"utilitycraft_compressed_cobblestone_2": {
			"textures": "textures/blocks/compressed_blocks/compressed_cobblestone_2"
		},
		"utilitycraft_compressed_cobblestone_3": {
			"textures": "textures/blocks/compressed_blocks/compressed_cobblestone_3"
		},
		"utilitycraft_compressed_cobblestone_4": {
			"textures": "textures/blocks/compressed_blocks/compressed_cobblestone_4"
		},
		"utilitycraft_compressed_cobblestone_5": {
			"textures": "textures/blocks/compressed_blocks/compressed_cobblestone_5"
		},
		"utilitycraft_compressed_cobblestone_6": {
			"textures": "textures/blocks/compressed_blocks/compressed_cobblestone_6"
		},
		"utilitycraft_compressed_cobblestone_7": {
			"textures": "textures/blocks/compressed_blocks/compressed_cobblestone_7"
		},
		"utilitycraft_compressed_cobblestone_8": {
			"textures": "textures/blocks/compressed_blocks/compressed_cobblestone_8"
		},
		"utilitycraft_compressed_cobblestone_9": {
			"textures": "textures/blocks/compressed_blocks/compressed_cobblestone_9"
		},
		"utilitycraft_compressed_copper_block": {
			"textures": "textures/blocks/compressed_blocks/compressed_copper_block"
		},
		"utilitycraft_compressed_copper_block_2": {
			"textures": "textures/blocks/compressed_blocks/compressed_copper_block_2"
		},
		"utilitycraft_compressed_copper_block_3": {
			"textures": "textures/blocks/compressed_blocks/compressed_copper_block_3"
		},
		"utilitycraft_compressed_copper_block_4": {
			"textures": "textures/blocks/compressed_blocks/compressed_copper_block_4"
		},
		"utilitycraft_compressed_crushed_cobbled_deepslate": {
			"textures": "textures/blocks/compressed_blocks/compressed_crushed_cobbled_deepslate"
		},
		"utilitycraft_compressed_crushed_cobbled_deepslate_2": {
			"textures": "textures/blocks/compressed_blocks/compressed_crushed_cobbled_deepslate_2"
		},
		"utilitycraft_compressed_crushed_cobbled_deepslate_3": {
			"textures": "textures/blocks/compressed_blocks/compressed_crushed_cobbled_deepslate_3"
		},
		"utilitycraft_compressed_crushed_cobbled_deepslate_4": {
			"textures": "textures/blocks/compressed_blocks/compressed_crushed_cobbled_deepslate_4"
		},
		"utilitycraft_compressed_crushed_endstone": {
			"textures": "textures/blocks/compressed_blocks/compressed_crushed_endstone"
		},
		"utilitycraft_compressed_crushed_endstone_2": {
			"textures": "textures/blocks/compressed_blocks/compressed_crushed_endstone_2"
		},
		"utilitycraft_compressed_crushed_endstone_3": {
			"textures": "textures/blocks/compressed_blocks/compressed_crushed_endstone_3"
		},
		"utilitycraft_compressed_crushed_endstone_4": {
			"textures": "textures/blocks/compressed_blocks/compressed_crushed_endstone_4"
		},
		"utilitycraft_compressed_crushed_netherrack": {
			"textures": "textures/blocks/compressed_blocks/compressed_crushed_netherrack"
		},
		"utilitycraft_compressed_crushed_netherrack_2": {
			"textures": "textures/blocks/compressed_blocks/compressed_crushed_netherrack_2"
		},
		"utilitycraft_compressed_crushed_netherrack_3": {
			"textures": "textures/blocks/compressed_blocks/compressed_crushed_netherrack_3"
		},
		"utilitycraft_compressed_crushed_netherrack_4": {
			"textures": "textures/blocks/compressed_blocks/compressed_crushed_netherrack_4"
		},
		"utilitycraft_compressed_cry_obsidian": {
			"textures": "textures/blocks/compressed_blocks/compressed_cry_obsidian"
		},
		"utilitycraft_compressed_cry_obsidian_2": {
			"textures": "textures/blocks/compressed_blocks/compressed_cry_obsidian_2"
		},
		"utilitycraft_compressed_cry_obsidian_3": {
			"textures": "textures/blocks/compressed_blocks/compressed_cry_obsidian_3"
		},
		"utilitycraft_compressed_cry_obsidian_4": {
			"textures": "textures/blocks/compressed_blocks/compressed_cry_obsidian_4"
		},
		"utilitycraft_compressed_deepslate": {
			"textures": "textures/blocks/compressed_blocks/compressed_deepslate"
		},
		"utilitycraft_compressed_deepslate_2": {
			"textures": "textures/blocks/compressed_blocks/compressed_deepslate_2"
		},
		"utilitycraft_compressed_deepslate_3": {
			"textures": "textures/blocks/compressed_blocks/compressed_deepslate_3"
		},
		"utilitycraft_compressed_deepslate_4": {
			"textures": "textures/blocks/compressed_blocks/compressed_deepslate_4"
		},
		"utilitycraft_compressed_diamond_block": {
			"textures": "textures/blocks/compressed_blocks/compressed_diamond_block"
		},
		"utilitycraft_compressed_diamond_block_2": {
			"textures": "textures/blocks/compressed_blocks/compressed_diamond_block_2"
		},
		"utilitycraft_compressed_diamond_block_3": {
			"textures": "textures/blocks/compressed_blocks/compressed_diamond_block_3"
		},
		"utilitycraft_compressed_diamond_block_4": {
			"textures": "textures/blocks/compressed_blocks/compressed_diamond_block_4"
		},
		"utilitycraft_compressed_dirt": {
			"textures": "textures/blocks/compressed_blocks/compressed_dirt"
		},
		"utilitycraft_compressed_dirt_2": {
			"textures": "textures/blocks/compressed_blocks/compressed_dirt_2"
		},
		"utilitycraft_compressed_dirt_3": {
			"textures": "textures/blocks/compressed_blocks/compressed_dirt_3"
		},
		"utilitycraft_compressed_dirt_4": {
			"textures": "textures/blocks/compressed_blocks/compressed_dirt_4"
		},
		"utilitycraft_compressed_emerald_block": {
			"textures": "textures/blocks/compressed_blocks/compressed_emerald_block"
		},
		"utilitycraft_compressed_emerald_block_2": {
			"textures": "textures/blocks/compressed_blocks/compressed_emerald_block_2"
		},
		"utilitycraft_compressed_emerald_block_3": {
			"textures": "textures/blocks/compressed_blocks/compressed_emerald_block_3"
		},
		"utilitycraft_compressed_emerald_block_4": {
			"textures": "textures/blocks/compressed_blocks/compressed_emerald_block_4"
		},
		"utilitycraft_compressed_endstone": {
			"textures": "textures/blocks/compressed_blocks/compressed_endstone"
		},
		"utilitycraft_compressed_endstone_2": {
			"textures": "textures/blocks/compressed_blocks/compressed_endstone_2"
		},
		"utilitycraft_compressed_endstone_3": {
			"textures": "textures/blocks/compressed_blocks/compressed_endstone_3"
		},
		"utilitycraft_compressed_endstone_4": {
			"textures": "textures/blocks/compressed_blocks/compressed_endstone_4"
		},
		"utilitycraft_compressed_energized_iron_block": {
			"textures": "textures/blocks/compressed_blocks/compressed_energized_iron_block"
		},
		"utilitycraft_compressed_energized_iron_block_2": {
			"textures": "textures/blocks/compressed_blocks/compressed_energized_iron_block_2"
		},
		"utilitycraft_compressed_energized_iron_block_3": {
			"textures": "textures/blocks/compressed_blocks/compressed_energized_iron_block_3"
		},
		"utilitycraft_compressed_energized_iron_block_4": {
			"textures": "textures/blocks/compressed_blocks/compressed_energized_iron_block_4"
		},
		"utilitycraft_compressed_exposed_copper_block": {
			"textures": "textures/blocks/compressed_blocks/compressed_exposed_copper_block"
		},
		"utilitycraft_compressed_exposed_copper_block_2": {
			"textures": "textures/blocks/compressed_blocks/compressed_exposed_copper_block_2"
		},
		"utilitycraft_compressed_exposed_copper_block_3": {
			"textures": "textures/blocks/compressed_blocks/compressed_exposed_copper_block_3"
		},
		"utilitycraft_compressed_exposed_copper_block_4": {
			"textures": "textures/blocks/compressed_blocks/compressed_exposed_copper_block_4"
		},
		"utilitycraft_compressed_flint_block": {
			"textures": "textures/blocks/compressed_blocks/compressed_flint_block"
		},
		"utilitycraft_compressed_flint_block_2": {
			"textures": "textures/blocks/compressed_blocks/compressed_flint_block_2"
		},
		"utilitycraft_compressed_flint_block_3": {
			"textures": "textures/blocks/compressed_blocks/compressed_flint_block_3"
		},
		"utilitycraft_compressed_flint_block_4": {
			"textures": "textures/blocks/compressed_blocks/compressed_flint_block_4"
		},
		"utilitycraft_compressed_glass": {
			"textures": "textures/blocks/compressed_blocks/compressed_glass"
		},
		"utilitycraft_compressed_glass_2": {
			"textures": "textures/blocks/compressed_blocks/compressed_glass_2"
		},
		"utilitycraft_compressed_glass_3": {
			"textures": "textures/blocks/compressed_blocks/compressed_glass_3"
		},
		"utilitycraft_compressed_glass_4": {
			"textures": "textures/blocks/compressed_blocks/compressed_glass_4"
		},
		"utilitycraft_compressed_gold_block": {
			"textures": "textures/blocks/compressed_blocks/compressed_gold_block"
		},
		"utilitycraft_compressed_gold_block_2": {
			"textures": "textures/blocks/compressed_blocks/compressed_gold_block_2"
		},
		"utilitycraft_compressed_gold_block_3": {
			"textures": "textures/blocks/compressed_blocks/compressed_gold_block_3"
		},
		"utilitycraft_compressed_gold_block_4": {
			"textures": "textures/blocks/compressed_blocks/compressed_gold_block_4"
		},
		"utilitycraft_compressed_gravel": {
			"textures": "textures/blocks/compressed_blocks/compressed_gravel"
		},
		"utilitycraft_compressed_gravel_2": {
			"textures": "textures/blocks/compressed_blocks/compressed_gravel_2"
		},
		"utilitycraft_compressed_gravel_3": {
			"textures": "textures/blocks/compressed_blocks/compressed_gravel_3"
		},
		"utilitycraft_compressed_gravel_4": {
			"textures": "textures/blocks/compressed_blocks/compressed_gravel_4"
		},
		"utilitycraft_compressed_iron_block": {
			"textures": "textures/blocks/compressed_blocks/compressed_iron_block"
		},
		"utilitycraft_compressed_iron_block_2": {
			"textures": "textures/blocks/compressed_blocks/compressed_iron_block_2"
		},
		"utilitycraft_compressed_iron_block_3": {
			"textures": "textures/blocks/compressed_blocks/compressed_iron_block_3"
		},
		"utilitycraft_compressed_iron_block_4": {
			"textures": "textures/blocks/compressed_blocks/compressed_iron_block_4"
		},
		"utilitycraft_compressed_lapislazuli_block": {
			"textures": "textures/blocks/compressed_blocks/compressed_lapislazuli_block"
		},
		"utilitycraft_compressed_lapislazuli_block_2": {
			"textures": "textures/blocks/compressed_blocks/compressed_lapislazuli_block_2"
		},
		"utilitycraft_compressed_lapislazuli_block_3": {
			"textures": "textures/blocks/compressed_blocks/compressed_lapislazuli_block_3"
		},
		"utilitycraft_compressed_lapislazuli_block_4": {
			"textures": "textures/blocks/compressed_blocks/compressed_lapislazuli_block_4"
		},
		"utilitycraft_compressed_netherite_block": {
			"textures": "textures/blocks/compressed_blocks/compressed_netherite_block"
		},
		"utilitycraft_compressed_netherite_block_2": {
			"textures": "textures/blocks/compressed_blocks/compressed_netherite_block_2"
		},
		"utilitycraft_compressed_netherite_block_3": {
			"textures": "textures/blocks/compressed_blocks/compressed_netherite_block_3"
		},
		"utilitycraft_compressed_netherite_block_4": {
			"textures": "textures/blocks/compressed_blocks/compressed_netherite_block_4"
		},
		"utilitycraft_compressed_netherrack": {
			"textures": "textures/blocks/compressed_blocks/compressed_netherrack"
		},
		"utilitycraft_compressed_netherrack_2": {
			"textures": "textures/blocks/compressed_blocks/compressed_netherrack_2"
		},
		"utilitycraft_compressed_netherrack_3": {
			"textures": "textures/blocks/compressed_blocks/compressed_netherrack_3"
		},
		"utilitycraft_compressed_netherrack_4": {
			"textures": "textures/blocks/compressed_blocks/compressed_netherrack_4"
		},
		"utilitycraft_compressed_obsidian": {
			"textures": "textures/blocks/compressed_blocks/compressed_obsidian"
		},
		"utilitycraft_compressed_obsidian_2": {
			"textures": "textures/blocks/compressed_blocks/compressed_obsidian_2"
		},
		"utilitycraft_compressed_obsidian_3": {
			"textures": "textures/blocks/compressed_blocks/compressed_obsidian_3"
		},
		"utilitycraft_compressed_obsidian_4": {
			"textures": "textures/blocks/compressed_blocks/compressed_obsidian_4"
		},
		"utilitycraft_compressed_oxidized_copper_block": {
			"textures": "textures/blocks/compressed_blocks/compressed_oxidized_copper_block"
		},
		"utilitycraft_compressed_oxidized_copper_block_2": {
			"textures": "textures/blocks/compressed_blocks/compressed_oxidized_copper_block_2"
		},
		"utilitycraft_compressed_oxidized_copper_block_3": {
			"textures": "textures/blocks/compressed_blocks/compressed_oxidized_copper_block_3"
		},
		"utilitycraft_compressed_oxidized_copper_block_4": {
			"textures": "textures/blocks/compressed_blocks/compressed_oxidized_copper_block_4"
		},
		"utilitycraft_compressed_quartz_block": {
			"textures": "textures/blocks/compressed_blocks/compressed_quartz_block"
		},
		"utilitycraft_compressed_quartz_block_2": {
			"textures": "textures/blocks/compressed_blocks/compressed_quartz_block_2"
		},
		"utilitycraft_compressed_quartz_block_3": {
			"textures": "textures/blocks/compressed_blocks/compressed_quartz_block_3"
		},
		"utilitycraft_compressed_quartz_block_4": {
			"textures": "textures/blocks/compressed_blocks/compressed_quartz_block_4"
		},
		"utilitycraft_compressed_raw_copper_block": {
			"textures": "textures/blocks/compressed_blocks/compressed_raw_copper_block"
		},
		"utilitycraft_compressed_raw_copper_block_2": {
			"textures": "textures/blocks/compressed_blocks/compressed_raw_copper_block_2"
		},
		"utilitycraft_compressed_raw_copper_block_3": {
			"textures": "textures/blocks/compressed_blocks/compressed_raw_copper_block_3"
		},
		"utilitycraft_compressed_raw_copper_block_4": {
			"textures": "textures/blocks/compressed_blocks/compressed_raw_copper_block_4"
		},
		"utilitycraft_compressed_raw_gold_block": {
			"textures": "textures/blocks/compressed_blocks/compressed_raw_gold_block"
		},
		"utilitycraft_compressed_raw_gold_block_2": {
			"textures": "textures/blocks/compressed_blocks/compressed_raw_gold_block_2"
		},
		"utilitycraft_compressed_raw_gold_block_3": {
			"textures": "textures/blocks/compressed_blocks/compressed_raw_gold_block_3"
		},
		"utilitycraft_compressed_raw_gold_block_4": {
			"textures": "textures/blocks/compressed_blocks/compressed_raw_gold_block_4"
		},
		"utilitycraft_compressed_raw_iron_block": {
			"textures": "textures/blocks/compressed_blocks/compressed_raw_iron_block"
		},
		"utilitycraft_compressed_raw_iron_block_2": {
			"textures": "textures/blocks/compressed_blocks/compressed_raw_iron_block_2"
		},
		"utilitycraft_compressed_raw_iron_block_3": {
			"textures": "textures/blocks/compressed_blocks/compressed_raw_iron_block_3"
		},
		"utilitycraft_compressed_raw_iron_block_4": {
			"textures": "textures/blocks/compressed_blocks/compressed_raw_iron_block_4"
		},
		"utilitycraft_compressed_redstone_block": {
			"textures": "textures/blocks/compressed_blocks/compressed_redstone_block"
		},
		"utilitycraft_compressed_redstone_block_2": {
			"textures": "textures/blocks/compressed_blocks/compressed_redstone_block_2"
		},
		"utilitycraft_compressed_redstone_block_3": {
			"textures": "textures/blocks/compressed_blocks/compressed_redstone_block_3"
		},
		"utilitycraft_compressed_redstone_block_4": {
			"textures": "textures/blocks/compressed_blocks/compressed_redstone_block_4"
		},
		"utilitycraft_compressed_sand": {
			"textures": "textures/blocks/compressed_blocks/compressed_sand"
		},
		"utilitycraft_compressed_sand_2": {
			"textures": "textures/blocks/compressed_blocks/compressed_sand_2"
		},
		"utilitycraft_compressed_sand_3": {
			"textures": "textures/blocks/compressed_blocks/compressed_sand_3"
		},
		"utilitycraft_compressed_sand_4": {
			"textures": "textures/blocks/compressed_blocks/compressed_sand_4"
		},
		"utilitycraft_compressed_steel_block": {
			"textures": "textures/blocks/compressed_blocks/compressed_steel_block"
		},
		"utilitycraft_compressed_steel_block_2": {
			"textures": "textures/blocks/compressed_blocks/compressed_steel_block_2"
		},
		"utilitycraft_compressed_steel_block_3": {
			"textures": "textures/blocks/compressed_blocks/compressed_steel_block_3"
		},
		"utilitycraft_compressed_steel_block_4": {
			"textures": "textures/blocks/compressed_blocks/compressed_steel_block_4"
		},
		"utilitycraft_compressed_stone": {
			"textures": "textures/blocks/compressed_blocks/compressed_stone"
		},
		"utilitycraft_compressed_stone_2": {
			"textures": "textures/blocks/compressed_blocks/compressed_stone_2"
		},
		"utilitycraft_compressed_stone_3": {
			"textures": "textures/blocks/compressed_blocks/compressed_stone_3"
		},
		"utilitycraft_compressed_stone_4": {
			"textures": "textures/blocks/compressed_blocks/compressed_stone_4"
		},
		"utilitycraft_compressed_weathered_copper_block": {
			"textures": "textures/blocks/compressed_blocks/compressed_weathered_copper_block"
		},
		"utilitycraft_compressed_weathered_copper_block_2": {
			"textures": "textures/blocks/compressed_blocks/compressed_weathered_copper_block_2"
		},
		"utilitycraft_compressed_weathered_copper_block_3": {
			"textures": "textures/blocks/compressed_blocks/compressed_weathered_copper_block_3"
		},
		"utilitycraft_compressed_weathered_copper_block_4": {
			"textures": "textures/blocks/compressed_blocks/compressed_weathered_copper_block_4"
		},
		"utilitycraft_compressed_block": {
			"textures": "textures/blocks/compressed_blocks/compressed_block"
		},
		"utilitycraft_fluid_extractor": {
			"textures": "textures/blocks/fluid_extractor"
		},
		"utilitycraft_assembler_on": {
			"textures": "textures/blocks/assembler/assembler_on"
		},
		"utilitycraft_assembler_off": {
			"textures": "textures/blocks/assembler/assembler_off"
		},
		"utilitycraft_digitizer_on": {
			"textures": "textures/blocks/assembler/digitizer_on"
		},
		"utilitycraft_digitizer_off": {
			"textures": "textures/blocks/assembler/digitizer_off"
		},
		"utilitycraft_blaze_block": {
			"textures": "textures/blocks/blaze_block"
		}
	}
}