{
	"format_version": "1.20.80",
	"minecraft:block": {
		"description": {
			"identifier": "utilitycraft:fluid_pump",
			"menu_category": {
                "category": "construction"
			},
			"traits": {
				"minecraft:placement_position": {
					"enabled_states": [
						"minecraft:block_face"
					]
				}
			}
		},
		"components": {
			"utilitycraft:upgradeable": {},
			"minecraft:geometry": "geometry.fluid_pump",
			"minecraft:material_instances": {
				"*": {
					"texture": "utilitycraft_fluid_pump",
					"render_method": "alpha_test"
				}
			},
			"minecraft:tick": {
				"interval_range": [
					5,
					5
				]
			},
			"minecraft:collision_box": {
				"origin": [
					-5,
					3.5,
					-8
				],
				"size": [
					10,
					9,
					16
				]
			},
			"minecraft:selection_box": {
				"origin": [
					-5,
					3.5,
					-8
				],
				"size": [
					10,
					9,
					16
				]
			}
		},
		"permutations": [
			{
				"condition": "q.block_state('minecraft:block_face') == 'up'",
				"components": {
					"minecraft:transformation": {
						"rotation": [
							-90,
							0,
							0
						]
					}
				}
			},
			{
				"condition": "q.block_state('minecraft:block_face') == 'down' ",
				"components": {
					"minecraft:transformation": {
						"rotation": [
							90,
							0,
							0
						]
					}
				}
			},
			{
				"condition": "q.block_state('minecraft:block_face') == 'north' ",
				"components": {
					"minecraft:transformation": {
						"rotation": [
							0,
							180,
							0
						]
					}
				}
			},
			{
				"condition": "q.block_state('minecraft:block_face') == 'south' ",
				"components": {
					"minecraft:transformation": {
						"rotation": [
							0,
							0,
							0
						]
					}
				}
			},
			{
				"condition": "q.block_state('minecraft:block_face') == 'east' ",
				"components": {
					"minecraft:transformation": {
						"rotation": [
							0,
							90,
							0
						]
					}
				}
			},
			{
				"condition": "q.block_state('minecraft:block_face') == 'west' ",
				"components": {
					"minecraft:transformation": {
						"rotation": [
							0,
							-90,
							0
						]
					}
				}
			}
		]
	}
}