{
	"format_version": "1.20.80",
	"minecraft:block": {
		"description": {
			"identifier": "utilitycraft:utility_table",
			"menu_category": {
                "category": "construction"
			}
		},
		"components": {
			"minecraft:geometry": "geometry.utilitycraft_utility_table",
			"minecraft:material_instances": {
				"*": {
					"texture": "utilitycraft_utility_table",
					"render_method": "alpha_test"
				}
			},
			"minecraft:crafting_table": {
				"crafting_tags": [
					"utility_table"
				],
				"grid_size": 3,
				"table_name": "Utility Table"
			},
			"minecraft:collision_box": {
				"origin": [
					-7,
					0,
					-7
				],
				"size": [
					14,
					14,
					14
				]
			},
			"minecraft:selection_box": {
				"origin": [
					-7,
					0,
					-7
				],
				"size": [
					14,
					14,
					14
				]
			},
			"minecraft:light_dampening": 0,
			"minecraft:destructible_by_mining": {
				"seconds_to_destroy": 1
			},
			"minecraft:destructible_by_explosion": false,
			"tag:minecraft:is_pickaxe_item_destructible": {}
		}
	}
}