{
	"format_version": "1.20.80",
	"minecraft:block": {
		"description": {
			"identifier": "utilitycraft:mechanic_dropper",
			"menu_category": {
				"category": "construction"
			},
			"states": {
				"utilitycraft:speed": [
					0,
					1,
					2,
					3,
					4
				],
				"utilitycraft:filter": [
					0,
					1
				]
			},
			"traits": {
				"minecraft:placement_position": {
					"enabled_states": [
						"minecraft:block_face"
					]
				}
			}
		},
		"components": {
			"utilitycraft:upgradeable": {},
			"utilitycraft:mechanic_hopper": {
				"type": "dropper"
			},
			"minecraft:geometry": "geometry.mechanic_dropper",
			"minecraft:material_instances": {
				"*": {
					"texture": "utilitycraft_mechanic_dropper",
					"render_method": "alpha_test"
				}
			},
			"minecraft:tick": {
				"interval_range": [
					5,
					5
				]
			},
			"minecraft:destructible_by_mining": {
				"seconds_to_destroy": 1
			},
			"minecraft:destructible_by_explosion": false,
			"tag:dorios:item": {},
			"tag:minecraft:is_pickaxe_item_destructible": {}
		},
		"permutations": [
			{
				"condition": "q.block_state('minecraft:block_face') == 'down' ",
				"components": {
					"minecraft:transformation": {
						"rotation": [
							180,
							0,
							0
						]
					}
				}
			},
			{
				"condition": "q.block_state('utilitycraft:speed') == 1",
				"components": {
					"minecraft:tick": {
						"interval_range": [
							4,
							4
						]
					}
				}
			},
			{
				"condition": "q.block_state('utilitycraft:speed') == 2",
				"components": {
					"minecraft:tick": {
						"interval_range": [
							3,
							3
						]
					}
				}
			},
			{
				"condition": "q.block_state('utilitycraft:speed') == 3",
				"components": {
					"minecraft:tick": {
						"interval_range": [
							2,
							2
						]
					}
				}
			},
			{
				"condition": "q.block_state('utilitycraft:speed') == 4",
				"components": {
					"minecraft:tick": {
						"interval_range": [
							1,
							1
						]
					}
				}
			}
		]
	}
}