{
	"format_version": "1.20.80",
	"minecraft:block": {
		"description": {
			"identifier": "utilitycraft:lantern",
			"menu_category": {
				"category": "construction"
			}
		},
		"components": {
			"minecraft:geometry": "geometry.utilitycraft_lantern",
			"minecraft:material_instances": {
				"*": {
					"texture": "utilitycraft_lantern",
					"render_method": "alpha_test"
				}
			},
			"minecraft:collision_box": {
				"origin": [
					-5,
					0,
					-5
				],
				"size": [
					10,
					16,
					10
				]
			},
			"minecraft:selection_box": {
				"origin": [
					-5,
					0,
					-5
				],
				"size": [
					10,
					16,
					10
				]
			},
			"minecraft:light_emission": 15,
			"minecraft:destructible_by_explosion": false
		}
	}
}