{
	"format_version": "1.20.80",
	"minecraft:block": {
		"description": {
			"identifier": "utilitycraft:pedestal",
			"states": {
				"utilitycraft:hasItem": [
					0,
					1
				]
			},
			"menu_category": {
				"category": "construction"
			}
		},
		"components": {
			"utilitycraft:interact": {},
			"utilitycraft:pedestal": {},
			"minecraft:geometry": "geometry.utilitycraft_pedestal",
			"minecraft:material_instances": {
				"*": {
					"texture": "utilitycraft_pedestal",
					"render_method": "alpha_test"
				}
			},
			"minecraft:tick": {
				"looping": true,
				"interval_range": [
					20,
					20
				]
			}
		}
	}
}