{
	"num_mip_levels": 4,
	"padding": 8,
	"resource_pack_name": "Bountiful Crops",
	"texture_name": "atlas.terrain",
	"texture_data": {
		"utilitycraft_base0": {
			"textures": "textures/blocks/Crops/crop_0"
		},
		"utilitycraft_base1": {
			"textures": "textures/blocks/Crops/crop_1"
		},
		"utilitycraft_base2": {
			"textures": "textures/blocks/Crops/crop_2"
		},
		"utilitycraft_base3": {
			"textures": "textures/blocks/Crops/crop_3"
		},
		"utilitycraft_amethyst_crop0": {
			"textures": "textures/blocks/Crops/amethystCrop/amethyst_crop_0"
		},
		"utilitycraft_amethyst_crop1": {
			"textures": "textures/blocks/Crops/amethystCrop/amethyst_crop_1"
		},
		"utilitycraft_blaze_crop0": {
			"textures": "textures/blocks/Crops/blazeCrop/blaze_crop_0"
		},
		"utilitycraft_blaze_crop1": {
			"textures": "textures/blocks/Crops/blazeCrop/blaze_crop_1"
		},
		"utilitycraft_coal_crop0": {
			"textures": "textures/blocks/Crops/coalCrop/coal_crop_0"
		},
		"utilitycraft_coal_crop1": {
			"textures": "textures/blocks/Crops/coalCrop/coal_crop_1"
		},
		"utilitycraft_copper_crop0": {
			"textures": "textures/blocks/Crops/copperCrop/copper_crop_0"
		},
		"utilitycraft_copper_crop1": {
			"textures": "textures/blocks/Crops/copperCrop/copper_crop_1"
		},
		"utilitycraft_diamond_crop0": {
			"textures": "textures/blocks/Crops/diamondCrop/diamond_crop_0"
		},
		"utilitycraft_diamond_crop1": {
			"textures": "textures/blocks/Crops/diamondCrop/diamond_crop_1"
		},
		"utilitycraft_dye_crop0": {
			"textures": "textures/blocks/Crops/dyeCrop/dye_crop_0"
		},
		"utilitycraft_dye_crop1": {
			"textures": "textures/blocks/Crops/dyeCrop/dye_crop_1"
		},
		"utilitycraft_emerald_crop0": {
			"textures": "textures/blocks/Crops/emeraldCrop/emerald_crop_0"
		},
		"utilitycraft_emerald_crop1": {
			"textures": "textures/blocks/Crops/emeraldCrop/emerald_crop_1"
		},
		"utilitycraft_ender_pearl_crop0": {
			"textures": "textures/blocks/Crops/ender_pearlCrop/ender_pearl_crop_0"
		},
		"utilitycraft_ender_pearl_crop1": {
			"textures": "textures/blocks/Crops/ender_pearlCrop/ender_pearl_crop_1"
		},
		"utilitycraft_ghast_crop0": {
			"textures": "textures/blocks/Crops/ghastCrop/ghast_crop_0"
		},
		"utilitycraft_ghast_crop1": {
			"textures": "textures/blocks/Crops/ghastCrop/ghast_crop_1"
		},
		"utilitycraft_glass_crop0": {
			"textures": "textures/blocks/Crops/glassCrop/glass_crop_0"
		},
		"utilitycraft_glass_crop1": {
			"textures": "textures/blocks/Crops/glassCrop/glass_crop_1"
		},
		"utilitycraft_glowstone_crop0": {
			"textures": "textures/blocks/Crops/glowstoneCrop/glowstone_crop_0"
		},
		"utilitycraft_glowstone_crop1": {
			"textures": "textures/blocks/Crops/glowstoneCrop/glowstone_crop_1"
		},
		"utilitycraft_gold_crop0": {
			"textures": "textures/blocks/Crops/goldCrop/gold_crop_0"
		},
		"utilitycraft_gold_crop1": {
			"textures": "textures/blocks/Crops/goldCrop/gold_crop_1"
		},
		"utilitycraft_gunpowder_crop0": {
			"textures": "textures/blocks/Crops/gunpowderCrop/gunpowder_crop_0"
		},
		"utilitycraft_gunpowder_crop1": {
			"textures": "textures/blocks/Crops/gunpowderCrop/gunpowder_crop_1"
		},
		"utilitycraft_honey_crop0": {
			"textures": "textures/blocks/Crops/honeyCrop/honey_crop_0"
		},
		"utilitycraft_honey_crop1": {
			"textures": "textures/blocks/Crops/honeyCrop/honey_crop_1"
		},
		"utilitycraft_iron_crop0": {
			"textures": "textures/blocks/Crops/ironCrop/iron_crop_0"
		},
		"utilitycraft_iron_crop1": {
			"textures": "textures/blocks/Crops/ironCrop/iron_crop_1"
		},
		"utilitycraft_lapis_crop0": {
			"textures": "textures/blocks/Crops/lapisCrop/lapis_crop_0"
		},
		"utilitycraft_lapis_crop1": {
			"textures": "textures/blocks/Crops/lapisCrop/lapis_crop_1"
		},
		"utilitycraft_lava_crop0": {
			"textures": "textures/blocks/Crops/lavaCrop/lava_crop_0"
		},
		"utilitycraft_lava_crop1": {
			"textures": "textures/blocks/Crops/lavaCrop/lava_crop_1"
		},
		"utilitycraft_leather_crop0": {
			"textures": "textures/blocks/Crops/leatherCrop/leather_crop_0"
		},
		"utilitycraft_leather_crop1": {
			"textures": "textures/blocks/Crops/leatherCrop/leather_crop_1"
		},
		"utilitycraft_nether_star_crop0": {
			"textures": "textures/blocks/Crops/nether_starCrop/nether_star_crop_0"
		},
		"utilitycraft_nether_star_crop1": {
			"textures": "textures/blocks/Crops/nether_starCrop/nether_star_crop_1"
		},
		"utilitycraft_netherite_crop0": {
			"textures": "textures/blocks/Crops/netheriteCrop/netherite_crop_0"
		},
		"utilitycraft_netherite_crop1": {
			"textures": "textures/blocks/Crops/netheriteCrop/netherite_crop_1"
		},
		"utilitycraft_obsidian_crop0": {
			"textures": "textures/blocks/Crops/obsidianCrop/obsidian_crop_0"
		},
		"utilitycraft_obsidian_crop1": {
			"textures": "textures/blocks/Crops/obsidianCrop/obsidian_crop_1"
		},
		"utilitycraft_prismarine_crystal_crop0": {
			"textures": "textures/blocks/Crops/prismarineCRCrop/prismarine_crystals_crop_0"
		},
		"utilitycraft_prismarine_crystal_crop1": {
			"textures": "textures/blocks/Crops/prismarineCRCrop/prismarine_crystals_crop_1"
		},
		"utilitycraft_prismarine_shards_crop0": {
			"textures": "textures/blocks/Crops/prismarineSHCrop/prismarine_shards_crop_0"
		},
		"utilitycraft_prismarine_shards_crop1": {
			"textures": "textures/blocks/Crops/prismarineSHCrop/prismarine_shards_crop_1"
		},
		"utilitycraft_quartz_crop0": {
			"textures": "textures/blocks/Crops/quartzCrop/quartz_crop_0"
		},
		"utilitycraft_quartz_crop1": {
			"textures": "textures/blocks/Crops/quartzCrop/quartz_crop_1"
		},
		"utilitycraft_redstone_crop0": {
			"textures": "textures/blocks/Crops/redstoneCrop/redstone_crop_0"
		},
		"utilitycraft_redstone_crop1": {
			"textures": "textures/blocks/Crops/redstoneCrop/redstone_crop_1"
		},
		"utilitycraft_shulker_crop0": {
			"textures": "textures/blocks/Crops/shulkerCrop/shulker_crop_0"
		},
		"utilitycraft_shulker_crop1": {
			"textures": "textures/blocks/Crops/shulkerCrop/shulker_crop_1"
		},
		"utilitycraft_slime_crop0": {
			"textures": "textures/blocks/Crops/slimeCrop/slime_crop_0"
		},
		"utilitycraft_slime_crop1": {
			"textures": "textures/blocks/Crops/slimeCrop/slime_crop_1"
		},
		"utilitycraft_totem_crop0": {
			"textures": "textures/blocks/Crops/totemCrop/totem_crop_0"
		},
		"utilitycraft_totem_crop1": {
			"textures": "textures/blocks/Crops/totemCrop/totem_crop_1"
		},
		"utilitycraft_water_crop0": {
			"textures": "textures/blocks/Crops/waterCrop/water_crop_0"
		},
		"utilitycraft_water_crop1": {
			"textures": "textures/blocks/Crops/waterCrop/water_crop_1"
		},
		"utilitycraft_wither_crop0": {
			"textures": "textures/blocks/Crops/witherCrop/wither_crop_0"
		},
		"utilitycraft_wither_crop1": {
			"textures": "textures/blocks/Crops/witherCrop/wither_crop_1"
		},
		"utilitycraft_wither_crop2": {
			"textures": "textures/blocks/Crops/witherCrop/wither_crop_2"
		},
		"utilitycraft_wither_crop3": {
			"textures": "textures/blocks/Crops/witherCrop/wither_crop_3"
		},
		"utilitycraft_wither_crop4": {
			"textures": "textures/blocks/Crops/witherCrop/wither_crop_4"
		},
		"utilitycraft_wither_crop5": {
			"textures": "textures/blocks/Crops/witherCrop/wither_crop_5"
		},
		"utilitycraft_wool_crop0": {
			"textures": "textures/blocks/Crops/woolCrop/wool_crop_0"
		},
		"utilitycraft_wool_crop1": {
			"textures": "textures/blocks/Crops/woolCrop/wool_crop_1"
		},
		"utilitycraft_yellow_soil": {
			"textures": "textures/blocks/Soils/soil_1"
		},
		"utilitycraft_yellow_soil_side": {
			"textures": "textures/blocks/Soils/soil_side_1"
		},
		"utilitycraft_red_soil": {
			"textures": "textures/blocks/Soils/soil_2"
		},
		"utilitycraft_red_soil_side": {
			"textures": "textures/blocks/Soils/soil_side_2"
		},
		"utilitycraft_blue_soil": {
			"textures": "textures/blocks/Soils/soil_3"
		},
		"utilitycraft_blue_soil_side": {
			"textures": "textures/blocks/Soils/soil_side_3"
		},
		"utilitycraft_black_soil": {
			"textures": "textures/blocks/Soils/soil_4"
		},
		"utilitycraft_black_soil_side": {
			"textures": "textures/blocks/Soils/soil_side_4"
		}
	}
}