{
	"format_version": "1.1.0",
	"utilitycraft:diamond_crop": {
		"sound": "grass"
	},
	"utilitycraft:iron_crop": {
		"sound": "grass"
	},
	"utilitycraft:gold_crop": {
		"sound": "grass"
	},
	"utilitycraft:redstone_crop": {
		"sound": "grass"
	},
	"utilitycraft:lapis_crop": {
		"sound": "grass"
	},
	"utilitycraft:yellow_soil": {
		"textures": {
			"up": "utilitycraft_yellow_soil",
			"down": "utilitycraft_yellow_soil_side",
			"east": "utilitycraft_yellow_soil_side",
			"north": "utilitycraft_yellow_soil_side",
			"south": "utilitycraft_yellow_soil_side",
			"west": "utilitycraft_yellow_soil_side"
		},
		"sound": "grass"
	},
	"utilitycraft:red_soil": {
		"textures": {
			"up": "utilitycraft_red_soil",
			"down": "utilitycraft_red_soil_side",
			"east": "utilitycraft_red_soil_side",
			"north": "utilitycraft_red_soil_side",
			"south": "utilitycraft_red_soil_side",
			"west": "utilitycraft_red_soil_side"
		},
		"sound": "grass"
	},
	"utilitycraft:blue_soil": {
		"textures": {
			"up": "utilitycraft_blue_soil",
			"down": "utilitycraft_blue_soil_side",
			"east": "utilitycraft_blue_soil_side",
			"north": "utilitycraft_blue_soil_side",
			"south": "utilitycraft_blue_soil_side",
			"west": "utilitycraft_blue_soil_side"
		},
		"sound": "grass"
	},
	"utilitycraft:black_soil": {
		"textures": {
			"up": "utilitycraft_black_soil",
			"down": "utilitycraft_black_soil_side",
			"east": "utilitycraft_black_soil_side",
			"north": "utilitycraft_black_soil_side",
			"south": "utilitycraft_black_soil_side",
			"west": "utilitycraft_black_soil_side"
		},
		"sound": "grass"
	},
	"utilitycraft:wither_crop": {
		"sound": "grass"
	},
	"utilitycraft:emerald_crop": {
		"sound": "grass"
	},
	"utilitycraft:coal_crop": {
		"sound": "grass"
	},
	"utilitycraft:netherite_crop": {
		"sound": "grass"
	},
	"utilitycraft:blaze_crop": {
		"sound": "grass"
	},
	"utilitycraft:tractor_placer": {
		"sound": "metal"
	},
	"utilitycraft:enderpearl_crop": {
		"sound": "grass"
	},
	"utilitycraft:obsidian_crop": {
		"sound": "grass"
	},
	"utilitycraft:netherstar_crop": {
		"sound": "grass"
	},
	"utilitycraft:shulker_crop": {
		"sound": "grass"
	},
	"utilitycraft:totem_crop": {
		"sound": "grass"
	},
	"utilitycraft:quartz_crop": {
		"sound": "grass"
	},
	"utilitycraft:amethyst_crop": {
		"sound": "grass"
	},
	"utilitycraft:glowstone_crop": {
		"sound": "grass"
	},
	"utilitycraft:slime_crop": {
		"sound": "grass"
	},
	"utilitycraft:honey_crop": {
		"sound": "grass"
	},
	"utilitycraft:cobble_gen_1": {
		"sound": "stone"
	},
	"utilitycraft:cobble_gen_2": {
		"sound": "stone"
	},
	"utilitycraft:cobble_gen_3": {
		"sound": "stone"
	},
	"utilitycraft:cobble_gen_4": {
		"sound": "stone"
	},
	"utilitycraft:cobble_gen_5": {
		"sound": "stone"
	},
	"utilitycraft:elevator": {
		"sound": "cloth",
		"textures": "utilitycraft_elevator"
	},
	"utilitycraft:bonsai": {
		"sound": "stone"
	},
	"utilitycraft:ender_hopper": {
		"sound": "stone"
	},
	"utilitycraft:asphalt": {
		"sound": "stone"
	},
	"utilitycraft:drill_placer": {
		"sound": "stone"
	},
	"utilitycraft:harvester": {
		"sound": "metal"
	},
	"utilitycraft:glass_crop": {
		"sound": "grass"
	},
	"utilitycraft:water_crop": {
		"sound": "grass"
	},
	"utilitycraft:lava_crop": {
		"sound": "grass"
	},
	"utilitycraft:prismarine_shards_crop": {
		"sound": "grass"
	},
	"utilitycraft:prismarine_crystal_crop": {
		"sound": "grass"
	},
	"utilitycraft:block_breaker": {
		"sound": "stone"
	},
	"utilitycraft:autosieve": {
		"sound": "stone"
	},
	"utilitycraft:sieve": {
		"sound": "stone"
	},
	"utilitycraft:copper_crop": {
		"sound": "grass"
	},
	"utilitycraft:ghast_crop": {
		"sound": "grass"
	},
	"utilitycraft:gunpowder_crop": {
		"sound": "grass"
	},
	"utilitycraft:leather_crop": {
		"sound": "grass"
	},
	"utilitycraft:wool_crop": {
		"sound": "grass"
	},
	"utilitycraft:compressed_sand": {
		"sound": "sand"
	},
	"utilitycraft:compressed_dirt": {
		"sound": "gravel"
	},
	"utilitycraft:compressed_gravel": {
		"sound": "gravel"
	},
	"utilitycraft:crushed_netherrack": {
		"sound": "stone",
		"textures": "utilitycraft_crushed_netherrack"
	},
	"utilitycraft:compressed_netherrack": {
		"sound": "netherrack"
	},
	"utilitycraft:compressed_diamond_block": {
		"sound": "metal"
	},
	"utilitycraft:compressed_coal_block": {
		"sound": "stone"
	},
	"utilitycraft:compressed_iron_block": {
		"sound": "metal"
	},
	"utilitycraft:dyes_crop": {
		"sound": "grass"
	},
	"utilitycraft:machine_case": {
		"sound": "stone",
		"textures": "utilitycraft_machine_case"
	},
	"utilitycraft:big_torch": {
		"sound": "wood"
	},
	"utilitycraft:flint_block": {
		"sound": "stone",
		"textures": "utilitycraft_flint_block"
	},
	"utilitycraft:lantern": {
		"sound": "stone"
	},
	"utilitycraft:workbench": {
		"sound": "stone"
	},
	"utilitycraft:xp_magnet": {
		"sound": "stone"
	},
	"utilitycraft:mechanic_hopper": {
		"sound": "stone"
	},
	"utilitycraft:basic_fluid_tank": {
		"sound": "metal"
	},
	"utilitycraft:xp_drain": {
		"sound": "stone"
	},
	"utilitycraft:xp_spout": {
		"sound": "stone"
	},
	"utilitycraft:pedestal": {
		"sound": "stone"
	},
	"utilitycraft:steel_block": {
		"sound": "metal",
		"textures": "utilitycraft_steel_block"
	},
	"utilitycraft:waycenter": {
		"sound": "stone",
		"textures": "utilitycraft_waycenter"
	},
	"utilitycraft:waycarpet": {
		"sound": "stone"
	},
	"utilitycraft:energized_iron_block": {
		"sound": "metal",
		"textures": "utilitycraft_energized_iron_block"
	},
	"utilitycraft:raw_energized_iron_block": {
		"sound": "metal",
		"textures": "utilitycraft_raw_energized_iron_block"
	},
	"utilitycraft:raw_steel_block": {
		"sound": "metal",
		"textures": "utilitycraft_raw_steel_block"
	},
	"utilitycraft:electro_press": {
		"sound": "metal"
	},
	"utilitycraft:block_placer": {
		"sound": "metal"
	},
	"utilitycraft:xp_condenser": {
		"sound": "metal"
	},
	"utilitycraft:seed_synthesizer": {
		"sound": "metal"
	},
	"utilitycraft:incinerator": {
		"sound": "metal"
	},
	"utilitycraft:induction_anvil": {
		"sound": "metal"
	},
	"utilitycraft:crucible": {
		"sound": "metal"
	},
	"utilitycraft:magmatic_chamber": {
		"sound": "metal"
	},
	"utilitycraft:mechanic_dropper": {
		"sound": "metal"
	},
	"utilitycraft:crushed_endstone": {
		"sound": "metal",
		"textures": "utilitycraft_crushed_endstone"
	},
	"utilitycraft:crushed_cobbled_deepslate": {
		"sound": "deepslate",
		"textures": "utilitycraft_crushed_cobbled_deepslate"
	},
	"utilitycraft:fluid_pump": {
		"sound": "metal"
	},
	"utilitycraft:energy_cable": {
		"sound": "metal"
	},
	"utilitycraft:item_conduit": {
		"sound": "metal"
	},
	"utilitycraft:fluid_pipe": {
		"sound": "metal"
	},
	"utilitycraft:item_exporter": {
		"sound": "metal"
	},
	"utilitycraft:fluid_extractor": {
		"sound": "metal"
	},
	"utilitycraft:blaze_block": {
		"sound": "metal"
	}
}