{
	"format_version": "1.20.80",
	"minecraft:block": {
		"description": {
			"identifier": "utilitycraft:xp_condenser",
			"menu_category": {
				"category": "construction"
			}
		},
		"components": {
			"minecraft:geometry": "geometry.utilitycraft_block_2",
			"minecraft:material_instances": {
				"*": {
					"texture": "utilitycraft_xp_condenser",
					"render_method": "alpha_test"
				}
			},
			"minecraft:custom_components": [
				"utilitycraft:xp_condenser"
			]
		}
	}
}