{
	"format_version": "1.19.20",
	"minecraft:entity": {
		"description": {
			"identifier": "utilitycraft:pipe",
			"is_spawnable": false,
			"is_summonable": true,
			"is_experimental": false
		},
		"component_groups": {
			"despawn": {
				"minecraft:instant_despawn": {}
			}
		},
		"components": {
			"minecraft:nameable": {
				"always_show": false,
				"allow_name_tag_renaming": false
			},
			"minecraft:type_family": {
				"family": [
					"dorios:exporter"
				]
			},
			"minecraft:fire_immune": true,
			"minecraft:damage_sensor": {
				"triggers": [
					{
						"cause": "all",
						"deals_damage": false
					}
				]
			},
			"minecraft:health": {
				"max": 1,
				"min": 1,
				"value": 1
			},
			"minecraft:knockback_resistance": {
				"value": 1000,
				"max": 1000
			},
			"minecraft:collision_box": {
				"height": 0.25,
				"width": 0.25
			},
			"minecraft:environment_sensor": {
				"triggers": {
					"filters": {
						"test": "has_tag",
						"value": "despawn"
					},
					"event": "despawn"
				}
			},
			"minecraft:inside_block_notifier": {
				"block_list": [
					{
						"block": {
							"name": "air"
						},
						"entered_block_event": {
							"event": "despawn"
						}
					}
				]
			}
		},
		"events": {
			"despawn": {
				"sequence": [
					{
						"add": {
							"component_groups": [
								"despawn"
							]
						}
					}
				]
			}
		}
	}
}