	{
	"format_version": "1.19.20",
	"minecraft:entity": {
		"description": {
			"identifier": "utilitycraft:waycenter",
			"is_spawnable": false,
			"is_summonable": true,
			"is_experimental": false
		},
		"component_groups": {
			"despawn": {
				"minecraft:instant_despawn": {
					"remove_child_entities": false
				}
			}
		},
		"components": {
			"minecraft:collision_box": {
				"height": 0.5,
				"width": 1
			},
			"minecraft:physics": {
				"has_collision": false,
				"has_gravity": false
			},
			"minecraft:damage_sensor": {
				"triggers": [
					{
						"cause": "all",
						"deals_damage": false
					}
				]
			},
			"minecraft:knockback_resistance": {
				"value": 10000
			},
			"minecraft:inside_block_notifier": {
				"block_list": [
					{
						"block": {
							"name": "air"
						},
						"entered_block_event": {
							"event": "despawn"
						}
					}
				]
			}
		},
		"events": {
			"despawn": {
				"add": {
					"component_groups": [
						"despawn"
					]
				}
			}
		}
	}
}