{
	"format_version": "1.20.80",
	"minecraft:block": {
		"description": {
			"identifier": "utilitycraft:ultimate_fluid_tank",
			"menu_category": {
				"category": "construction"
			},
			"states": {
				"utilitycraft:hasliquid": [
					false,
					true
				]
			}
		},
		"components": {
			"utilitycraft:fluid_container": {
				"type": "tank"
			},
			"minecraft:geometry": "geometry.utilitycraft_fluid_tank",
			"minecraft:material_instances": {
				"*": {
					"texture": "utilitycraft_ultimate_fluid_tank",
					"face_dimming": false,
					"ambient_occlusion": false,
					"render_method": "alpha_test"
				}
			},
			"minecraft:collision_box": {
				"origin": [
					-6,
					0,
					-6
				],
				"size": [
					12,
					16,
					12
				]
			},
			"minecraft:selection_box": {
				"origin": [
					-6,
					0,
					-6
				],
				"size": [
					12,
					16,
					12
				]
			},
			"minecraft:light_dampening": 0,
			"tag:dorios:fluid": {}
		}
	}
}