{
	"format_version": "1.12.0",
	"minecraft:geometry": [
		{
			"description": {
				"identifier": "geometry.utilitycraft_mechanical_upper_side",
				"texture_width": 64,
				"texture_height": 64,
				"visible_bounds_width": 2,
				"visible_bounds_height": 2.5,
				"visible_bounds_offset": [0, 0.75, 0]
			},
			"bones": [
				{
					"name": "bone",
					"pivot": [0, 4, 0],
					"rotation": [0, 90, 180],
					"cubes": [
						{
							"origin": [-8, 3, -8],
							"size": [16, 5, 16],
							"uv": {
								"north": {"uv": [32, 28], "uv_size": [-16, 5]},
								"east": {"uv": [32, 28], "uv_size": [-16, 5]},
								"south": {"uv": [32, 28], "uv_size": [-16, 5]},
								"west": {"uv": [32, 28], "uv_size": [-16, 5]},
								"up": {"uv": [16, 0], "uv_size": [-16, 16]},
								"down": {"uv": [16, 32], "uv_size": [-16, -16]}
							}
						},
						{
							"origin": [-5, -2, -5],
							"size": [10, 5, 10],
							"uv": {
								"north": {"uv": [40, 17], "uv_size": [-10, 6]},
								"east": {"uv": [40, 17], "uv_size": [-10, 6]},
								"south": {"uv": [40, 17], "uv_size": [-10, 6]},
								"west": {"uv": [40, 17], "uv_size": [-10, 6]},
								"up": {"uv": [30, 0], "uv_size": [-14, 14]},
								"down": {"uv": [30, 28], "uv_size": [-14, -14]}
							}
						}
					]
				},
				{
					"name": "bone2",
					"parent": "bone",
					"pivot": [0, 9, 0],
					"cubes": [
						{
							"origin": [2, -8.5, -2],
							"size": [4, 5, 4],
							"pivot": [4, -4.5, 0],
							"rotation": [0, 0, -90],
							"uv": {
								"north": {"uv": [25, 13], "uv_size": [-4, 5]},
								"east": {"uv": [25, 13], "uv_size": [-4, 5]},
								"south": {"uv": [25, 13], "uv_size": [-4, 5]},
								"west": {"uv": [25, 13], "uv_size": [-4, 5]},
								"up": {"uv": [30, 0], "uv_size": [-14, 14]},
								"down": {"uv": [30, 28], "uv_size": [-14, -14]}
							}
						},
						{
							"origin": [-3, -7, -3],
							"size": [6, 5, 6],
							"uv": {
								"north": {"uv": [40, 3], "uv_size": [-6, 5]},
								"east": {"uv": [40, 3], "uv_size": [-6, 5]},
								"south": {"uv": [40, 3], "uv_size": [-6, 5]},
								"west": {"uv": [40, 3], "uv_size": [-6, 5]},
								"up": {"uv": [30, 0], "uv_size": [-14, 14]},
								"down": {"uv": [30, 14], "uv_size": [-14, -14]}
							}
						}
					]
				}
			]
		}
	]
}