{
  "format_version": "1.21.100",
  "minecraft:block": {
    "description": {
      "identifier": "utilitycraft:compressed_lapislazuli_block_4",
      "menu_category": {
        "category": "construction"
      }
    },
    "components": {
      "minecraft:geometry": "geometry.utilitycraft_block",
      "minecraft:material_instances": {
        "*": {
          "texture": "utilitycraft_compressed_lapislazuli_block_4",
          "render_method": "alpha_test"
        }
      },
      "minecraft:destructible_by_mining": {
        "seconds_to_destroy": 4.6
      },
      "tag:minecraft:is_pickaxe_item_destructible": {}
    }
  }
}