{
  "format_version": "1.21.100",
  "minecraft:block": {
    "description": {
      "identifier": "utilitycraft:compressed_blackstone",
      "menu_category": {
        "category": "construction"
      }
    },
    "components": {
      "minecraft:geometry": "geometry.utilitycraft_block",
      "minecraft:material_instances": {
        "*": {
          "texture": "utilitycraft_compressed_blackstone",
          "render_method": "alpha_test"
        }
      },
      "minecraft:destructible_by_mining": {
        "seconds_to_destroy": 2.5
      }
    }
  }
}