{
	"format_version": "1.8.0",
	"minecraft:client_entity": {
		"description": {
			"identifier": "utilitycraft:fluid_tank_lava",
			"materials": {
				"default": "entity_alphatest"
			},
			"textures": {
				"default": "textures/entity/lava_fluid"
			},
			"geometry": {
				"default": "geometry.utilitycraft_fluid_tank_entity"
			},
			"render_controllers": [
				"controller.render.oak_tree"
			],
			"spawn_egg": {
				"base_color": "#000000",
				"overlay_color": "#FFFFFF"
			},
			"animations": {
				"fill": "animation.utilitycraft_fluid_tank_entity.fill"
			},
			"animation_controllers": [
				{
					"fluid_fill": "controller.animation.fluid_fill"
				}
			]
		}
	}
}