{
	"format_version": "1.12.0",
	"minecraft:geometry": [
		{
			"description": {
				"identifier": "geometry.utilitycraft_accelerator_clock",
				"texture_width": 16,
				"texture_height": 16,
				"visible_bounds_width": 3,
				"visible_bounds_height": 3.5,
				"visible_bounds_offset": [0, 1.25, 0]
			},
			"bones": [
				{
					"name": "body",
					"pivot": [0, 0, 0],
					"cubes": [
						{
							"origin": [-8, 0, 0],
							"size": [16, 16, 1],
							"uv": {
								"north": {"uv": [0, 0], "uv_size": [16, 16]},
								"east": {"uv": [-2, 0], "uv_size": [2, 16]},
								"south": {"uv": [0, 0], "uv_size": [16, 16]},
								"west": {"uv": [16, 0], "uv_size": [2, 16]},
								"down": {"uv": [16, 0], "uv_size": [16, -2]}
							}
						},
						{
							"origin": [-6, 4, 0],
							"size": [12, 10, 1],
							"uv": {
								"east": {"uv": [1, 6], "uv_size": [1, 4]},
								"west": {"uv": [1, 6], "uv_size": [1, 4]},
								"up": {"uv": [6, 2], "uv_size": [4, -1]},
								"down": {"uv": [2, 9], "uv_size": [-1, -1]}
							}
						},
						{
							"origin": [-7, 12, 0],
							"size": [14, 2, 1],
							"uv": {
								"east": {"uv": [1, 1], "uv_size": [1, 2]},
								"west": {"uv": [1, 1], "uv_size": [1, 2]},
								"down": {"uv": [2, 3], "uv_size": [-1, -2]}
							}
						},
						{
							"origin": [5, 15, 0],
							"size": [1, 1, 1],
							"uv": {
								"east": {"uv": [1, 2], "uv_size": [1, 1]},
								"west": {"uv": [1, 1], "uv_size": [1, 1]},
								"up": {"uv": [13, 0], "uv_size": [1, 1]},
								"down": {"uv": [4, 2], "uv_size": [1, -1]}
							}
						},
						{
							"origin": [-6, 15, 0],
							"size": [1, 1, 1],
							"uv": {
								"east": {"uv": [1, 2], "uv_size": [1, 1]},
								"west": {"uv": [4, 2], "uv_size": [1, 1]},
								"up": {"uv": [2, 0], "uv_size": [1, 1]}
							}
						},
						{
							"origin": [-7, 14, 0],
							"size": [3, 1, 1],
							"uv": {
								"east": {"uv": [1, 2], "uv_size": [1, 1]},
								"west": {"uv": [5, 2], "uv_size": [1, 1]},
								"up": {"uv": [7, 1], "uv_size": [3, 1]},
								"down": {"uv": [5, 2], "uv_size": [3, -1]}
							}
						},
						{
							"origin": [4, 14, 0],
							"size": [3, 1, 1],
							"uv": {
								"east": {"uv": [1, 2], "uv_size": [1, 1]},
								"west": {"uv": [5, 2], "uv_size": [1, 1]},
								"up": {"uv": [7, 1], "uv_size": [3, 1]},
								"down": {"uv": [5, 2], "uv_size": [3, -1]}
							}
						},
						{
							"origin": [-2, 14, 0],
							"size": [4, 1, 1],
							"uv": {
								"east": {"uv": [1, 2], "uv_size": [1, 1]},
								"west": {"uv": [5, 2], "uv_size": [1, 1]},
								"up": {"uv": [6, 1], "uv_size": [4, 1]}
							}
						},
						{
							"origin": [-7, 6, 0],
							"size": [14, 4, 1],
							"uv": {
								"east": {"uv": [1, 6], "uv_size": [1, 4]},
								"west": {"uv": [1, 6], "uv_size": [1, 4]},
								"up": {"uv": [2, 7], "uv_size": [-1, -1]},
								"down": {"uv": [2, 9], "uv_size": [-1, -1]}
							}
						},
						{
							"origin": [-5, 3, 0],
							"size": [10, 1, 1],
							"uv": {
								"east": {"uv": [4, 13], "uv_size": [1, 1]},
								"west": {"uv": [4, 13], "uv_size": [1, 1]},
								"down": {"uv": [5, 14], "uv_size": [-1, -1]}
							}
						},
						{
							"origin": [-4, 2, 0],
							"size": [8, 1, 1],
							"uv": {
								"east": {"uv": [8, 14], "uv_size": [1, 1]},
								"west": {"uv": [8, 14], "uv_size": [1, 1]},
								"down": {"uv": [9, 15], "uv_size": [-1, -1]}
							}
						},
						{
							"origin": [-2, 1, 0],
							"size": [4, 1, 1],
							"uv": {
								"east": {"uv": [8, 14], "uv_size": [1, 1]},
								"west": {"uv": [8, 14], "uv_size": [1, 1]},
								"down": {"uv": [9, 15], "uv_size": [-1, -1]}
							}
						}
					]
				}
			]
		}
	]
}