{
	"format_version": "1.12.0",
	"minecraft:geometry": [
		{
			"description": {
				"identifier": "geometry.utilitycraft_drill",
				"texture_width": 256,
				"texture_height": 256,
				"visible_bounds_width": 6,
				"visible_bounds_height": 4.5,
				"visible_bounds_offset": [
					0,
					1.75,
					0
				]
			},
			"bones": [
				{
					"name": "bb_main",
					"pivot": [
						0,
						0,
						0
					],
					"cubes": [
						{
							"origin": [
								-12,
								8,
								-8
							],
							"size": [
								24,
								24,
								4
							],
							"uv": [
								74,
								139
							]
						},
						{
							"origin": [
								-12,
								8,
								-4
							],
							"size": [
								24,
								14,
								39
							],
							"uv": [
								0,
								0
							]
						},
						{
							"origin": [
								12,
								18,
								-7
							],
							"size": [
								3,
								14,
								31
							],
							"uv": [
								0,
								75
							]
						},
						{
							"origin": [
								12,
								42.5,
								8.75
							],
							"size": [
								3,
								3,
								15
							],
							"uv": [
								153,
								107
							]
						},
						{
							"origin": [
								-15,
								42.5,
								8.75
							],
							"size": [
								3,
								3,
								15
							],
							"uv": [
								27,
								151
							]
						},
						{
							"origin": [
								-15,
								8.5,
								-45
							],
							"size": [
								3,
								3,
								13
							],
							"pivot": [
								0,
								0,
								0
							],
							"rotation": [
								-90,
								0,
								0
							],
							"uv": [
								29,
								153
							]
						},
						{
							"origin": [
								12,
								8.5,
								-45
							],
							"size": [
								3,
								3,
								13
							],
							"pivot": [
								0,
								0,
								0
							],
							"rotation": [
								-90,
								0,
								0
							],
							"uv": [
								29,
								153
							]
						},
						{
							"origin": [
								-15,
								36,
								-14
							],
							"size": [
								3,
								3,
								21
							],
							"pivot": [
								-13.5,
								44.5,
								0
							],
							"rotation": [
								45,
								0,
								0
							],
							"uv": [
								0,
								151
							]
						},
						{
							"origin": [
								-14,
								37.5,
								-14
							],
							"size": [
								28,
								1,
								21
							],
							"pivot": [
								-13.5,
								44.5,
								0
							],
							"rotation": [
								45,
								0,
								0
							],
							"uv": [
								0,
								53
							]
						},
						{
							"origin": [
								12,
								36,
								-14
							],
							"size": [
								3,
								3,
								21
							],
							"pivot": [
								-13.5,
								44.5,
								0
							],
							"rotation": [
								45,
								0,
								0
							],
							"uv": [
								130,
								139
							]
						},
						{
							"origin": [
								-14,
								31,
								9
							],
							"size": [
								1,
								12,
								12
							],
							"uv": [
								0,
								75
							]
						},
						{
							"origin": [
								-14,
								29,
								-11
							],
							"size": [
								1,
								7,
								15
							],
							"pivot": [
								-40.5,
								44.5,
								0
							],
							"rotation": [
								45,
								0,
								0
							],
							"uv": [
								3,
								3
							]
						},
						{
							"origin": [
								13,
								29,
								-11
							],
							"size": [
								1,
								7,
								15
							],
							"pivot": [
								40.5,
								44.5,
								0
							],
							"rotation": [
								45,
								0,
								0
							],
							"uv": [
								3,
								3
							],
							"mirror": true
						},
						{
							"origin": [
								13,
								31,
								9
							],
							"size": [
								1,
								12,
								12
							],
							"uv": [
								37,
								75
							]
						},
						{
							"origin": [
								-15,
								18,
								-6
							],
							"size": [
								3,
								14,
								30
							],
							"uv": [
								38,
								90
							]
						},
						{
							"origin": [
								-12,
								22,
								10
							],
							"size": [
								24,
								4,
								13
							],
							"uv": [
								0,
								134
							]
						},
						{
							"origin": [
								-15,
								32,
								21
							],
							"size": [
								30,
								13,
								3
							],
							"uv": [
								136,
								0
							]
						},
						{
							"origin": [
								-12,
								22,
								21
							],
							"size": [
								24,
								10,
								3
							],
							"uv": [
								147,
								69
							]
						},
						{
							"origin": [
								-12,
								44,
								8.75
							],
							"size": [
								24,
								2,
								15
							],
							"uv": [
								89,
								122
							]
						},
						{
							"origin": [
								-2,
								19,
								21
							],
							"size": [
								16,
								16,
								16
							],
							"inflate": -3,
							"uv": [
								120,
								37
							]
						},
						{
							"origin": [
								-14,
								19,
								21
							],
							"size": [
								16,
								16,
								16
							],
							"inflate": -3,
							"uv": [
								104,
								90
							]
						}
					]
				},
				{
					"name": "right_wheel",
					"pivot": [
						-18,
						11,
						2
					],
					"cubes": [
						{
							"origin": [
								-24,
								1.85051,
								-7.83579
							],
							"size": [
								12,
								1,
								6
							],
							"pivot": [
								-18,
								3,
								-4
							],
							"rotation": [
								135,
								0,
								0
							],
							"uv": [
								28,
								190
							]
						},
						{
							"origin": [
								-23,
								1,
								-1
							],
							"size": [
								11,
								10,
								27
							],
							"uv": [
								71,
								53
							]
						},
						{
							"origin": [
								-24,
								11,
								-1
							],
							"size": [
								12,
								1,
								6
							],
							"uv": [
								160,
								187
							]
						},
						{
							"origin": [
								-24,
								8.21447,
								-7.05025
							],
							"size": [
								12,
								1,
								6
							],
							"pivot": [
								-18,
								10,
								-4
							],
							"rotation": [
								45,
								0,
								0
							],
							"uv": [
								130,
								185
							]
						},
						{
							"origin": [
								-23,
								0.25,
								-8.25
							],
							"size": [
								11,
								7,
								7
							],
							"pivot": [
								0,
								0,
								0
							],
							"rotation": [
								-45,
								0,
								0
							],
							"uv": [
								74,
								90
							]
						},
						{
							"origin": [
								-24,
								11,
								6
							],
							"size": [
								12,
								1,
								6
							],
							"uv": [
								100,
								184
							]
						},
						{
							"origin": [
								-24,
								11,
								13
							],
							"size": [
								12,
								1,
								6
							],
							"uv": [
								64,
								184
							]
						},
						{
							"origin": [
								-24,
								11,
								20
							],
							"size": [
								12,
								1,
								6
							],
							"uv": [
								184,
								58
							]
						},
						{
							"origin": [
								-23,
								19,
								10.75
							],
							"size": [
								11,
								7,
								7
							],
							"pivot": [
								0,
								0,
								0
							],
							"rotation": [
								-45,
								0,
								0
							],
							"uv": [
								0,
								25
							]
						},
						{
							"origin": [
								-24,
								8.87868,
								25.30025
							],
							"size": [
								12,
								1,
								6
							],
							"pivot": [
								-18,
								9,
								28
							],
							"rotation": [
								-45,
								0,
								0
							],
							"uv": [
								184,
								51
							]
						},
						{
							"origin": [
								-24,
								1.10051,
								24.17157
							],
							"size": [
								12,
								1,
								6
							],
							"pivot": [
								-18,
								2,
								28
							],
							"rotation": [
								-135,
								0,
								0
							],
							"uv": [
								34,
								183
							]
						},
						{
							"origin": [
								-24,
								0,
								20
							],
							"size": [
								12,
								1,
								6
							],
							"uv": [
								161,
								180
							]
						},
						{
							"origin": [
								-24,
								0,
								13
							],
							"size": [
								12,
								1,
								6
							],
							"uv": [
								34,
								176
							]
						},
						{
							"origin": [
								-24,
								0,
								6
							],
							"size": [
								12,
								1,
								6
							],
							"uv": [
								168,
								44
							]
						},
						{
							"origin": [
								-24,
								0,
								-1
							],
							"size": [
								12,
								1,
								6
							],
							"uv": [
								168,
								37
							]
						}
					]
				},
				{
					"name": "left_wheel",
					"pivot": [
						18,
						11,
						2
					],
					"cubes": [
						{
							"origin": [
								12,
								2.55761,
								-6.12868
							],
							"size": [
								12,
								1,
								6
							],
							"pivot": [
								18,
								3,
								-3
							],
							"rotation": [
								135,
								0,
								0
							],
							"uv": [
								154,
								194
							]
						},
						{
							"origin": [
								12,
								1,
								-1
							],
							"size": [
								11,
								10,
								27
							],
							"uv": [
								87,
								0
							]
						},
						{
							"origin": [
								12,
								11,
								-1
							],
							"size": [
								12,
								1,
								6
							],
							"uv": [
								184,
								195
							]
						},
						{
							"origin": [
								12,
								8.92157,
								-6.75736
							],
							"size": [
								12,
								1,
								6
							],
							"pivot": [
								18,
								10,
								-3
							],
							"rotation": [
								45,
								0,
								0
							],
							"uv": [
								195,
								174
							]
						},
						{
							"origin": [
								12,
								0.25,
								-8.25
							],
							"size": [
								11,
								7,
								7
							],
							"pivot": [
								0,
								0,
								0
							],
							"rotation": [
								-45,
								0,
								0
							],
							"uv": [
								0,
								120
							]
						},
						{
							"origin": [
								12,
								11,
								6
							],
							"size": [
								12,
								1,
								6
							],
							"uv": [
								194,
								96
							]
						},
						{
							"origin": [
								12,
								11,
								13
							],
							"size": [
								12,
								1,
								6
							],
							"uv": [
								194,
								89
							]
						},
						{
							"origin": [
								12,
								11,
								20
							],
							"size": [
								12,
								1,
								6
							],
							"uv": [
								194,
								82
							]
						},
						{
							"origin": [
								12,
								19,
								10.75
							],
							"size": [
								11,
								7,
								7
							],
							"pivot": [
								0,
								0,
								0
							],
							"rotation": [
								-45,
								0,
								0
							],
							"uv": [
								167,
								125
							]
						},
						{
							"origin": [
								12,
								8.17157,
								25.59315
							],
							"size": [
								12,
								1,
								6
							],
							"pivot": [
								18,
								9,
								29
							],
							"rotation": [
								-45,
								0,
								0
							],
							"uv": [
								193,
								154
							]
						},
						{
							"origin": [
								12,
								0.3934,
								25.87868
							],
							"size": [
								12,
								1,
								6
							],
							"pivot": [
								18,
								2,
								29
							],
							"rotation": [
								-135,
								0,
								0
							],
							"uv": [
								124,
								192
							]
						},
						{
							"origin": [
								12,
								0,
								20
							],
							"size": [
								12,
								1,
								6
							],
							"uv": [
								190,
								188
							]
						},
						{
							"origin": [
								12,
								0,
								13
							],
							"size": [
								12,
								1,
								6
							],
							"uv": [
								58,
								191
							]
						},
						{
							"origin": [
								12,
								0,
								6
							],
							"size": [
								12,
								1,
								6
							],
							"uv": [
								94,
								191
							]
						},
						{
							"origin": [
								12,
								0,
								-1
							],
							"size": [
								12,
								1,
								6
							],
							"uv": [
								191,
								181
							]
						}
					]
				},
				{
					"name": "drill",
					"pivot": [
						0,
						20,
						-14
					]
				},
				{
					"name": "nivel_1",
					"parent": "drill",
					"pivot": [
						0,
						20,
						-14
					],
					"cubes": [
						{
							"origin": [
								-8,
								12,
								-17
							],
							"size": [
								16,
								16,
								5
							],
							"uv": [
								125,
								163
							]
						},
						{
							"origin": [
								-8,
								12,
								-17
							],
							"size": [
								16,
								16,
								5
							],
							"pivot": [
								0,
								20,
								-18
							],
							"rotation": [
								0,
								0,
								22.5
							],
							"uv": [
								163,
								16
							]
						},
						{
							"origin": [
								-8,
								12,
								-17
							],
							"size": [
								16,
								16,
								5
							],
							"pivot": [
								0,
								20,
								-18
							],
							"rotation": [
								0,
								0,
								45
							],
							"uv": [
								152,
								82
							]
						},
						{
							"origin": [
								-8,
								12,
								-17
							],
							"size": [
								16,
								16,
								5
							],
							"pivot": [
								0,
								20,
								-18
							],
							"rotation": [
								0,
								0,
								-22.5
							],
							"uv": [
								157,
								139
							]
						}
					]
				},
				{
					"name": "nivel_2",
					"parent": "drill",
					"pivot": [
						0,
						20,
						-15
					],
					"cubes": [
						{
							"origin": [
								-6,
								14,
								-22
							],
							"size": [
								12,
								12,
								5
							],
							"pivot": [
								0,
								20,
								-15
							],
							"rotation": [
								0,
								0,
								22.5
							],
							"uv": [
								174,
								103
							]
						},
						{
							"origin": [
								-6,
								14,
								-22
							],
							"size": [
								12,
								12,
								5
							],
							"pivot": [
								0,
								20,
								-15
							],
							"rotation": [
								0,
								0,
								45
							],
							"uv": [
								86,
								167
							]
						},
						{
							"origin": [
								-6,
								14,
								-22
							],
							"size": [
								12,
								12,
								5
							],
							"uv": [
								0,
								175
							]
						},
						{
							"origin": [
								-6,
								14,
								-22
							],
							"size": [
								12,
								12,
								5
							],
							"pivot": [
								0,
								20,
								-15
							],
							"rotation": [
								0,
								0,
								-22.5
							],
							"uv": [
								167,
								163
							]
						}
					]
				},
				{
					"name": "nivel_3",
					"parent": "drill",
					"pivot": [
						0,
						20,
						-16
					],
					"cubes": [
						{
							"origin": [
								-4,
								16,
								-26
							],
							"size": [
								8,
								8,
								4
							],
							"pivot": [
								0,
								20,
								-16
							],
							"rotation": [
								0,
								0,
								-22.5
							],
							"uv": [
								87,
								12
							]
						},
						{
							"origin": [
								-4,
								16,
								-26
							],
							"size": [
								8,
								8,
								4
							],
							"uv": [
								0,
								192
							]
						},
						{
							"origin": [
								-4,
								16,
								-26
							],
							"size": [
								8,
								8,
								4
							],
							"pivot": [
								0,
								20,
								-16
							],
							"rotation": [
								0,
								0,
								22.5
							],
							"uv": [
								74,
								104
							]
						},
						{
							"origin": [
								-4,
								16,
								-26
							],
							"size": [
								8,
								8,
								4
							],
							"pivot": [
								0,
								20,
								-16
							],
							"rotation": [
								0,
								0,
								45
							],
							"uv": [
								87,
								0
							]
						}
					]
				},
				{
					"name": "nivel_4",
					"parent": "drill",
					"pivot": [
						0,
						20,
						-16
					],
					"cubes": [
						{
							"origin": [
								-2,
								18,
								-29
							],
							"size": [
								4,
								4,
								3
							],
							"pivot": [
								0,
								20,
								-16
							],
							"rotation": [
								0,
								0,
								-22.5
							],
							"uv": [
								20,
								0
							]
						},
						{
							"origin": [
								-2,
								18,
								-29
							],
							"size": [
								4,
								4,
								3
							],
							"uv": [
								20,
								7
							]
						},
						{
							"origin": [
								-2,
								18,
								-29
							],
							"size": [
								4,
								4,
								3
							],
							"pivot": [
								0,
								20,
								-16
							],
							"rotation": [
								0,
								0,
								22.5
							],
							"uv": [
								0,
								7
							]
						},
						{
							"origin": [
								-2,
								18,
								-29
							],
							"size": [
								4,
								4,
								3
							],
							"pivot": [
								0,
								20,
								-16
							],
							"rotation": [
								0,
								0,
								45
							],
							"uv": [
								0,
								0
							]
						}
					]
				},
				{
					"name": "nivel_5",
					"parent": "drill",
					"pivot": [
						0,
						20,
						-16
					],
					"cubes": [
						{
							"origin": [
								-1,
								19,
								-30
							],
							"size": [
								2,
								2,
								1
							],
							"pivot": [
								0,
								20,
								-16
							],
							"rotation": [
								0,
								0,
								22.5
							],
							"uv": [
								0,
								14
							]
						},
						{
							"origin": [
								-1,
								19,
								-30
							],
							"size": [
								2,
								2,
								1
							],
							"pivot": [
								0,
								20,
								-16
							],
							"rotation": [
								0,
								0,
								45
							],
							"uv": [
								11,
								0
							]
						},
						{
							"origin": [
								-1,
								19,
								-30
							],
							"size": [
								2,
								2,
								1
							],
							"pivot": [
								0,
								20,
								-16
							],
							"rotation": [
								0,
								0,
								-22.5
							],
							"uv": [
								11,
								7
							]
						},
						{
							"origin": [
								-1,
								19,
								-30
							],
							"size": [
								2,
								2,
								1
							],
							"uv": [
								6,
								14
							]
						}
					]
				},
				{
					"name": "drill_frame",
					"parent": "drill",
					"pivot": [
						0,
						20,
						-18
					],
					"cubes": [
						{
							"origin": [
								-12,
								15,
								-12
							],
							"size": [
								6,
								10,
								4
							],
							"pivot": [
								0,
								20,
								-18
							],
							"rotation": [
								0,
								0,
								90
							],
							"uv": [
								84,
								198
							]
						},
						{
							"origin": [
								-12,
								15,
								-12
							],
							"size": [
								6,
								10,
								4
							],
							"uv": [
								24,
								197
							]
						},
						{
							"origin": [
								-12,
								15,
								-12
							],
							"size": [
								6,
								10,
								4
							],
							"pivot": [
								0,
								20,
								-18
							],
							"rotation": [
								0,
								0,
								45
							],
							"uv": [
								64,
								198
							]
						},
						{
							"origin": [
								6,
								15,
								-12
							],
							"size": [
								6,
								10,
								4
							],
							"uv": [
								0,
								53
							]
						},
						{
							"origin": [
								6,
								15,
								-12
							],
							"size": [
								6,
								10,
								4
							],
							"pivot": [
								0,
								20,
								-18
							],
							"rotation": [
								0,
								0,
								-45
							],
							"uv": [
								130,
								139
							]
						},
						{
							"origin": [
								6,
								15,
								-12
							],
							"size": [
								6,
								10,
								4
							],
							"pivot": [
								0,
								20,
								-18
							],
							"rotation": [
								0,
								0,
								45
							],
							"uv": [
								77,
								53
							]
						},
						{
							"origin": [
								-12,
								15,
								-12
							],
							"size": [
								6,
								10,
								4
							],
							"pivot": [
								0,
								20,
								-18
							],
							"rotation": [
								0,
								0,
								-45
							],
							"uv": [
								44,
								198
							]
						},
						{
							"origin": [
								-12,
								15,
								-12
							],
							"size": [
								6,
								10,
								4
							],
							"pivot": [
								0,
								20,
								-18
							],
							"rotation": [
								0,
								0,
								-90
							],
							"uv": [
								0,
								151
							]
						}
					]
				}
			]
		}
	]
}