{
	"format_version": "1.12.0",
	"minecraft:geometry": [
		{
			"description": {
				"identifier": "geometry.utilitycraft_fluid_tank_entity",
				"texture_width": 16,
				"texture_height": 16,
				"visible_bounds_width": 2,
				"visible_bounds_height": 2.5,
				"visible_bounds_offset": [
					0,
					0.75,
					0
				]
			},
			"bones": [
				{
					"name": "fluid",
					"pivot": [
						0,
						0,
						0
					],
					"cubes": [
						{
							"origin": [
								-5.95,
								0.05,
								-5.95
							],
							"size": [
								11.9,
								15.8,
								11.9
							],
							"uv": {
								"north": {
									"uv": [
										2,
										0
									],
									"uv_size": [
										12,
										16
									]
								},
								"east": {
									"uv": [
										2,
										0
									],
									"uv_size": [
										12,
										16
									]
								},
								"south": {
									"uv": [
										2,
										0
									],
									"uv_size": [
										12,
										16
									]
								},
								"west": {
									"uv": [
										2,
										0
									],
									"uv_size": [
										12,
										16
									]
								},
								"up": {
									"uv": [
										14,
										14
									],
									"uv_size": [
										-12,
										-12
									]
								},
								"down": {
									"uv": [
										14,
										14
									],
									"uv_size": [
										-12,
										-12
									]
								}
							}
						}
					]
				}
			]
		}
	]
}