{
	"format_version": "1.12.0",
	"minecraft:geometry": [
		{
			"description": {
				"identifier": "geometry.utilitycraft_explosives",
				"texture_width": 16,
				"texture_height": 16
			},
			"bones": [
				{
					"name": "body",
					"pivot": [
						0,
						0,
						0
					],
					"cubes": [
						{
							"origin": [
								-8,
								-8,
								0
							],
							"size": [
								16,
								16,
								0
							],
							"uv": [
								0,
								0
							],
							"rotation": [
								0,
								0,
								0
							]
						}
					]
				}
			]
		}
	]
}