{
	"format_version": "1.10.0",
	"minecraft:client_entity": {
		"description": {
			"identifier": "utilitycraft:mechanical_spawner_magma_cube",
			"materials": {
				"default": "entity_alphatest"
			},
			"textures": {
				"default": "textures/blocks/mech-spawners/mechanical_spawner_magma_cube"
			},
			"geometry": {
				"default": "geometry.utilitycraft_spawner_type"
			},
			"render_controllers": [
				"controller.render.oak_tree"
			],
			"spawn_egg": {
				"base_color": "#000000",
				"overlay_color": "#FFFFFF"
			}
		}
	}
}