{
	"format_version": "1.20.80",
	"minecraft:block": {
		"description": {
			"identifier": "utilitycraft:sieve",
			"menu_category": {
				"category": "construction"
			},
			"states": {
				"utilitycraft:mesh": [
					"empty",
					"string_mesh",
					"flint_mesh",
					"copper_mesh",
					"iron_mesh",
					"golden_mesh",
					"emerald_mesh",
					"diamond_mesh",
					"netherite_mesh"
				],
				"utilitycraft:state": [
					0,
					1,
					2,
					3,
					4
				],
				"utilitycraft:block": [
					"empty",
					"minecraft:gravel",
					"minecraft:dirt",
					"minecraft:sand",
					"minecraft:soul_sand",
					"utilitycraft:compressed_gravel",
					"utilitycraft:compressed_dirt",
					"utilitycraft:compressed_sand",
					"utilitycraft:crushed_netherrack",
					"utilitycraft:crushed_endstone",
					"utilitycraft:crushed_cobbled_deepslate",
					"utilitycraft:compressed_crushed_netherrack",
					"utilitycraft:compressed_crushed_endstone",
					"utilitycraft:compressed_crushed_cobbled_deepslate"
				]
			}
		},
		"permutations": [
			{
				"condition": "q.block_state('utilitycraft:block') == 'minecraft:gravel'",
				"components": {
					"minecraft:material_instances": {
						"mesh": {
							"texture": "utilitycraft_wood_sieve_meshes",
							"render_method": "alpha_test"
						},
						"*": {
							"texture": "utilitycraft_wood_sieve",
							"render_method": "alpha_test"
						},
						"block": {
							"texture": "gravel",
							"render_method": "alpha_test"
						}
					}
				}
			},
			{
				"condition": "q.block_state('utilitycraft:block') == 'minecraft:sand'",
				"components": {
					"minecraft:material_instances": {
						"mesh": {
							"texture": "utilitycraft_wood_sieve_meshes",
							"render_method": "alpha_test"
						},
						"*": {
							"texture": "utilitycraft_wood_sieve",
							"render_method": "alpha_test"
						},
						"block": {
							"texture": "sand",
							"render_method": "alpha_test"
						}
					}
				}
			},
			{
				"condition": "q.block_state('utilitycraft:block') == 'minecraft:dirt'",
				"components": {
					"minecraft:material_instances": {
						"mesh": {
							"texture": "utilitycraft_wood_sieve_meshes",
							"render_method": "alpha_test"
						},
						"*": {
							"texture": "utilitycraft_wood_sieve",
							"render_method": "alpha_test"
						},
						"block": {
							"texture": "dirt",
							"render_method": "alpha_test"
						}
					}
				}
			},
			{
				"condition": "q.block_state('utilitycraft:block') == 'minecraft:soul_sand'",
				"components": {
					"minecraft:material_instances": {
						"mesh": {
							"texture": "utilitycraft_wood_sieve_meshes",
							"render_method": "alpha_test"
						},
						"*": {
							"texture": "utilitycraft_wood_sieve",
							"render_method": "alpha_test"
						},
						"block": {
							"texture": "soul_sand",
							"render_method": "alpha_test"
						}
					}
				}
			},
			{
				"condition": "q.block_state('utilitycraft:block') == 'utilitycraft:compressed_gravel'",
				"components": {
					"minecraft:material_instances": {
						"mesh": {
							"texture": "utilitycraft_wood_sieve_meshes",
							"render_method": "alpha_test"
						},
						"*": {
							"texture": "utilitycraft_wood_sieve",
							"render_method": "alpha_test"
						},
						"block": {
							"texture": "utilitycraft_compressed_gravel",
							"render_method": "alpha_test"
						}
					}
				}
			},
			{
				"condition": "q.block_state('utilitycraft:block') == 'utilitycraft:compressed_dirt'",
				"components": {
					"minecraft:material_instances": {
						"mesh": {
							"texture": "utilitycraft_wood_sieve_meshes",
							"render_method": "alpha_test"
						},
						"*": {
							"texture": "utilitycraft_wood_sieve",
							"render_method": "alpha_test"
						},
						"block": {
							"texture": "utilitycraft_compressed_dirt",
							"render_method": "alpha_test"
						}
					}
				}
			},
			{
				"condition": "q.block_state('utilitycraft:block') == 'utilitycraft:compressed_sand'",
				"components": {
					"minecraft:material_instances": {
						"mesh": {
							"texture": "utilitycraft_wood_sieve_meshes",
							"render_method": "alpha_test"
						},
						"*": {
							"texture": "utilitycraft_wood_sieve",
							"render_method": "alpha_test"
						},
						"block": {
							"texture": "utilitycraft_compressed_sand",
							"render_method": "alpha_test"
						}
					}
				}
			},
			{
				"condition": "q.block_state('utilitycraft:block') == 'utilitycraft:crushed_netherrack'",
				"components": {
					"minecraft:material_instances": {
						"mesh": {
							"texture": "utilitycraft_wood_sieve_meshes",
							"render_method": "alpha_test"
						},
						"*": {
							"texture": "utilitycraft_wood_sieve",
							"render_method": "alpha_test"
						},
						"block": {
							"texture": "utilitycraft_crushed_netherrack",
							"render_method": "alpha_test"
						}
					}
				}
			},
			{
				"condition": "q.block_state('utilitycraft:block') == 'utilitycraft:crushed_endstone'",
				"components": {
					"minecraft:material_instances": {
						"mesh": {
							"texture": "utilitycraft_wood_sieve_meshes",
							"render_method": "alpha_test"
						},
						"*": {
							"texture": "utilitycraft_wood_sieve",
							"render_method": "alpha_test"
						},
						"block": {
							"texture": "utilitycraft_crushed_endstone",
							"render_method": "alpha_test"
						}
					}
				}
			},
			{
				"condition": "q.block_state('utilitycraft:block') == 'utilitycraft:crushed_cobbled_deepslate'",
				"components": {
					"minecraft:material_instances": {
						"mesh": {
							"texture": "utilitycraft_wood_sieve_meshes",
							"render_method": "alpha_test"
						},
						"*": {
							"texture": "utilitycraft_wood_sieve",
							"render_method": "alpha_test"
						},
						"block": {
							"texture": "utilitycraft_crushed_cobbled_deepslate",
							"render_method": "alpha_test"
						}
					}
				}
			},
			{
				"condition": "q.block_state('utilitycraft:block') == 'utilitycraft:compressed_crushed_netherrack'",
				"components": {
					"minecraft:material_instances": {
						"mesh": {
							"texture": "utilitycraft_wood_sieve_meshes",
							"render_method": "alpha_test"
						},
						"*": {
							"texture": "utilitycraft_wood_sieve",
							"render_method": "alpha_test"
						},
						"block": {
							"texture": "utilitycraft_compressed_crushed_netherrack",
							"render_method": "alpha_test"
						}
					}
				}
			},
			{
				"condition": "q.block_state('utilitycraft:block') == 'utilitycraft:compressed_crushed_endstone'",
				"components": {
					"minecraft:material_instances": {
						"mesh": {
							"texture": "utilitycraft_wood_sieve_meshes",
							"render_method": "alpha_test"
						},
						"*": {
							"texture": "utilitycraft_wood_sieve",
							"render_method": "alpha_test"
						},
						"block": {
							"texture": "utilitycraft_compressed_crushed_endstone",
							"render_method": "alpha_test"
						}
					}
				}
			},
			{
				"condition": "q.block_state('utilitycraft:block') == 'utilitycraft:compressed_crushed_cobbled_deepslate'",
				"components": {
					"minecraft:material_instances": {
						"mesh": {
							"texture": "utilitycraft_wood_sieve_meshes",
							"render_method": "alpha_test"
						},
						"*": {
							"texture": "utilitycraft_wood_sieve",
							"render_method": "alpha_test"
						},
						"block": {
							"texture": "utilitycraft_compressed_crushed_cobbled_deepslate",
							"render_method": "alpha_test"
						}
					}
				}
			}
		],
		"components": {
			"utilitycraft:sieve": {},
			"minecraft:geometry": {
				"identifier": "geometry.utilitycraft_wood_sieve",
				"bone_visibility": {
					"block4": "q.block_state('utilitycraft:state') == 4",
					"block3": "q.block_state('utilitycraft:state') == 3",
					"block2": "q.block_state('utilitycraft:state') == 2",
					"block1": "q.block_state('utilitycraft:state') == 1",
					"string_mesh": "q.block_state('utilitycraft:mesh') == 'string_mesh'",
					"flint_mesh": "q.block_state('utilitycraft:mesh') == 'flint_mesh'",
					"copper_mesh": "q.block_state('utilitycraft:mesh') == 'copper_mesh'",
					"iron_mesh": "q.block_state('utilitycraft:mesh') == 'iron_mesh'",
					"golden_mesh": "q.block_state('utilitycraft:mesh') == 'golden_mesh'",
					"emerald_mesh": "q.block_state('utilitycraft:mesh') == 'emerald_mesh'",
					"diamond_mesh": "q.block_state('utilitycraft:mesh') == 'diamond_mesh'",
					"netherite_mesh": "q.block_state('utilitycraft:mesh') == 'netherite_mesh'"
				}
			},
			"minecraft:material_instances": {
				"mesh": {
					"texture": "utilitycraft_wood_sieve_meshes",
					"render_method": "alpha_test"
				},
				"*": {
					"texture": "utilitycraft_wood_sieve",
					"render_method": "alpha_test"
				},
				"block": {
					"texture": "utilitycraft_empty",
					"render_method": "alpha_test"
				}
			},
			"minecraft:collision_box": {
				"size": [
					14,
					15,
					14
				],
				"origin": [
					-7,
					0,
					-7
				]
			},
			"minecraft:selection_box": {
				"size": [
					14,
					15,
					14
				],
				"origin": [
					-7,
					0,
					-7
				]
			}
		}
	}
}