{
	"format_version": "1.8.0",
	"animations": {
		"animation.grow_tree_60": {
			"loop": "hold_on_last_frame",
			"animation_length": 60,
			"bones": {
				"tree": {
					"scale": {
						"0.0": {
							"post": [
								1,
								1,
								1
							],
							"lerp_mode": "catmullrom"
						},
						"60.0": {
							"post": [
								7.5,
								7.5,
								7.5
							],
							"lerp_mode": "catmullrom"
						}
					}
				}
			}
		},
		"animation.grow_tree_50": {
			"loop": "hold_on_last_frame",
			"animation_length": 50,
			"bones": {
				"tree": {
					"scale": {
						"0.0": {
							"post": [
								1,
								1,
								1
							],
							"lerp_mode": "catmullrom"
						},
						"50.0": {
							"post": [
								7.5,
								7.5,
								7.5
							],
							"lerp_mode": "catmullrom"
						}
					}
				}
			}
		},
		"animation.grow_tree_45": {
			"loop": "hold_on_last_frame",
			"animation_length": 45,
			"bones": {
				"tree": {
					"scale": {
						"0.0": {
							"post": [
								1,
								1,
								1
							],
							"lerp_mode": "catmullrom"
						},
						"45.0": {
							"post": [
								7.5,
								7.5,
								7.5
							],
							"lerp_mode": "catmullrom"
						}
					}
				}
			}
		},
		"animation.grow_tree_40": {
			"loop": "hold_on_last_frame",
			"animation_length": 40,
			"bones": {
				"tree": {
					"scale": {
						"0.0": {
							"post": [
								1,
								1,
								1
							],
							"lerp_mode": "catmullrom"
						},
						"40.0": {
							"post": [
								7.5,
								7.5,
								7.5
							],
							"lerp_mode": "catmullrom"
						}
					}
				}
			}
		},
		"animation.grow_tree_30": {
			"loop": "hold_on_last_frame",
			"animation_length": 30,
			"bones": {
				"tree": {
					"scale": {
						"0.0": {
							"post": [
								1,
								1,
								1
							],
							"lerp_mode": "catmullrom"
						},
						"30.0": {
							"post": [
								7.5,
								7.5,
								7.5
							],
							"lerp_mode": "catmullrom"
						}
					}
				}
			}
		},
		"animation.grow_tree_10": {
			"loop": "hold_on_last_frame",
			"animation_length": 10,
			"bones": {
				"tree": {
					"scale": {
						"0.0": {
							"post": [
								1,
								1,
								1
							],
							"lerp_mode": "catmullrom"
						},
						"10.0": {
							"post": [
								7.5,
								7.5,
								7.5
							],
							"lerp_mode": "catmullrom"
						}
					}
				}
			}
		}
	}
}