{
	"format_version": "1.8.0",
	"animations": {
		"animation.drill.mining": {
			"loop": true,
			"animation_length": 1,
			"bones": {
				"nivel_1": {
					"rotation": {
						"0.0": {
							"post": [
								0,
								0,
								0
							],
							"lerp_mode": "catmullrom"
						},
						"1.0": {
							"post": [
								0,
								0,
								-360
							],
							"lerp_mode": "catmullrom"
						}
					}
				},
				"nivel_2": {
					"rotation": {
						"0.0": {
							"post": [
								0,
								0,
								0
							],
							"lerp_mode": "catmullrom"
						},
						"1.0": {
							"post": [
								0,
								0,
								360
							],
							"lerp_mode": "catmullrom"
						}
					}
				},
				"nivel_3": {
					"rotation": {
						"0.0": {
							"post": [
								0,
								0,
								0
							],
							"lerp_mode": "catmullrom"
						},
						"1.0": {
							"post": [
								0,
								0,
								-360
							],
							"lerp_mode": "catmullrom"
						}
					}
				},
				"nivel_4": {
					"rotation": {
						"0.0": {
							"post": [
								0,
								0,
								0
							],
							"lerp_mode": "catmullrom"
						},
						"1.0": {
							"post": [
								0,
								0,
								360
							],
							"lerp_mode": "catmullrom"
						}
					}
				},
				"nivel_5": {
					"rotation": {
						"0.0": {
							"post": [
								0,
								0,
								0
							],
							"lerp_mode": "catmullrom"
						},
						"1.0": {
							"post": [
								0,
								0,
								-360
							],
							"lerp_mode": "catmullrom"
						}
					}
				}
			}
		}
	}
}