{
	"format_version": "1.8.0",
	"animations": {
		"animation.mob_grinder_entity.spin": {
			"loop": true,
			"animation_length": 2,
			"bones": {
				"second": {
					"rotation": {
						"0.0": {
							"post": [
								0,
								0,
								0
							],
							"lerp_mode": "catmullrom"
						},
						"1.0": {
							"post": [
								0,
								-180,
								0
							],
							"lerp_mode": "catmullrom"
						},
						"2.0": {
							"post": [
								0,
								-360,
								0
							],
							"lerp_mode": "catmullrom"
						}
					}
				},
				"third": {
					"rotation": {
						"0.0": {
							"post": [
								0,
								0,
								0
							],
							"lerp_mode": "catmullrom"
						},
						"1.0": {
							"post": [
								0,
								180,
								0
							],
							"lerp_mode": "catmullrom"
						},
						"2.0": {
							"post": [
								0,
								360,
								0
							],
							"lerp_mode": "catmullrom"
						}
					}
				},
				"first": {
					"rotation": {
						"0.0": {
							"post": [
								0,
								0,
								0
							],
							"lerp_mode": "catmullrom"
						},
						"1.0": {
							"post": [
								0,
								180,
								0
							],
							"lerp_mode": "catmullrom"
						},
						"2.0": {
							"post": [
								0,
								360,
								0
							],
							"lerp_mode": "catmullrom"
						}
					}
				}
			}
		}
	}
}