{
	"format_version": "1.8.0",
	"animations": {
		"animation.tractor.move": {
			"loop": true,
			"animation_length": 2,
			"bones": {
				"Razor": {
					"rotation": {
						"0.0": {
							"post": [
								0,
								0,
								0
							],
							"lerp_mode": "catmullrom"
						},
						"0.5": {
							"post": [
								0,
								0,
								-360
							],
							"lerp_mode": "catmullrom"
						},
						"1.0": {
							"post": [
								0,
								0,
								-720
							],
							"lerp_mode": "catmullrom"
						},
						"1.5": {
							"post": [
								0,
								0,
								-1080
							],
							"lerp_mode": "catmullrom"
						},
						"2.0": {
							"post": [
								0,
								0,
								-1440
							],
							"lerp_mode": "catmullrom"
						}
					}
				},
				"l_big_wheel": {
					"rotation": {
						"0.0": {
							"post": [
								0,
								0,
								0
							],
							"lerp_mode": "catmullrom"
						},
						"2.0": {
							"post": [
								0,
								0,
								-360
							],
							"lerp_mode": "catmullrom"
						}
					}
				},
				"r_big_wheel": {
					"rotation": {
						"0.0": {
							"post": [
								0,
								0,
								0
							],
							"lerp_mode": "catmullrom"
						},
						"2.0": {
							"post": [
								0,
								0,
								-360
							],
							"lerp_mode": "catmullrom"
						}
					}
				},
				"l_wheel": {
					"rotation": {
						"0.0": {
							"post": [
								0,
								0,
								0
							],
							"lerp_mode": "catmullrom"
						},
						"2.0": {
							"post": [
								0,
								0,
								-360
							],
							"lerp_mode": "catmullrom"
						}
					}
				},
				"r_wheel": {
					"rotation": {
						"0.0": {
							"post": [
								0,
								0,
								0
							],
							"lerp_mode": "catmullrom"
						},
						"2.0": {
							"post": [
								0,
								0,
								-360
							],
							"lerp_mode": "catmullrom"
						}
					}
				}
			}
		},
		"animation.tractor.hold": {
			"loop": "hold_on_last_frame",
			"bones": {
				"Tractor": {
					"scale": 0.1
				}
			}
		}
	}
}