{
	"format_version": "1.16.0",
	"minecraft:entity": {
		"description": {
			"identifier": "utilitycraft:grenade",
			"is_spawnable": false,
			"is_summonable": false,
			"is_experimental": false,
			"runtime_identifier": "minecraft:snowball"
		},
		"component_groups": {
			"exploding": {
				"minecraft:explode": {
					"fuse_length": 0,
					"fuse_lit": true,
					"power": 1,
					"causes_fire": false,
					"breaks_blocks": false,
					"fire_affected_by_griefing": true,
					"destroy_affected_by_griefing": false
				}
			}
		},
		"components": {
			"minecraft:collision_box": {
				"width": 0.1,
				"height": 0.1
			},
			"minecraft:projectile": {
				"on_hit": {
					"impact_damage": {
						"knockback": false,
						"semi_random_diff_damage": false,
						"damage": 1
					},
					"definition_event": {
						"affect_projectile": true,
						"event_trigger": {
							"event": "explode",
							"target": "self"
						}
					}
				},
				"anchor": 1,
				"power": 1.5,
				"gravity": 0.03,
				"angle_offset": 0,
				"offset": [
					0,
					-0.1,
					0
				]
			},
			"minecraft:physics": {},
			"minecraft:damage_sensor": {
				"triggers": [
					{
						"cause": "all",
						"deals_damage": false
					}
				]
			},
			"minecraft:pushable": {
				"is_pushable": true,
				"is_pushable_by_piston": true
			}
		},
		"events": {
			"explode": {
				"add": {
					"component_groups": [
						"exploding"
					]
				}
			}
		}
	}
}