{
	"format_version": "1.20.80",
	"minecraft:block": {
		"description": {
			"identifier": "utilitycraft:induction_anvil",
			"menu_category": {
				"category": "construction"
			},
			"traits": {
				"minecraft:placement_direction": {
					"enabled_states": [
						"minecraft:cardinal_direction"
					],
					"y_rotation_offset": 180
				}
			},
			"states": {
				"utilitycraft:on": [
					false,
					true
				]
			}
		},
		"components": {
			"utilitycraft:induction_anvil": {
				"entity": {
					"inventory_size": 6
				},
				"machine": {
					"energy_cap": 64000,
					"energy_cost": 1000,
					"rate_speed_base": 25,
					"upgrades": [
						2,
						3
					]
				}
			},
			"minecraft:geometry": "geometry.induction_anvil",
			"minecraft:material_instances": {
				"*": {
					"texture": "utilitycraft_induction_anvil",
					"render_method": "alpha_test"
				}
			},
			"minecraft:tick": {
				"interval_range": [
					2,
					2
				]
			},
			"tag:dorios:energy": {},
			"tag:dorios:item": {}
		},
		"permutations": [
			{
				"condition": "q.block_state('minecraft:cardinal_direction') == 'north' ",
				"components": {
					"minecraft:transformation": {
						"rotation": [
							0,
							0,
							0
						]
					}
				}
			},
			{
				"condition": "q.block_state('minecraft:cardinal_direction') == 'south' ",
				"components": {
					"minecraft:transformation": {
						"rotation": [
							0,
							180,
							0
						]
					}
				}
			},
			{
				"condition": "q.block_state('minecraft:cardinal_direction') == 'east' ",
				"components": {
					"minecraft:transformation": {
						"rotation": [
							0,
							-90,
							0
						]
					}
				}
			},
			{
				"condition": "q.block_state('minecraft:cardinal_direction') == 'west' ",
				"components": {
					"minecraft:transformation": {
						"rotation": [
							0,
							90,
							0
						]
					}
				}
			}
		]
	}
}