{
	"format_version": "1.12.0",
	"minecraft:geometry": [
		{
			"description": {
				"identifier": "geometry.utilitycraft_block_bonsai",
				"texture_width": 16,
				"texture_height": 16,
				"visible_bounds_width": 2,
				"visible_bounds_height": 1.5,
				"visible_bounds_offset": [
					0,
					0.25,
					0
				]
			},
			"bones": [
				{
					"name": "tree",
					"pivot": [
						0,
						0,
						0
					],
					"cubes": [
						{
							"origin": [
								-2,
								0,
								-2
							],
							"size": [
								4,
								4,
								4
							],
							"uv": {
								"north": {
									"uv": [
										0,
										0
									],
									"uv_size": [
										8,
										16
									]
								},
								"east": {
									"uv": [
										0,
										0
									],
									"uv_size": [
										8,
										16
									]
								},
								"south": {
									"uv": [
										0,
										0
									],
									"uv_size": [
										8,
										16
									]
								},
								"west": {
									"uv": [
										0,
										0
									],
									"uv_size": [
										8,
										16
									]
								},
								"up": {
									"uv": [
										16,
										16
									],
									"uv_size": [
										-8,
										-16
									]
								},
								"down": {
									"uv": [
										16,
										16
									],
									"uv_size": [
										-8,
										-16
									]
								}
							}
						}
					]
				}
			]
		}
	]
}