{
	"format_version": "1.16.0",
	"minecraft:geometry": [
		{
			"description": {
				"identifier": "geometry.dorios_wiki_book",
				"texture_width": 1024,
				"texture_height": 1024,
				"visible_bounds_width": 3,
				"visible_bounds_height": 3.5,
				"visible_bounds_offset": [0, 1.25, 0]
			},
			"bones": [
				{
					"name": "book",
					"pivot": [0, 30, 0],
					"rotation": [5, 0, 0],
					"binding": "q.item_slot_to_bone_name(c.item_slot)",
					"cubes": [
						{
							"origin": [-0.5, 22.75, -1.25],
							"size": [1, 14.5, 1.25],
							"uv": {
								"north": {"uv": [225, 473.66667], "uv_size": [5, 90.33333]},
								"east": {"uv": [225, 473.66667], "uv_size": [5, 90.33333]},
								"south": {"uv": [74, 473.66667], "uv_size": [5, 90.33333]},
								"west": {"uv": [225, 473.66667], "uv_size": [5, 90.33333]},
								"up": {"uv": [230, 478], "uv_size": [-5, -4.33333]},
								"down": {"uv": [230, 478], "uv_size": [-5, -4.33333]}
							}
						},
						{
							"origin": [0, 23, -1],
							"size": [10, 14, 1],
							"pivot": [1, 30, 0],
							"rotation": [0, -2.5, 0],
							"uv": {
								"north": {"uv": [227.66667, 473.66667], "uv_size": [-74, 90.33333]},
								"east": {"uv": [25, 497], "uv_size": [10, 14]},
								"south": {"uv": [0, 473.66667], "uv_size": [76, 90.33333]},
								"west": {"uv": [73, 473.66667], "uv_size": [10, 89.33333]},
								"up": {"uv": [74, 475], "uv_size": [-74, -1.33333]},
								"down": {"uv": [74, 475.66667], "uv_size": [-74, -2]}
							}
						},
						{
							"origin": [-10, 23, -1],
							"size": [10, 14, 1],
							"pivot": [-1, 30, 0],
							"rotation": [0, 2.5, 0],
							"uv": {
								"north": {"uv": [304, 473.66667], "uv_size": [-74, 90.33333]},
								"east": {"uv": [83, 473.66667], "uv_size": [-10, 89.33333]},
								"south": {"uv": [77, 473.66667], "uv_size": [74, 90.33333]},
								"west": {"uv": [35, 497], "uv_size": [-10, 14]},
								"up": {"uv": [153, 476], "uv_size": [-74, -2]},
								"down": {"uv": [153, 476], "uv_size": [-74, -2]}
							}
						},
						{
							"origin": [9.25, 23.25, 0.25],
							"size": [7, 13.5, 0.5],
							"pivot": [11.25, 30, 0.75],
							"rotation": [0, -7.5, 0],
							"uv": {
								"north": {"uv": [268, 473.66667], "uv_size": [36, 90.33333]},
								"south": {"uv": [304, 473.66667], "uv_size": [-36, 90.33333]},
								"west": {"uv": [304, 473.66667], "uv_size": [-3, 91]},
								"up": {"uv": [268, 475], "uv_size": [36, -1.33333]},
								"down": {"uv": [268, 475.66667], "uv_size": [36, -2]}
							}
						}
					]
				},
				{
					"name": "pages",
					"parent": "book",
					"pivot": [0, 24, 0],
					"cubes": [
						{
							"origin": [0, 24, 0],
							"size": [9, 12, 0.5],
							"pivot": [0, 24, 0],
							"rotation": [0, -2.5, 0],
							"uv": {
								"south": {"uv": [0, 0], "uv_size": [378, 454]},
								"west": {"uv": [756, 0], "uv_size": [19, 454]},
								"up": {"uv": [378, 473], "uv_size": [-378, -19]},
								"down": {"uv": [378, 473], "uv_size": [-378, -19]}
							}
						},
						{
							"origin": [-9, 24, 0],
							"size": [9, 12, 0.5],
							"pivot": [0, 24, 0],
							"rotation": [0, 2.5, 0],
							"uv": {
								"east": {"uv": [775, 0], "uv_size": [-19, 454]},
								"south": {"uv": [378, 0], "uv_size": [378, 454]},
								"up": {"uv": [0, 473], "uv_size": [378, -19]},
								"down": {"uv": [0, 473], "uv_size": [378, -19]}
							}
						},
						{
							"origin": [10.5, 24.5, 0],
							"size": [5.25, 11, 0.25],
							"pivot": [7, 24, 0],
							"rotation": [0, -7.5, 0],
							"uv": {
								"east": {"uv": [756, 0], "uv_size": [1, 454]},
								"south": {"uv": [775, 0], "uv_size": [249, 454]},
								"west": {"uv": [756, 0], "uv_size": [1, 454]},
								"up": {"uv": [757, 454], "uv_size": [-1, -454]},
								"down": {"uv": [757, 454], "uv_size": [-1, -454]}
							}
						}
					]
				}
			]
		}
	]
}