{
	"format_version": "1.12.0",
	"minecraft:geometry": [
		{
			"description": {
				"identifier": "geometry.utilitycraft_kelp_armor",
				"texture_width": 64,
				"texture_height": 16,
				"visible_bounds_width": 3,
				"visible_bounds_height": 3.5,
				"visible_bounds_offset": [0, 1.25, 0]
			},
			"bones": [
				{
					"name": "bb_main",
					"pivot": [0, 0, 0],
					"cubes": [
						{
							"origin": [-15.75, 0.25, -15.75],
							"size": [31.5, 31.5, 31.5],
							"uv": {
								"north": {"uv": [32, 0], "uv_size": [16, 16]},
								"east": {"uv": [32, 0], "uv_size": [16, 16]},
								"south": {"uv": [32, 0], "uv_size": [16, 16]},
								"west": {"uv": [32, 0], "uv_size": [16, 16]},
								"up": {"uv": [48, 16], "uv_size": [-16, -16]},
								"down": {"uv": [48, 16], "uv_size": [-16, -16]}
							}
						}
					]
				}
			]
		}
	]
}