{
	"format_version": "1.12.0",
	"minecraft:geometry": [
		{
			"description": {
				"identifier": "geometry.utilitycraft_kelp",
				"texture_width": 64,
				"texture_height": 16,
				"visible_bounds_width": 3,
				"visible_bounds_height": 3.5,
				"visible_bounds_offset": [0, 1.25, 0]
			},
			"bones": [
				{
					"name": "bb_main",
					"pivot": [0, 0, 0],
					"cubes": [
						{
							"origin": [-16, 0, -16],
							"size": [32, 32, 32],
							"uv": {
								"north": {"uv": [16, 0], "uv_size": [16, 16]},
								"east": {"uv": [16, 0], "uv_size": [16, 16]},
								"south": {"uv": [16, 0], "uv_size": [16, 16]},
								"west": {"uv": [16, 0], "uv_size": [16, 16]},
								"up": {"uv": [32, 16], "uv_size": [-16, -16]},
								"down": {"uv": [32, 16], "uv_size": [-16, -16]}
							}
						}
					]
				},
				{
					"name": "tree",
					"pivot": [0, 0, 0],
					"cubes": [
						{
							"origin": [0, 0, -2.4],
							"size": [0, 4.8, 4.8],
							"pivot": [0, 0, 0],
							"rotation": [0, 45, 0],
							"uv": {
								"north": {"uv": [0, 0], "uv_size": [21.33333, 16]},
								"west": {"uv": [0, 0], "uv_size": [16, 16]},
								"up": {"uv": [0, 16], "uv_size": [0, -16]}
							}
						},
						{
							"origin": [0, 0, -2.4],
							"size": [0, 4.8, 4.8],
							"pivot": [0, 0, 0],
							"rotation": [0, -45, 0],
							"uv": {
								"west": {"uv": [48, 0], "uv_size": [16, 16]}
							}
						}
					]
				}
			]
		}
	]
}