{
	"format_version": "1.20.80",
	"minecraft:block": {
		"description": {
			"identifier": "utilitycraft:expert_wind_turbine",
			"menu_category": {
				"category": "construction"
			},
			"traits": {
				"minecraft:placement_direction": {
					"enabled_states": [
						"minecraft:cardinal_direction"
					],
					"y_rotation_offset": 180
				}
			},
			"states": {
				"utilitycraft:on": [
					false,
					true
				]
			}
		},
		"components": {
			"utilitycraft:wind_turbine": {
				"entity": {
					"name": "wind_turbine",
					"type": "passive"
				},
				"generator": {
					"energy_cap": 1024000,
					"rate_speed_base": 128
				}
			},
			"minecraft:geometry": "geometry.utilitycraft_wind_turbine",
			"minecraft:material_instances": {
				"aspas": {
					"texture": "utilitycraft_wind_turbine_still",
					"render_method": "alpha_test"
				},
				"*": {
					"texture": "utilitycraft_expert_wind_turbine_off",
					"render_method": "alpha_test"
				}
			},
			"minecraft:tick": {
				"interval_range": [
					2,
					2
				]
			},
			"minecraft:selection_box": {
				"origin": [
					-8,
					0,
					-8
				],
				"size": [
					16,
					16,
					16
				]
			},
			"minecraft:collision_box": {
				"origin": [
					-8,
					0,
					-8
				],
				"size": [
					16,
					16,
					16
				]
			},
			"minecraft:destructible_by_mining": {
				"seconds_to_destroy": 1
			},
			"minecraft:destructible_by_explosion": false,
			"tag:dorios:energy": {},
			"tag:minecraft:is_pickaxe_item_destructible": {}
		},
		"permutations": [
			{
				"condition": "q.block_state('minecraft:cardinal_direction') == 'north' ",
				"components": {
					"minecraft:transformation": {
						"rotation": [
							0,
							0,
							0
						]
					}
				}
			},
			{
				"condition": "q.block_state('minecraft:cardinal_direction') == 'south' ",
				"components": {
					"minecraft:transformation": {
						"rotation": [
							0,
							180,
							0
						]
					}
				}
			},
			{
				"condition": "q.block_state('minecraft:cardinal_direction') == 'east' ",
				"components": {
					"minecraft:transformation": {
						"rotation": [
							0,
							-90,
							0
						]
					}
				}
			},
			{
				"condition": "q.block_state('minecraft:cardinal_direction') == 'west' ",
				"components": {
					"minecraft:transformation": {
						"rotation": [
							0,
							90,
							0
						]
					}
				}
			},
			{
				"condition": "q.block_state('utilitycraft:on') == true ",
				"components": {
					"minecraft:material_instances": {
						"aspas": {
							"texture": "utilitycraft_wind_turbine",
							"render_method": "alpha_test"
						},
						"*": {
							"texture": "utilitycraft_expert_wind_turbine_on",
							"render_method": "alpha_test"
						}
					},
					"minecraft:light_emission": 4
				}
			}
		]
	}
}