{
    "format_version": "1.20.0",
    "minecraft:item": {
        "description": {
            "identifier": "utilitycraft:bag_of_red_dye",
            "category": "Nature",
            "menu_category": {
                "category": "nature",
                "group": "itemGroup.name.nature"
            }
        },
        "components": {
            "minecraft:icon": {
                "texture": "utilitycraft_bag_of_red_dye"
            },
            "minecraft:max_stack_size": 64,
            "minecraft:use_duration": 0,
            "minecraft:foil": false
        }
    }
}